HRC_bestinc_10000:MyLog	R(2,10000,4,0,0.5,0)	2	10000	4	0	INC_SM_ECC_MAX_0.2_1000	OPTIMAL	2.8830144220836242	2.8833021919143245	450.852	-1	1	1000
HRC_bestinc_10000:MyLog	R(3,10000,4,0,0.5,0)	3	10000	4	0	INC_SM_ECC_MAX_0.391_1000	OPTIMAL	5.5082767129701455	5.508827540093374	640.405	-1	1	1000
HRC_bestinc_10000:MyLog	R(5,10000,4,0,0.5,0)	5	10000	4	0	INC_SM_ECC_MAX_0.719_1000	OPTIMAL	8.611285728500764	8.612141206972034	1715.784	-1	1	1000
HRC_bestinc_10000:MyLog	R(2,10000,4,0,0.5,0)	2	10000	4	0	INC_SM_ECC_MAX_0.2_500	OPTIMAL	2.8830189751407067	2.8833021919143245	55.2	-1	1	500
HRC_bestinc_10000:MyLog	R(3,10000,4,0,0.5,0)	3	10000	4	0	INC_SM_ECC_MAX_0.391_500	OPTIMAL	5.508286541441947	5.508827540093374	89.725	-1	1	500
HRC_bestinc_10000:MyLog	R(5,10000,4,0,0.5,0)	5	10000	4	0	INC_SM_ECC_MAX_0.719_500	OPTIMAL	8.611283177267815	8.612141206972034	274.562	-1	1	500
HRC_bestinc_10000:MyLog	R(2,10000,4,0,0.5,0)	2	10000	4	0	INC_SM_ECC_MAX_0.2_200	OPTIMAL	2.8830151687152457	2.8833021919143245	12.016	-1	1	200
HRC_bestinc_10000:MyLog	R(3,10000,4,0,0.5,0)	3	10000	4	0	INC_SM_ECC_MAX_0.391_200	OPTIMAL	5.5082777086603345	5.508827540093374	45.595	-1	1	200
HRC_bestinc_10000:MyLog	R(5,10000,4,0,0.5,0)	5	10000	4	0	INC_SM_ECC_MAX_0.719_200	FEASIBLE	8.611271981056241	8.612141206972032	1801.064	-1	15	200
HRC_bestinc_10000:MyLog	R(2,10000,4,0,0.5,0)	2	10000	4	0	INC_SM_ECC_MAX_0.2_100	OPTIMAL	2.8830352204588325	2.8833021919143245	5.344	-1	1	100
HRC_bestinc_10000:MyLog	R(3,10000,4,0,0.5,0)	3	10000	4	0	INC_SM_ECC_MAX_0.391_100	OPTIMAL	5.508277711552455	5.508827540093374	13.562	-1	1	100
HRC_bestinc_10000:MyLog	R(5,10000,4,0,0.5,0)	5	10000	4	0	INC_SM_ECC_MAX_0.719_100	FEASIBLE	8.610712614903733	8.612141206972034	1801.567	-1	7	363
HRC_bestinc_10000:MyLog	R(3,10000,4,0,0.5,0)	3	10000	4	0	INC_SM_DIST_SUM_0.391_1000	FEASIBLE	5.506511255782957	5.509940240966072	1806.756	-1	2	1046
HRC_bestinc_10000:MyLog	R(5,10000,4,0,0.5,0)	5	10000	4	0	INC_SM_DIST_SUM_0.719_1000	FEASIBLE	8.306447415648062	8.612749106324785	1818.183	-1	1	1021
HRC_bestinc_10000:MyLog	R(2,10000,4,0,0.5,0)	2	10000	4	0	INC_SM_DIST_SUM_0.2_500	OPTIMAL	2.883021277158094	2.8833021919143245	322.365	-1	5	521
HRC_bestinc_10000:MyLog	R(3,10000,4,0,0.5,0)	3	10000	4	0	INC_SM_DIST_SUM_0.391_500	OPTIMAL	5.508281416740043	5.508827540093374	921.631	-1	7	587
HRC_bestinc_10000:MyLog	R(5,10000,4,0,0.5,0)	5	10000	4	0	INC_SM_DIST_SUM_0.719_500	FEASIBLE	8.609451009356928	8.612367581594423	1802.991	-1	5	629
HRC_bestinc_10000:MyLog	R(2,10000,4,0,0.5,0)	2	10000	4	0	INC_SM_DIST_SUM_0.2_200	OPTIMAL	2.883015754007828	2.8833021919143245	677.789	-1	8	625
HRC_bestinc_10000:MyLog	R(3,10000,4,0,0.5,0)	3	10000	4	0	INC_SM_DIST_SUM_0.391_200	OPTIMAL	5.5082768572893	5.508827540093374	529.004	-1	8	366
HRC_bestinc_10000:MyLog	R(5,10000,4,0,0.5,0)	5	10000	4	0	INC_SM_DIST_SUM_0.719_200	OPTIMAL	8.61128067383689	8.612141206972034	1491.437	-1	7	476
HRC_bestinc_10000:MyLog	R(2,10000,4,0,0.5,0)	2	10000	4	0	INC_SM_DIST_SUM_0.2_100	OPTIMAL	2.8830160520672043	2.8833021919143245	184.464	-1	8	329
HRC_bestinc_10000:MyLog	R(3,10000,4,0,0.5,0)	3	10000	4	0	INC_SM_DIST_SUM_0.391_100	OPTIMAL	5.508277289833983	5.508827540093374	478.001	-1	8	374
HRC_bestinc_10000:MyLog	R(5,10000,4,0,0.5,0)	5	10000	4	0	INC_SM_DIST_SUM_0.719_100	OPTIMAL	8.61128041399454	8.612141206972034	1557.347	-1	9	494
HRC_bestinc_10000:MyLog	R(2,10000,4,0,0.5,1)	2	10000	4	0	INC_SM_ECC_MAX_0.2_1000	OPTIMAL	3.9976592812114506	3.99765928121145	309.726	-1	1	1000
HRC_bestinc_10000:MyLog	R(3,10000,4,0,0.5,1)	3	10000	4	0	INC_SM_ECC_MAX_0.391_1000	OPTIMAL	5.2140508215244745	5.214569474868744	799.441	-1	1	1000
HRC_bestinc_10000:MyLog	R(5,10000,4,0,0.5,1)	5	10000	4	0	INC_SM_ECC_MAX_0.719_1000	FEASIBLE	8.634200059702353	8.691065861353302	1804.184	-1	1	1000
HRC_bestinc_10000:MyLog	R(2,10000,4,0,0.5,1)	2	10000	4	0	INC_SM_ECC_MAX_0.2_500	OPTIMAL	3.997353953728989	3.9976592812114506	38.626	-1	1	500
HRC_bestinc_10000:MyLog	R(3,10000,4,0,0.5,1)	3	10000	4	0	INC_SM_ECC_MAX_0.391_500	OPTIMAL	5.214050344983932	5.214569474868744	126.699	-1	1	500
HRC_bestinc_10000:MyLog	R(5,10000,4,0,0.5,1)	5	10000	4	0	INC_SM_ECC_MAX_0.719_500	OPTIMAL	8.690200005961666	8.691065861353302	195.742	-1	1	500
HRC_bestinc_10000:MyLog	R(2,10000,4,0,0.5,1)	2	10000	4	0	INC_SM_ECC_MAX_0.2_200	OPTIMAL	3.9976592812114493	3.99765928121145	5.251	-1	1	200
HRC_bestinc_10000:MyLog	R(3,10000,4,0,0.5,1)	3	10000	4	0	INC_SM_ECC_MAX_0.391_200	OPTIMAL	5.214049120057443	5.214569474868744	7.827	-1	1	200
HRC_bestinc_10000:MyLog	R(5,10000,4,0,0.5,1)	5	10000	4	0	INC_SM_ECC_MAX_0.719_200	OPTIMAL	8.69019702153814	8.691065861353302	64.957	-1	1	200
HRC_bestinc_10000:MyLog	R(2,10000,4,0,0.5,1)	2	10000	4	0	INC_SM_ECC_MAX_0.2_100	OPTIMAL	3.99765928121145	3.9976592812114506	3.005	-1	1	100
HRC_bestinc_10000:MyLog	R(3,10000,4,0,0.5,1)	3	10000	4	0	INC_SM_ECC_MAX_0.391_100	OPTIMAL	5.214088618392486	5.214569474868744	4.11	-1	1	100
HRC_bestinc_10000:MyLog	R(5,10000,4,0,0.5,1)	5	10000	4	0	INC_SM_ECC_MAX_0.719_100	OPTIMAL	8.690208449528786	8.691065861353302	13.447	-1	1	100
HRC_bestinc_10000:MyLog	R(2,10000,4,0,0.5,1)	2	10000	4	0	INC_SM_DIST_SUM_0.2_1000	OPTIMAL	3.9976592812114493	3.99765928121145	275.289	-1	1	1000
HRC_bestinc_10000:MyLog	R(2,10000,4,0,0.5,1)	2	10000	4	0	INC_SM_DIST_SUM_0.2_500	OPTIMAL	3.9972886765971665	3.99765928121145	46.347	-1	1	500
HRC_bestinc_10000:MyLog	R(3,10000,4,0,0.5,1)	3	10000	4	0	INC_SM_DIST_SUM_0.391_500	OPTIMAL	5.214051880542235	5.214569474868744	1060.627	-1	9	547
HRC_bestinc_10000:MyLog	R(2,10000,4,0,0.5,1)	2	10000	4	0	INC_SM_DIST_SUM_0.2_200	OPTIMAL	3.997465527901812	3.99765928121145	5.752	-1	1	200
HRC_bestinc_10000:MyLog	R(3,10000,4,0,0.5,1)	3	10000	4	0	INC_SM_DIST_SUM_0.391_200	OPTIMAL	5.214397032723075	5.214569474868744	187.947	-1	11	320
HRC_bestinc_10000:MyLog	R(5,10000,4,0,0.5,1)	5	10000	4	0	INC_SM_DIST_SUM_0.719_200	FEASIBLE	8.6889723888103	8.691557337951659	1802.535	-1	11	540
HRC_bestinc_10000:MyLog	R(2,10000,4,0,0.5,1)	2	10000	4	0	INC_SM_DIST_SUM_0.2_100	OPTIMAL	3.9976592812114493	3.99765928121145	3.116	-1	1	100
HRC_bestinc_10000:MyLog	R(3,10000,4,0,0.5,1)	3	10000	4	0	INC_SM_DIST_SUM_0.391_100	OPTIMAL	5.214058989942346	5.214569474868744	279.188	-1	14	341
HRC_bestinc_10000:MyLog	R(2,10000,4,0,0.5,2)	2	10000	4	0	INC_SM_ECC_MAX_0.2_1000	OPTIMAL	2.889575661181256	2.88984770560415	358.472	-1	1	1000
HRC_bestinc_10000:MyLog	R(3,10000,4,0,0.5,2)	3	10000	4	0	INC_SM_ECC_MAX_0.391_1000	OPTIMAL	5.735296167443315	5.735866724259733	726.019	-1	1	1000
HRC_bestinc_10000:MyLog	R(5,10000,4,0,0.5,2)	5	10000	4	0	INC_SM_ECC_MAX_0.719_1000	OPTIMAL	9.992174934233299	9.992746884899363	906.139	-1	1	1000
HRC_bestinc_10000:MyLog	R(2,10000,4,0,0.5,2)	2	10000	4	0	INC_SM_ECC_MAX_0.2_500	OPTIMAL	2.889558929539872	2.88984770560415	52.229	-1	1	500
HRC_bestinc_10000:MyLog	R(3,10000,4,0,0.5,2)	3	10000	4	0	INC_SM_ECC_MAX_0.391_500	OPTIMAL	5.7355132309164025	5.736086649507204	125.774	-1	1	500
HRC_bestinc_10000:MyLog	R(5,10000,4,0,0.5,2)	5	10000	4	0	INC_SM_ECC_MAX_0.719_500	OPTIMAL	9.991983621378598	9.992746884899363	140.946	-1	1	500
HRC_bestinc_10000:MyLog	R(2,10000,4,0,0.5,2)	2	10000	4	0	INC_SM_ECC_MAX_0.2_200	OPTIMAL	2.8895612227239584	2.88984770560415	11.316	-1	1	200
HRC_bestinc_10000:MyLog	R(3,10000,4,0,0.5,2)	3	10000	4	0	INC_SM_ECC_MAX_0.391_200	OPTIMAL	5.73531914021221	5.735891619981913	37.401	-1	1	200
HRC_bestinc_10000:MyLog	R(5,10000,4,0,0.5,2)	5	10000	4	0	INC_SM_ECC_MAX_0.719_200	OPTIMAL	9.991968671487207	9.992746884899363	13.698	-1	1	200
HRC_bestinc_10000:MyLog	R(2,10000,4,0,0.5,2)	2	10000	4	0	INC_SM_ECC_MAX_0.2_100	OPTIMAL	2.8895718719092494	2.88984770560415	3.682	-1	1	100
HRC_bestinc_10000:MyLog	R(3,10000,4,0,0.5,2)	3	10000	4	0	INC_SM_ECC_MAX_0.391_100	OPTIMAL	5.735344661802425	5.735866724259733	16.729	-1	2	200
HRC_bestinc_10000:MyLog	R(5,10000,4,0,0.5,2)	5	10000	4	0	INC_SM_ECC_MAX_0.719_100	OPTIMAL	9.992746884899363	9.992746884899365	7.347	-1	1	100
HRC_bestinc_10000:MyLog	R(2,10000,4,0,0.5,2)	2	10000	4	0	INC_SM_DIST_SUM_0.2_1000	OPTIMAL	2.8895651517326137	2.88984770560415	684.194	-1	2	1004
HRC_bestinc_10000:MyLog	R(5,10000,4,0,0.5,2)	5	10000	4	0	INC_SM_DIST_SUM_0.719_1000	OPTIMAL	9.991943609694891	9.992746884899363	794.929	-1	1	1000
HRC_bestinc_10000:MyLog	R(2,10000,4,0,0.5,2)	2	10000	4	0	INC_SM_DIST_SUM_0.2_500	OPTIMAL	2.889563590868604	2.88984770560415	183.4	-1	3	511
HRC_bestinc_10000:MyLog	R(3,10000,4,0,0.5,2)	3	10000	4	0	INC_SM_DIST_SUM_0.391_500	OPTIMAL	5.735295589697413	5.735866724259733	675.606	-1	5	559
HRC_bestinc_10000:MyLog	R(5,10000,4,0,0.5,2)	5	10000	4	0	INC_SM_DIST_SUM_0.719_500	OPTIMAL	9.992502919945455	9.992746884899365	137.411	-1	1	500
HRC_bestinc_10000:MyLog	R(2,10000,4,0,0.5,2)	2	10000	4	0	INC_SM_DIST_SUM_0.2_200	OPTIMAL	2.8895683360544133	2.88984770560415	284.536	-1	5	621
HRC_bestinc_10000:MyLog	R(3,10000,4,0,0.5,2)	3	10000	4	0	INC_SM_DIST_SUM_0.391_200	OPTIMAL	5.735293533385712	5.735866724259733	144.961	-1	4	341
HRC_bestinc_10000:MyLog	R(5,10000,4,0,0.5,2)	5	10000	4	0	INC_SM_DIST_SUM_0.719_200	OPTIMAL	9.991759498879498	9.992746884899363	58.774	-1	2	277
HRC_bestinc_10000:MyLog	R(2,10000,4,0,0.5,2)	2	10000	4	0	INC_SM_DIST_SUM_0.2_100	OPTIMAL	2.8895664877356144	2.88984770560415	89.747	-1	6	328
HRC_bestinc_10000:MyLog	R(3,10000,4,0,0.5,2)	3	10000	4	0	INC_SM_DIST_SUM_0.391_100	OPTIMAL	5.7352939929499	5.735866724259733	290.563	-1	6	416
HRC_bestinc_10000:MyLog	R(5,10000,4,0,0.5,2)	5	10000	4	0	INC_SM_DIST_SUM_0.719_100	OPTIMAL	9.992474764649424	9.992746884899365	16.632	-1	2	200
HRC_bestinc_10000:MyLog	R(2,10000,4,0,0.5,3)	2	10000	4	0	INC_SM_ECC_MAX_0.2_1000	OPTIMAL	2.7670469657281815	2.767321116192421	336.311	-1	1	1000
HRC_bestinc_10000:MyLog	R(3,10000,4,0,0.5,3)	3	10000	4	0	INC_SM_ECC_MAX_0.391_1000	OPTIMAL	4.007113037408886	4.00751230156074	559.096	-1	1	1000
HRC_bestinc_10000:MyLog	R(5,10000,4,0,0.5,3)	5	10000	4	0	INC_SM_ECC_MAX_0.719_1000	OPTIMAL	9.503163338494762	9.504110168575957	1684.421	-1	1	1000
HRC_bestinc_10000:MyLog	R(2,10000,4,0,0.5,3)	2	10000	4	0	INC_SM_ECC_MAX_0.2_500	OPTIMAL	2.7670462060003307	2.767321116192421	55.197	-1	1	500
HRC_bestinc_10000:MyLog	R(3,10000,4,0,0.5,3)	3	10000	4	0	INC_SM_ECC_MAX_0.391_500	OPTIMAL	4.007117011267943	4.00751230156074	94.211	-1	1	500
HRC_bestinc_10000:MyLog	R(5,10000,4,0,0.5,3)	5	10000	4	0	INC_SM_ECC_MAX_0.719_500	OPTIMAL	9.503337358501678	9.50428601887264	220.041	-1	1	500
HRC_bestinc_10000:MyLog	R(2,10000,4,0,0.5,3)	2	10000	4	0	INC_SM_ECC_MAX_0.2_200	OPTIMAL	2.767134192155647	2.7674092812260196	9.896	-1	1	200
HRC_bestinc_10000:MyLog	R(3,10000,4,0,0.5,3)	3	10000	4	0	INC_SM_ECC_MAX_0.391_200	OPTIMAL	4.007111723993306	4.00751230156074	20.775	-1	1	200
HRC_bestinc_10000:MyLog	R(5,10000,4,0,0.5,3)	5	10000	4	0	INC_SM_ECC_MAX_0.719_200	OPTIMAL	9.503270251713133	9.50421908024114	104.854	-1	1	200
HRC_bestinc_10000:MyLog	R(2,10000,4,0,0.5,3)	2	10000	4	0	INC_SM_ECC_MAX_0.2_100	OPTIMAL	2.7670527718233817	2.767321116192421	5.094	-1	1	100
HRC_bestinc_10000:MyLog	R(3,10000,4,0,0.5,3)	3	10000	4	0	INC_SM_ECC_MAX_0.391_100	OPTIMAL	4.007113540432286	4.007513082287148	8.851	-1	1	100
HRC_bestinc_10000:MyLog	R(5,10000,4,0,0.5,3)	5	10000	4	0	INC_SM_ECC_MAX_0.719_100	FEASIBLE	9.502173640154268	9.504110168575957	1803.035	-1	8	547
HRC_bestinc_10000:MyLog	R(2,10000,4,0,0.5,3)	2	10000	4	0	INC_SM_DIST_SUM_0.2_1000	OPTIMAL	2.76704816074267	2.767321116192421	747.573	-1	2	1002
HRC_bestinc_10000:MyLog	R(2,10000,4,0,0.5,3)	2	10000	4	0	INC_SM_DIST_SUM_0.2_500	OPTIMAL	2.7670531189054897	2.767321116192421	282.864	-1	5	514
HRC_bestinc_10000:MyLog	R(3,10000,4,0,0.5,3)	3	10000	4	0	INC_SM_DIST_SUM_0.391_500	OPTIMAL	4.00712444216417	4.00751230156074	478.573	-1	4	535
HRC_bestinc_10000:MyLog	R(2,10000,4,0,0.5,3)	2	10000	4	0	INC_SM_DIST_SUM_0.2_200	OPTIMAL	2.7670445480070134	2.767321116192421	62.136	-1	6	220
HRC_bestinc_10000:MyLog	R(3,10000,4,0,0.5,3)	3	10000	4	0	INC_SM_DIST_SUM_0.391_200	OPTIMAL	4.007112608974651	4.00751230156074	151.827	-1	5	293
HRC_bestinc_10000:MyLog	R(5,10000,4,0,0.5,3)	5	10000	4	0	INC_SM_DIST_SUM_0.719_200	OPTIMAL	9.503167527253867	9.504110168575957	1565.995	-1	7	534
HRC_bestinc_10000:MyLog	R(2,10000,4,0,0.5,3)	2	10000	4	0	INC_SM_DIST_SUM_0.2_100	OPTIMAL	2.767047370855807	2.767321116192421	18.077	-1	6	123
HRC_bestinc_10000:MyLog	R(3,10000,4,0,0.5,3)	3	10000	4	0	INC_SM_DIST_SUM_0.391_100	OPTIMAL	4.007111771826215	4.00751230156074	143.54	-1	5	344
HRC_bestinc_10000:MyLog	R(5,10000,4,0,0.5,3)	5	10000	4	0	INC_SM_DIST_SUM_0.719_100	FEASIBLE	9.503335628633081	9.50428601887264	1803.378	-1	11	509
HRC_bestinc_10000:MyLog	R(2,10000,4,0,0.5,4)	2	10000	4	0	INC_SM_ECC_MAX_0.2_1000	OPTIMAL	2.9143729267472547	2.914654996341386	346.309	-1	1	1000
HRC_bestinc_10000:MyLog	R(3,10000,4,0,0.5,4)	3	10000	4	0	INC_SM_ECC_MAX_0.391_1000	OPTIMAL	5.234349630322124	5.234868493849841	573.319	-1	1	1000
HRC_bestinc_10000:MyLog	R(2,10000,4,0,0.5,4)	2	10000	4	0	INC_SM_ECC_MAX_0.2_500	OPTIMAL	2.914395021608191	2.914654996341386	49.066	-1	1	500
HRC_bestinc_10000:MyLog	R(3,10000,4,0,0.5,4)	3	10000	4	0	INC_SM_ECC_MAX_0.391_500	OPTIMAL	5.234347921588462	5.234868493849841	256.081	-1	2	500
HRC_bestinc_10000:MyLog	R(5,10000,4,0,0.5,4)	5	10000	4	0	INC_SM_ECC_MAX_0.719_500	OPTIMAL	9.469920118421019	9.47086603962613	220.739	-1	1	500
HRC_bestinc_10000:MyLog	R(2,10000,4,0,0.5,4)	2	10000	4	0	INC_SM_ECC_MAX_0.2_200	OPTIMAL	2.9143643629763676	2.914654996341386	11.652	-1	1	200
HRC_bestinc_10000:MyLog	R(3,10000,4,0,0.5,4)	3	10000	4	0	INC_SM_ECC_MAX_0.391_200	OPTIMAL	5.234345421156859	5.234868493849841	36.843	-1	1	200
HRC_bestinc_10000:MyLog	R(5,10000,4,0,0.5,4)	5	10000	4	0	INC_SM_ECC_MAX_0.719_200	OPTIMAL	9.469856575788107	9.47080164421731	92.264	-1	1	200
HRC_bestinc_10000:MyLog	R(2,10000,4,0,0.5,4)	2	10000	4	0	INC_SM_ECC_MAX_0.2_100	OPTIMAL	2.914366912634586	2.914654996341386	4.81	-1	1	100
HRC_bestinc_10000:MyLog	R(3,10000,4,0,0.5,4)	3	10000	4	0	INC_SM_ECC_MAX_0.391_100	OPTIMAL	5.23434919412923	5.234868493849841	13.282	-1	1	100
HRC_bestinc_10000:MyLog	R(5,10000,4,0,0.5,4)	5	10000	4	0	INC_SM_ECC_MAX_0.719_100	OPTIMAL	9.469856188431311	9.47080164421731	1004.55	-1	8	426
HRC_bestinc_10000:MyLog	R(2,10000,4,0,0.5,4)	2	10000	4	0	INC_SM_DIST_SUM_0.2_1000	OPTIMAL	2.914387356321015	2.914654996341386	712.652	-1	2	1002
HRC_bestinc_10000:MyLog	R(2,10000,4,0,0.5,4)	2	10000	4	0	INC_SM_DIST_SUM_0.2_500	OPTIMAL	2.9143651598673763	2.914654996341386	111.299	-1	2	506
HRC_bestinc_10000:MyLog	R(3,10000,4,0,0.5,4)	3	10000	4	0	INC_SM_DIST_SUM_0.391_500	OPTIMAL	5.234352970705517	5.234868493849841	599.968	-1	6	542
HRC_bestinc_10000:MyLog	R(5,10000,4,0,0.5,4)	5	10000	4	0	INC_SM_DIST_SUM_0.719_500	OPTIMAL	9.469855510422043	9.47080164421731	1678.422	-1	6	611
HRC_bestinc_10000:MyLog	R(2,10000,4,0,0.5,4)	2	10000	4	0	INC_SM_DIST_SUM_0.2_200	OPTIMAL	2.914404479691303	2.914654996341386	124.239	-1	4	412
HRC_bestinc_10000:MyLog	R(3,10000,4,0,0.5,4)	3	10000	4	0	INC_SM_DIST_SUM_0.391_200	OPTIMAL	5.234345967083115	5.234868493849841	494.569	-1	10	363
HRC_bestinc_10000:MyLog	R(5,10000,4,0,0.5,4)	5	10000	4	0	INC_SM_DIST_SUM_0.719_200	OPTIMAL	9.469855140249932	9.47080164421731	1295.821	-1	8	435
HRC_bestinc_10000:MyLog	R(2,10000,4,0,0.5,4)	2	10000	4	0	INC_SM_DIST_SUM_0.2_100	OPTIMAL	2.914363614928259	2.914654996341386	52.58	-1	6	250
HRC_bestinc_10000:MyLog	R(3,10000,4,0,0.5,4)	3	10000	4	0	INC_SM_DIST_SUM_0.391_100	OPTIMAL	5.2343464892528	5.23486849384984	341.228	-1	11	299
HRC_bestinc_10000:MyLog	R(5,10000,4,0,0.5,4)	5	10000	4	0	INC_SM_DIST_SUM_0.719_100	OPTIMAL	9.469854942718564	9.47080164421731	935.448	-1	8	472
HRC_bestinc_10000:MyLog	R(2,10000,6,0,0.5,0)	2	10000	6	0	INC_SM_ECC_MAX_0.2_1000	FEASIBLE	3.656210147099679	3.9168027187416463	1802.909	-1	1	1000
HRC_bestinc_10000:MyLog	R(3,10000,6,0,0.5,0)	3	10000	6	0	INC_SM_ECC_MAX_0.391_1000	FEASIBLE	5.394089306946278	6.555172931360268	1804.185	-1	1	1000
HRC_bestinc_10000:MyLog	R(2,10000,6,0,0.5,0)	2	10000	6	0	INC_SM_ECC_MAX_0.2_500	FEASIBLE	1.9652889117595962	3.9166727165028368	1801.776	-1	1	500
HRC_bestinc_10000:MyLog	R(3,10000,6,0,0.5,0)	3	10000	6	0	INC_SM_ECC_MAX_0.391_500	FEASIBLE	6.428277632505578	6.555172931360268	1802.254	-1	1	500
HRC_bestinc_10000:MyLog	R(5,10000,6,0,0.5,0)	5	10000	6	0	INC_SM_ECC_MAX_0.719_500	FEASIBLE	9.42884813063743	9.874121417507338	1802.985	-1	1	500
HRC_bestinc_10000:MyLog	R(2,10000,6,0,0.5,0)	2	10000	6	0	INC_SM_ECC_MAX_0.2_200	FEASIBLE	2.672281298539496	3.9168027187416463	1810.223	-1	1	200
HRC_bestinc_10000:MyLog	R(3,10000,6,0,0.5,0)	3	10000	6	0	INC_SM_ECC_MAX_0.391_200	FEASIBLE	6.553234207422371	6.5548075936467445	1801.029	-1	3	302
HRC_bestinc_10000:MyLog	R(5,10000,6,0,0.5,0)	5	10000	6	0	INC_SM_ECC_MAX_0.719_200	FEASIBLE	5.767810250483232	9.875117634583717	1802.305	-1	1	317
HRC_bestinc_10000:MyLog	R(2,10000,6,0,0.5,0)	2	10000	6	0	INC_SM_ECC_MAX_0.2_100	FEASIBLE	3.837846029910526	3.9165936684187996	1826.838	-1	2	300
HRC_bestinc_10000:MyLog	R(3,10000,6,0,0.5,0)	3	10000	6	0	INC_SM_ECC_MAX_0.391_100	FEASIBLE	4.9537462828264	6.555638939951235	1817.585	-1	1	200
HRC_bestinc_10000:MyLog	R(5,10000,6,0,0.5,0)	5	10000	6	0	INC_SM_ECC_MAX_0.719_100	FEASIBLE	8.569080396358814	9.875316537226007	1816.113	-1	1	200
HRC_bestinc_10000:MyLog	R(2,10000,6,0,0.5,0)	2	10000	6	0	INC_SM_DIST_SUM_0.2_1000	FEASIBLE	3.60184145978993	3.917342086347871	1803.521	-1	1	1004
HRC_bestinc_10000:MyLog	R(3,10000,6,0,0.5,0)	3	10000	6	0	INC_SM_DIST_SUM_0.391_1000	FEASIBLE	5.398070778942757	6.556418252494755	1805.423	-1	1	1015
HRC_bestinc_10000:MyLog	R(2,10000,6,0,0.5,0)	2	10000	6	0	INC_SM_DIST_SUM_0.2_500	FEASIBLE	3.8636882621537194	3.917542904308897	1804.936	-1	2	1009
HRC_bestinc_10000:MyLog	R(3,10000,6,0,0.5,0)	3	10000	6	0	INC_SM_DIST_SUM_0.391_500	FEASIBLE	6.48706054321948	6.555964725412386	1807.288	-1	1	524
HRC_bestinc_10000:MyLog	R(5,10000,6,0,0.5,0)	5	10000	6	0	INC_SM_DIST_SUM_0.719_500	FEASIBLE	9.390434383730586	9.876203274238172	1813.685	-1	1	617
HRC_bestinc_10000:MyLog	R(2,10000,6,0,0.5,0)	2	10000	6	0	INC_SM_DIST_SUM_0.2_200	FEASIBLE	3.5447153303258108	3.9195871077265423	1802.389	-1	1	400
HRC_bestinc_10000:MyLog	R(3,10000,6,0,0.5,0)	3	10000	6	0	INC_SM_DIST_SUM_0.391_200	FEASIBLE	6.5383857131616985	6.556454565583097	1803.544	-1	2	291
HRC_bestinc_10000:MyLog	R(5,10000,6,0,0.5,0)	5	10000	6	0	INC_SM_DIST_SUM_0.719_200	FEASIBLE	7.023880265806799	9.875822088374802	1804.898	-1	1	396
HRC_bestinc_10000:MyLog	R(2,10000,6,0,0.5,0)	2	10000	6	0	INC_SM_DIST_SUM_0.2_100	FEASIBLE	3.6890951382310635	3.918878668059433	1802.762	-1	3	305
HRC_bestinc_10000:MyLog	R(3,10000,6,0,0.5,0)	3	10000	6	0	INC_SM_DIST_SUM_0.391_100	FEASIBLE	5.3421679618949796	6.556628144786478	1822.443	-1	1	200
HRC_bestinc_10000:MyLog	R(5,10000,6,0,0.5,0)	5	10000	6	0	INC_SM_DIST_SUM_0.719_100	FEASIBLE	8.26195612130922	9.875810838084679	1810.593	-1	1	200
HRC_bestinc_10000:MyLog	R(2,10000,6,0,0.5,1)	2	10000	6	0	INC_SM_ECC_MAX_0.2_1000	FEASIBLE	3.210276423183695	4.232771634463697	1802.043	-1	1	1000
HRC_bestinc_10000:MyLog	R(3,10000,6,0,0.5,1)	3	10000	6	0	INC_SM_ECC_MAX_0.391_1000	FEASIBLE	4.77735605770023	5.859240441300904	1804.292	-1	1	1000
HRC_bestinc_10000:MyLog	R(2,10000,6,0,0.5,1)	2	10000	6	0	INC_SM_ECC_MAX_0.2_500	FEASIBLE	1.8748005374802512	4.232771634463697	1801.436	-1	1	500
HRC_bestinc_10000:MyLog	R(3,10000,6,0,0.5,1)	3	10000	6	0	INC_SM_ECC_MAX_0.391_500	FEASIBLE	3.206847249720209	5.859240441300904	1802.397	-1	1	500
HRC_bestinc_10000:MyLog	R(5,10000,6,0,0.5,1)	5	10000	6	0	INC_SM_ECC_MAX_0.719_500	FEASIBLE	9.252945131009774	10.0584194603623	1803.25	-1	1	500
HRC_bestinc_10000:MyLog	R(2,10000,6,0,0.5,1)	2	10000	6	0	INC_SM_ECC_MAX_0.2_200	OPTIMAL	4.232348607360204	4.232771634463697	488.863	-1	1	200
HRC_bestinc_10000:MyLog	R(3,10000,6,0,0.5,1)	3	10000	6	0	INC_SM_ECC_MAX_0.391_200	FEASIBLE	4.094768750719681	5.859240441300904	1806.404	-1	1	200
HRC_bestinc_10000:MyLog	R(5,10000,6,0,0.5,1)	5	10000	6	0	INC_SM_ECC_MAX_0.719_200	FEASIBLE	10.022239300063607	10.05833706708892	1801.699	-1	2	368
HRC_bestinc_10000:MyLog	R(2,10000,6,0,0.5,1)	2	10000	6	0	INC_SM_ECC_MAX_0.2_100	FEASIBLE	2.873094664053876	4.333504514350761	1833.285	-1	1	200
HRC_bestinc_10000:MyLog	R(3,10000,6,0,0.5,1)	3	10000	6	0	INC_SM_ECC_MAX_0.391_100	FEASIBLE	4.883636822472641	5.860006620803186	1814.068	-1	1	200
HRC_bestinc_10000:MyLog	R(5,10000,6,0,0.5,1)	5	10000	6	0	INC_SM_ECC_MAX_0.719_100	FEASIBLE	7.647166429311507	10.060502521898668	1815.12	-1	1	200
HRC_bestinc_10000:MyLog	R(2,10000,6,0,0.5,1)	2	10000	6	0	INC_SM_DIST_SUM_0.2_1000	FEASIBLE	3.8286142458821426	4.385017261896769	1804.583	-1	1	2000
HRC_bestinc_10000:MyLog	R(3,10000,6,0,0.5,1)	3	10000	6	0	INC_SM_DIST_SUM_0.391_1000	FEASIBLE	1.1795545536500844	5.860459654613158	1815.885	-1	1	1013
HRC_bestinc_10000:MyLog	R(2,10000,6,0,0.5,1)	2	10000	6	0	INC_SM_DIST_SUM_0.2_500	FEASIBLE	2.0335432639925557	4.385017261896769	1803.714	-1	1	1000
HRC_bestinc_10000:MyLog	R(3,10000,6,0,0.5,1)	3	10000	6	0	INC_SM_DIST_SUM_0.391_500	FEASIBLE	5.829207105563625	5.8599790567299275	1809.64	-1	1	551
HRC_bestinc_10000:MyLog	R(5,10000,6,0,0.5,1)	5	10000	6	0	INC_SM_DIST_SUM_0.719_500	FEASIBLE	9.526640484786272	10.060444831463451	1807.614	-1	1	539
HRC_bestinc_10000:MyLog	R(2,10000,6,0,0.5,1)	2	10000	6	0	INC_SM_DIST_SUM_0.2_200	FEASIBLE	4.035129740228187	4.233916674723856	1801.898	-1	4	807
HRC_bestinc_10000:MyLog	R(3,10000,6,0,0.5,1)	3	10000	6	0	INC_SM_DIST_SUM_0.391_200	FEASIBLE	5.847816115702723	5.858700107342153	1801.746	-1	4	388
HRC_bestinc_10000:MyLog	R(5,10000,6,0,0.5,1)	5	10000	6	0	INC_SM_DIST_SUM_0.719_200	FEASIBLE	6.754021272487987	10.061734639628304	1806.959	-1	1	338
HRC_bestinc_10000:MyLog	R(2,10000,6,0,0.5,1)	2	10000	6	0	INC_SM_DIST_SUM_0.2_100	FEASIBLE	4.014787251625217	4.234887575574706	1801.497	-1	5	511
HRC_bestinc_10000:MyLog	R(3,10000,6,0,0.5,1)	3	10000	6	0	INC_SM_DIST_SUM_0.391_100	FEASIBLE	5.802831149688455	5.860114907300011	1808.221	-1	2	298
HRC_bestinc_10000:MyLog	R(5,10000,6,0,0.5,1)	5	10000	6	0	INC_SM_DIST_SUM_0.719_100	FEASIBLE	7.92810282114151	10.061130494901755	1815.965	-1	1	200
HRC_bestinc_10000:MyLog	R(2,10000,6,0,0.5,2)	2	10000	6	0	INC_SM_ECC_MAX_0.2_1000	FEASIBLE	3.7256791738758235	3.8883601153607175	1802.658	-1	1	1000
HRC_bestinc_10000:MyLog	R(3,10000,6,0,0.5,2)	3	10000	6	0	INC_SM_ECC_MAX_0.391_1000	FEASIBLE	5.74669677197728	6.09592797210388	1804.3	-1	1	1000
HRC_bestinc_10000:MyLog	R(2,10000,6,0,0.5,2)	2	10000	6	0	INC_SM_ECC_MAX_0.2_500	OPTIMAL	3.8882000341203304	3.888588227958393	372.63	-1	1	500
HRC_bestinc_10000:MyLog	R(3,10000,6,0,0.5,2)	3	10000	6	0	INC_SM_ECC_MAX_0.391_500	FEASIBLE	3.0893269730593107	6.09592797210388	1802.49	-1	1	500
HRC_bestinc_10000:MyLog	R(5,10000,6,0,0.5,2)	5	10000	6	0	INC_SM_ECC_MAX_0.719_500	FEASIBLE	9.455141769279326	11.180610608113678	1802.929	-1	1	500
HRC_bestinc_10000:MyLog	R(2,10000,6,0,0.5,2)	2	10000	6	0	INC_SM_ECC_MAX_0.2_200	OPTIMAL	3.887971351980567	3.8883601153607175	143.246	-1	1	200
HRC_bestinc_10000:MyLog	R(3,10000,6,0,0.5,2)	3	10000	6	0	INC_SM_ECC_MAX_0.391_200	OPTIMAL	6.095150443681201	6.0957596915288645	725.198	-1	1	200
HRC_bestinc_10000:MyLog	R(5,10000,6,0,0.5,2)	5	10000	6	0	INC_SM_ECC_MAX_0.719_200	FEASIBLE	11.081454670860271	11.182349137673688	1801.669	-1	2	464
HRC_bestinc_10000:MyLog	R(2,10000,6,0,0.5,2)	2	10000	6	0	INC_SM_ECC_MAX_0.2_100	FEASIBLE	3.657279827409069	3.8883601153607175	1802.525	-1	1	100
HRC_bestinc_10000:MyLog	R(5,10000,6,0,0.5,2)	5	10000	6	0	INC_SM_ECC_MAX_0.719_100	FEASIBLE	7.688575019709569	11.182387596498028	1815.479	-1	1	200
HRC_bestinc_10000:MyLog	R(2,10000,6,0,0.5,2)	2	10000	6	0	INC_SM_DIST_SUM_0.2_1000	FEASIBLE	1.1586897910188028	3.8889263484861036	1803.542	-1	1	1001
HRC_bestinc_10000:MyLog	R(3,10000,6,0,0.5,2)	3	10000	6	0	INC_SM_DIST_SUM_0.391_1000	FEASIBLE	5.232567778637247	6.096846812958296	1817.233	-1	1	1014
HRC_bestinc_10000:MyLog	R(2,10000,6,0,0.5,2)	2	10000	6	0	INC_SM_DIST_SUM_0.2_500	FEASIBLE	2.054639773586846	3.890381155277198	1802.83	-1	1	506
HRC_bestinc_10000:MyLog	R(3,10000,6,0,0.5,2)	3	10000	6	0	INC_SM_DIST_SUM_0.391_500	FEASIBLE	6.088037963698952	6.0966943448401665	1804.433	-1	2	543
HRC_bestinc_10000:MyLog	R(5,10000,6,0,0.5,2)	5	10000	6	0	INC_SM_DIST_SUM_0.719_500	FEASIBLE	10.197758870036282	11.183011379305913	1812.061	-1	1	529
HRC_bestinc_10000:MyLog	R(2,10000,6,0,0.5,2)	2	10000	6	0	INC_SM_DIST_SUM_0.2_200	FEASIBLE	3.23376470211448	3.9643234004731536	1801.598	-1	1	400
HRC_bestinc_10000:MyLog	R(3,10000,6,0,0.5,2)	3	10000	6	0	INC_SM_DIST_SUM_0.391_200	FEASIBLE	6.079190019131929	6.096681057364636	1801.151	-1	3	385
HRC_bestinc_10000:MyLog	R(5,10000,6,0,0.5,2)	5	10000	6	0	INC_SM_DIST_SUM_0.719_200	FEASIBLE	11.144055854250729	11.182826946445216	1805.655	-1	2	412
HRC_bestinc_10000:MyLog	R(2,10000,6,0,0.5,2)	2	10000	6	0	INC_SM_DIST_SUM_0.2_100	FEASIBLE	3.559514780744473	3.929050220626828	1802.086	-1	2	300
HRC_bestinc_10000:MyLog	R(3,10000,6,0,0.5,2)	3	10000	6	0	INC_SM_DIST_SUM_0.391_100	FEASIBLE	5.930062636221702	6.09684933793965	1802.166	-1	1	200
HRC_bestinc_10000:MyLog	R(5,10000,6,0,0.5,2)	5	10000	6	0	INC_SM_DIST_SUM_0.719_100	FEASIBLE	8.959399652679762	11.183330759994952	1811.549	-1	1	200
HRC_bestinc_10000:MyLog	R(2,10000,6,0,0.5,3)	2	10000	6	0	INC_SM_ECC_MAX_0.2_1000	FEASIBLE	4.024956993948607	4.048180197187306	1802.156	-1	1	1000
HRC_bestinc_10000:MyLog	R(3,10000,6,0,0.5,3)	3	10000	6	0	INC_SM_ECC_MAX_0.391_1000	FEASIBLE	4.904616891666142	6.035974410437342	1803.996	-1	1	1000
HRC_bestinc_10000:MyLog	R(2,10000,6,0,0.5,3)	2	10000	6	0	INC_SM_ECC_MAX_0.2_500	OPTIMAL	4.047775690888683	4.048180197187306	482.65	-1	1	500
HRC_bestinc_10000:MyLog	R(3,10000,6,0,0.5,3)	3	10000	6	0	INC_SM_ECC_MAX_0.391_500	FEASIBLE	6.001229407401635	6.036069195174537	1802.645	-1	1	500
HRC_bestinc_10000:MyLog	R(5,10000,6,0,0.5,3)	5	10000	6	0	INC_SM_ECC_MAX_0.719_500	FEASIBLE	4.542538375365102	9.766427649682585	1803.113	-1	1	500
HRC_bestinc_10000:MyLog	R(2,10000,6,0,0.5,3)	2	10000	6	0	INC_SM_ECC_MAX_0.2_200	OPTIMAL	4.047776048332336	4.048180197187306	177.436	-1	1	200
HRC_bestinc_10000:MyLog	R(3,10000,6,0,0.5,3)	3	10000	6	0	INC_SM_ECC_MAX_0.391_200	FEASIBLE	6.035106856721649	6.035710422055964	1801.232	-1	2	200
HRC_bestinc_10000:MyLog	R(5,10000,6,0,0.5,3)	5	10000	6	0	INC_SM_ECC_MAX_0.719_200	FEASIBLE	9.72252281000176	9.767358347104988	1802.452	-1	2	448
HRC_bestinc_10000:MyLog	R(2,10000,6,0,0.5,3)	2	10000	6	0	INC_SM_ECC_MAX_0.2_100	FEASIBLE	3.8978901995226396	4.288499161577397	1801.17	-1	1	200
HRC_bestinc_10000:MyLog	R(3,10000,6,0,0.5,3)	3	10000	6	0	INC_SM_ECC_MAX_0.391_100	FEASIBLE	5.114295362609151	6.037421169656411	1814.506	-1	1	200
HRC_bestinc_10000:MyLog	R(5,10000,6,0,0.5,3)	5	10000	6	0	INC_SM_ECC_MAX_0.719_100	FEASIBLE	8.5096754132915	9.768729944487298	1812.823	-1	1	200
HRC_bestinc_10000:MyLog	R(2,10000,6,0,0.5,3)	2	10000	6	0	INC_SM_DIST_SUM_0.2_1000	FEASIBLE	3.9126706544043772	4.0490283142343575	1802.988	-1	1	1005
HRC_bestinc_10000:MyLog	R(3,10000,6,0,0.5,3)	3	10000	6	0	INC_SM_DIST_SUM_0.391_1000	FEASIBLE	4.919675381357535	6.036288303466971	1808.328	-1	1	1027
HRC_bestinc_10000:MyLog	R(2,10000,6,0,0.5,3)	2	10000	6	0	INC_SM_DIST_SUM_0.2_500	FEASIBLE	2.4135892846212	4.16927527773414	1801.852	-1	1	1000
HRC_bestinc_10000:MyLog	R(3,10000,6,0,0.5,3)	3	10000	6	0	INC_SM_DIST_SUM_0.391_500	FEASIBLE	5.981443143256784	6.036603209217495	1817.03	-1	1	531
HRC_bestinc_10000:MyLog	R(5,10000,6,0,0.5,3)	5	10000	6	0	INC_SM_DIST_SUM_0.719_500	FEASIBLE	8.850108979633976	9.769442498605061	1813.542	-1	1	564
HRC_bestinc_10000:MyLog	R(2,10000,6,0,0.5,3)	2	10000	6	0	INC_SM_DIST_SUM_0.2_200	FEASIBLE	3.7341601852244946	4.287588609144183	1803.303	-1	3	800
HRC_bestinc_10000:MyLog	R(3,10000,6,0,0.5,3)	3	10000	6	0	INC_SM_DIST_SUM_0.391_200	FEASIBLE	6.026275965604007	6.035710422055964	1801.801	-1	4	359
HRC_bestinc_10000:MyLog	R(5,10000,6,0,0.5,3)	5	10000	6	0	INC_SM_DIST_SUM_0.719_200	FEASIBLE	7.44104401798408	9.769442498605061	1803.256	-1	1	383
HRC_bestinc_10000:MyLog	R(2,10000,6,0,0.5,3)	2	10000	6	0	INC_SM_DIST_SUM_0.2_100	FEASIBLE	3.816154229880521	4.050842393403214	1801.725	-1	4	500
HRC_bestinc_10000:MyLog	R(3,10000,6,0,0.5,3)	3	10000	6	0	INC_SM_DIST_SUM_0.391_100	FEASIBLE	5.293717099412871	6.039085436572012	1807.182	-1	1	200
HRC_bestinc_10000:MyLog	R(5,10000,6,0,0.5,3)	5	10000	6	0	INC_SM_DIST_SUM_0.719_100	FEASIBLE	8.626278549426173	9.76851719095733	1805.125	-1	1	200
HRC_bestinc_10000:MyLog	R(2,10000,6,0,0.5,4)	2	10000	6	0	INC_SM_ECC_MAX_0.2_1000	FEASIBLE	4.3894436684386315	4.518665572132024	1802.821	-1	1	1000
HRC_bestinc_10000:MyLog	R(3,10000,6,0,0.5,4)	3	10000	6	0	INC_SM_ECC_MAX_0.391_1000	FEASIBLE	5.419748649936722	6.552373555796351	1804.187	-1	1	1000
HRC_bestinc_10000:MyLog	R(2,10000,6,0,0.5,4)	2	10000	6	0	INC_SM_ECC_MAX_0.2_500	OPTIMAL	4.51795563726579	4.5183667301075054	1083.275	-1	1	500
HRC_bestinc_10000:MyLog	R(3,10000,6,0,0.5,4)	3	10000	6	0	INC_SM_ECC_MAX_0.391_500	FEASIBLE	6.34681814920881	6.552373555796351	1801.604	-1	1	500
HRC_bestinc_10000:MyLog	R(5,10000,6,0,0.5,4)	5	10000	6	0	INC_SM_ECC_MAX_0.719_500	FEASIBLE	9.547789701738138	10.070187675024915	1803.177	-1	1	500
HRC_bestinc_10000:MyLog	R(2,10000,6,0,0.5,4)	2	10000	6	0	INC_SM_ECC_MAX_0.2_200	FEASIBLE	3.9188957122545096	4.518574629043527	1815.996	-1	1	200
HRC_bestinc_10000:MyLog	R(3,10000,6,0,0.5,4)	3	10000	6	0	INC_SM_ECC_MAX_0.391_200	OPTIMAL	6.551320510138435	6.55141237424628	379.32	-1	1	200
HRC_bestinc_10000:MyLog	R(5,10000,6,0,0.5,4)	5	10000	6	0	INC_SM_ECC_MAX_0.719_200	FEASIBLE	6.633212116484076	10.070880394697348	1802.093	-1	1	400
HRC_bestinc_10000:MyLog	R(2,10000,6,0,0.5,4)	2	10000	6	0	INC_SM_ECC_MAX_0.2_100	FEASIBLE	4.319047594247451	4.519050755975378	1801.07	-1	1	200
HRC_bestinc_10000:MyLog	R(3,10000,6,0,0.5,4)	3	10000	6	0	INC_SM_ECC_MAX_0.391_100	FEASIBLE	5.208969136509557	6.553244071750227	1818.309	-1	1	200
HRC_bestinc_10000:MyLog	R(5,10000,6,0,0.5,4)	5	10000	6	0	INC_SM_ECC_MAX_0.719_100	FEASIBLE	8.295047749486118	10.070780243262337	1811.118	-1	1	200
HRC_bestinc_10000:MyLog	R(2,10000,6,0,0.5,4)	2	10000	6	0	INC_SM_DIST_SUM_0.2_1000	FEASIBLE	4.3535044102870835	4.519385393164914	1805.696	-1	1	1006
HRC_bestinc_10000:MyLog	R(3,10000,6,0,0.5,4)	3	10000	6	0	INC_SM_DIST_SUM_0.391_1000	FEASIBLE	5.634665038950312	6.55505405940941	1808.947	-1	1	1016
HRC_bestinc_10000:MyLog	R(2,10000,6,0,0.5,4)	2	10000	6	0	INC_SM_DIST_SUM_0.2_500	FEASIBLE	4.455278683812931	4.519742761525805	1803.848	-1	2	1020
HRC_bestinc_10000:MyLog	R(3,10000,6,0,0.5,4)	3	10000	6	0	INC_SM_DIST_SUM_0.391_500	FEASIBLE	6.3868890433965095	6.555170126736039	1805.993	-1	1	524
HRC_bestinc_10000:MyLog	R(5,10000,6,0,0.5,4)	5	10000	6	0	INC_SM_DIST_SUM_0.719_500	FEASIBLE	9.810094325171207	10.071715014235767	1823.104	-1	1	596
HRC_bestinc_10000:MyLog	R(2,10000,6,0,0.5,4)	2	10000	6	0	INC_SM_DIST_SUM_0.2_200	FEASIBLE	4.511425921336747	4.519591313551199	1801.073	-1	4	469
HRC_bestinc_10000:MyLog	R(3,10000,6,0,0.5,4)	3	10000	6	0	INC_SM_DIST_SUM_0.391_200	FEASIBLE	6.534948164801309	6.554429783670481	1805.341	-1	3	345
HRC_bestinc_10000:MyLog	R(5,10000,6,0,0.5,4)	5	10000	6	0	INC_SM_DIST_SUM_0.719_200	FEASIBLE	9.984642344142728	10.071715014235767	1814.369	-1	2	543
HRC_bestinc_10000:MyLog	R(2,10000,6,0,0.5,4)	2	10000	6	0	INC_SM_DIST_SUM_0.2_100	FEASIBLE	4.516784785085442	4.5183667301075054	1800.997	-1	5	343
HRC_bestinc_10000:MyLog	R(3,10000,6,0,0.5,4)	3	10000	6	0	INC_SM_DIST_SUM_0.391_100	FEASIBLE	5.6990330160594365	6.556544952592316	1810.266	-1	1	200
HRC_bestinc_10000:MyLog	R(5,10000,6,0,0.5,4)	5	10000	6	0	INC_SM_DIST_SUM_0.719_100	FEASIBLE	8.131769376124721	10.071869409864457	1810.785	-1	1	200
HRC_bestinc_4000:MyLog	R(2,4000,4,0,0.5,0)	2	4000	4	0	INC_SM_ECC_MAX_0.2_800	OPTIMAL	2.878581216918054	2.8788643918891705	175.749	-1	1	800
HRC_bestinc_4000:MyLog	R(3,4000,4,0,0.5,0)	3	4000	4	0	INC_SM_ECC_MAX_0.391_800	OPTIMAL	5.503829564283143	5.50437749526526	304.509	-1	1	800
HRC_bestinc_4000:MyLog	R(5,4000,4,0,0.5,0)	5	4000	4	0	INC_SM_ECC_MAX_0.719_800	OPTIMAL	8.608480187782842	8.609339514889843	776.188	-1	1	800
HRC_bestinc_4000:MyLog	R(2,4000,4,0,0.5,0)	2	4000	4	0	INC_SM_ECC_MAX_0.2_400	OPTIMAL	2.878577400115983	2.8788643918891705	64.801	-1	1	400
HRC_bestinc_4000:MyLog	R(3,4000,4,0,0.5,0)	3	4000	4	0	INC_SM_ECC_MAX_0.391_400	OPTIMAL	5.5038348919354965	5.50437749526526	137.884	-1	1	400
HRC_bestinc_4000:MyLog	R(5,4000,4,0,0.5,0)	5	4000	4	0	INC_SM_ECC_MAX_0.719_400	OPTIMAL	8.607953060185144	8.608811053410598	528.868	-1	1	400
HRC_bestinc_4000:MyLog	R(2,4000,4,0,0.5,0)	2	4000	4	0	INC_SM_ECC_MAX_0.2_200	OPTIMAL	2.8785889282180497	2.8788643918891705	20.084	-1	1	200
HRC_bestinc_4000:MyLog	R(3,4000,4,0,0.5,0)	3	4000	4	0	INC_SM_ECC_MAX_0.391_200	OPTIMAL	5.503827256756431	5.50437749526526	35.071	-1	1	200
HRC_bestinc_4000:MyLog	R(5,4000,4,0,0.5,0)	5	4000	4	0	INC_SM_ECC_MAX_0.719_200	OPTIMAL	8.60847903779424	8.609339514889843	54.82	-1	1	200
HRC_bestinc_4000:MyLog	R(2,4000,4,0,0.5,0)	2	4000	4	0	INC_SM_ECC_MAX_0.2_80	OPTIMAL	2.87886439188917	2.8788643918891705	3.001	-1	1	80
HRC_bestinc_4000:MyLog	R(3,4000,4,0,0.5,0)	3	4000	4	0	INC_SM_ECC_MAX_0.391_80	OPTIMAL	5.503875543945414	5.504377495265257	16.121	-1	2	104
HRC_bestinc_4000:MyLog	R(5,4000,4,0,0.5,0)	5	4000	4	0	INC_SM_ECC_MAX_0.719_80	OPTIMAL	8.60795045267137	8.608811053410598	938.867	-1	6	340
HRC_bestinc_4000:MyLog	R(2,4000,4,0,0.5,0)	2	4000	4	0	INC_SM_ECC_MAX_0.2_40	OPTIMAL	2.878577556183187	2.8788643918891705	5.05	-1	3	120
HRC_bestinc_4000:MyLog	R(3,4000,4,0,0.5,0)	3	4000	4	0	INC_SM_ECC_MAX_0.391_40	OPTIMAL	5.503828338022069	5.504377495265259	184.253	-1	9	209
HRC_bestinc_4000:MyLog	R(5,4000,4,0,0.5,0)	5	4000	4	0	INC_SM_ECC_MAX_0.719_40	OPTIMAL	8.607950440716673	8.608811053410598	460.631	-1	7	230
HRC_bestinc_4000:MyLog	R(2,4000,4,0,0.5,0)	2	4000	4	0	INC_SM_DIST_SUM_0.2_800	OPTIMAL	2.8787137190537893	2.8788643918891705	256.663	-1	1	800
HRC_bestinc_4000:MyLog	R(5,4000,4,0,0.5,0)	5	4000	4	0	INC_SM_DIST_SUM_0.719_800	FEASIBLE	8.603090784475123	8.610514913975514	1804.164	-1	2	817
HRC_bestinc_4000:MyLog	R(2,4000,4,0,0.5,0)	2	4000	4	0	INC_SM_DIST_SUM_0.2_400	OPTIMAL	2.8785766853600605	2.8788643918891705	145.097	-1	3	402
HRC_bestinc_4000:MyLog	R(3,4000,4,0,0.5,0)	3	4000	4	0	INC_SM_DIST_SUM_0.391_400	OPTIMAL	5.503828284244984	5.50437749526526	711.803	-1	7	448
HRC_bestinc_4000:MyLog	R(5,4000,4,0,0.5,0)	5	4000	4	0	INC_SM_DIST_SUM_0.719_400	FEASIBLE	8.607806843868081	8.609768986508938	1801.495	-1	7	457
HRC_bestinc_4000:MyLog	R(2,4000,4,0,0.5,0)	2	4000	4	0	INC_SM_DIST_SUM_0.2_200	OPTIMAL	2.878588211370986	2.8788643918891705	199.975	-1	5	407
HRC_bestinc_4000:MyLog	R(3,4000,4,0,0.5,0)	3	4000	4	0	INC_SM_DIST_SUM_0.391_200	OPTIMAL	5.503829409878901	5.50437749526526	433.43	-1	9	289
HRC_bestinc_4000:MyLog	R(5,4000,4,0,0.5,0)	5	4000	4	0	INC_SM_DIST_SUM_0.719_200	FEASIBLE	8.607807305559078	8.608811053410598	1801.303	-1	9	327
HRC_bestinc_4000:MyLog	R(2,4000,4,0,0.5,0)	2	4000	4	0	INC_SM_DIST_SUM_0.2_80	OPTIMAL	2.8785887771849135	2.8788643918891705	86.595	-1	7	287
HRC_bestinc_4000:MyLog	R(3,4000,4,0,0.5,0)	3	4000	4	0	INC_SM_DIST_SUM_0.391_80	OPTIMAL	5.50383201836534	5.50437749526526	394.898	-1	11	265
HRC_bestinc_4000:MyLog	R(5,4000,4,0,0.5,0)	5	4000	4	0	INC_SM_DIST_SUM_0.719_80	OPTIMAL	8.607950924813487	8.608811053410598	1735.806	-1	9	370
HRC_bestinc_4000:MyLog	R(2,4000,4,0,0.5,0)	2	4000	4	0	INC_SM_DIST_SUM_0.2_40	OPTIMAL	2.8787558074610082	2.8788643918891705	48.278	-1	8	214
HRC_bestinc_4000:MyLog	R(3,4000,4,0,0.5,0)	3	4000	4	0	INC_SM_DIST_SUM_0.391_40	OPTIMAL	5.5038272426945865	5.504377495265259	419.818	-1	12	280
HRC_bestinc_4000:MyLog	R(5,4000,4,0,0.5,0)	5	4000	4	0	INC_SM_DIST_SUM_0.719_40	OPTIMAL	8.608480517157188	8.609339514889843	895.042	-1	10	265
HRC_bestinc_4000:MyLog	R(2,4000,4,0,0.5,1)	2	4000	4	0	INC_SM_ECC_MAX_0.2_800	OPTIMAL	3.9935052002681504	3.9935052002681486	138.91	-1	1	800
HRC_bestinc_4000:MyLog	R(3,4000,4,0,0.5,1)	3	4000	4	0	INC_SM_ECC_MAX_0.391_800	OPTIMAL	5.205838468388089	5.206348675045851	258.68	-1	1	800
HRC_bestinc_4000:MyLog	R(5,4000,4,0,0.5,1)	5	4000	4	0	INC_SM_ECC_MAX_0.719_800	FEASIBLE	8.683124771948135	8.683993166864717	2127.449	-1	2	800
HRC_bestinc_4000:MyLog	R(2,4000,4,0,0.5,1)	2	4000	4	0	INC_SM_ECC_MAX_0.2_400	OPTIMAL	3.9935052002681504	3.9935052002681486	19.479	-1	1	400
HRC_bestinc_4000:MyLog	R(3,4000,4,0,0.5,1)	3	4000	4	0	INC_SM_ECC_MAX_0.391_400	OPTIMAL	5.205833741016328	5.206348675045851	59.331	-1	1	400
HRC_bestinc_4000:MyLog	R(5,4000,4,0,0.5,1)	5	4000	4	0	INC_SM_ECC_MAX_0.719_400	OPTIMAL	8.683128063181252	8.683993166864717	101.793	-1	1	400
HRC_bestinc_4000:MyLog	R(2,4000,4,0,0.5,1)	2	4000	4	0	INC_SM_ECC_MAX_0.2_200	OPTIMAL	3.9935052002681504	3.9935052002681486	6.318	-1	1	200
HRC_bestinc_4000:MyLog	R(3,4000,4,0,0.5,1)	3	4000	4	0	INC_SM_ECC_MAX_0.391_200	OPTIMAL	5.2058308949816166	5.206348675045851	14.321	-1	1	200
HRC_bestinc_4000:MyLog	R(5,4000,4,0,0.5,1)	5	4000	4	0	INC_SM_ECC_MAX_0.719_200	OPTIMAL	8.68312645481569	8.683993166864717	151.679	-1	2	200
HRC_bestinc_4000:MyLog	R(2,4000,4,0,0.5,1)	2	4000	4	0	INC_SM_ECC_MAX_0.2_80	OPTIMAL	3.9935052002681504	3.993505200268148	1.409	-1	1	80
HRC_bestinc_4000:MyLog	R(3,4000,4,0,0.5,1)	3	4000	4	0	INC_SM_ECC_MAX_0.391_80	OPTIMAL	5.206204761502969	5.206348675045851	1.871	-1	1	80
HRC_bestinc_4000:MyLog	R(5,4000,4,0,0.5,1)	5	4000	4	0	INC_SM_ECC_MAX_0.719_80	OPTIMAL	8.683129800933132	8.683993166864717	970.392	-1	10	315
HRC_bestinc_4000:MyLog	R(2,4000,4,0,0.5,1)	2	4000	4	0	INC_SM_ECC_MAX_0.2_40	OPTIMAL	3.993505200268151	3.9935052002681486	2.677	-1	2	80
HRC_bestinc_4000:MyLog	R(3,4000,4,0,0.5,1)	3	4000	4	0	INC_SM_ECC_MAX_0.391_40	OPTIMAL	5.206186028674239	5.206348675045851	4.226	-1	3	84
HRC_bestinc_4000:MyLog	R(5,4000,4,0,0.5,1)	5	4000	4	0	INC_SM_ECC_MAX_0.719_40	OPTIMAL	8.683124887512546	8.683993166864717	491.937	-1	10	238
HRC_bestinc_4000:MyLog	R(2,4000,4,0,0.5,1)	2	4000	4	0	INC_SM_DIST_SUM_0.2_800	OPTIMAL	3.993497311790948	3.993505200268148	139.293	-1	1	800
HRC_bestinc_4000:MyLog	R(3,4000,4,0,0.5,1)	3	4000	4	0	INC_SM_DIST_SUM_0.391_800	OPTIMAL	5.20584012390713	5.206348675045851	999.329	-1	3	805
HRC_bestinc_4000:MyLog	R(2,4000,4,0,0.5,1)	2	4000	4	0	INC_SM_DIST_SUM_0.2_400	OPTIMAL	3.993505200268151	3.993505200268148	20.259	-1	1	400
HRC_bestinc_4000:MyLog	R(3,4000,4,0,0.5,1)	3	4000	4	0	INC_SM_DIST_SUM_0.391_400	OPTIMAL	5.20586779754793	5.206348675045851	409.365	-1	6	423
HRC_bestinc_4000:MyLog	R(5,4000,4,0,0.5,1)	5	4000	4	0	INC_SM_DIST_SUM_0.719_400	OPTIMAL	8.683124866949317	8.683993166864717	1784.567	-1	11	488
HRC_bestinc_4000:MyLog	R(2,4000,4,0,0.5,1)	2	4000	4	0	INC_SM_DIST_SUM_0.2_200	OPTIMAL	3.9935052002681504	3.993505200268148	5.649	-1	1	200
HRC_bestinc_4000:MyLog	R(3,4000,4,0,0.5,1)	3	4000	4	0	INC_SM_DIST_SUM_0.391_200	OPTIMAL	5.206153970370461	5.2064889608816385	84.791	-1	9	251
HRC_bestinc_4000:MyLog	R(5,4000,4,0,0.5,1)	5	4000	4	0	INC_SM_DIST_SUM_0.719_200	FEASIBLE	8.682910999286738	8.684605424350986	1801.203	-1	14	403
HRC_bestinc_4000:MyLog	R(2,4000,4,0,0.5,1)	2	4000	4	0	INC_SM_DIST_SUM_0.2_80	OPTIMAL	3.9935052002681504	3.9935052002681486	1.672	-1	1	80
HRC_bestinc_4000:MyLog	R(3,4000,4,0,0.5,1)	3	4000	4	0	INC_SM_DIST_SUM_0.391_80	OPTIMAL	5.2058304186730755	5.206348675045851	59.196	-1	13	217
HRC_bestinc_4000:MyLog	R(5,4000,4,0,0.5,1)	5	4000	4	0	INC_SM_DIST_SUM_0.719_80	OPTIMAL	8.683150756677431	8.683993166864717	1723.799	-1	16	433
HRC_bestinc_4000:MyLog	R(2,4000,4,0,0.5,1)	2	4000	4	0	INC_SM_DIST_SUM_0.2_40	OPTIMAL	3.9935052002681504	3.993505200268148	0.939	-1	1	40
HRC_bestinc_4000:MyLog	R(3,4000,4,0,0.5,1)	3	4000	4	0	INC_SM_DIST_SUM_0.391_40	OPTIMAL	5.205837361503553	5.2063486750458505	109.352	-1	16	259
HRC_bestinc_4000:MyLog	R(2,4000,4,0,0.5,2)	2	4000	4	0	INC_SM_ECC_MAX_0.2_800	OPTIMAL	2.886835967551824	2.8870651603401685	167.124	-1	1	800
HRC_bestinc_4000:MyLog	R(3,4000,4,0,0.5,2)	3	4000	4	0	INC_SM_ECC_MAX_0.391_800	OPTIMAL	5.731738920569827	5.731738920569828	429.561	-1	1	800
HRC_bestinc_4000:MyLog	R(5,4000,4,0,0.5,2)	5	4000	4	0	INC_SM_ECC_MAX_0.719_800	OPTIMAL	9.97985222252424	9.980671242948414	472.212	-1	1	800
HRC_bestinc_4000:MyLog	R(2,4000,4,0,0.5,2)	2	4000	4	0	INC_SM_ECC_MAX_0.2_400	OPTIMAL	2.8868123177193783	2.8870651603401685	35.151	-1	1	400
HRC_bestinc_4000:MyLog	R(3,4000,4,0,0.5,2)	3	4000	4	0	INC_SM_ECC_MAX_0.391_400	OPTIMAL	5.731185149500004	5.731738920569828	174.857	-1	2	400
HRC_bestinc_4000:MyLog	R(5,4000,4,0,0.5,2)	5	4000	4	0	INC_SM_ECC_MAX_0.719_400	OPTIMAL	9.980410237306415	9.980671242948414	63.682	-1	1	400
HRC_bestinc_4000:MyLog	R(2,4000,4,0,0.5,2)	2	4000	4	0	INC_SM_ECC_MAX_0.2_200	OPTIMAL	2.8867794971848317	2.8870651603401685	9.803	-1	1	200
HRC_bestinc_4000:MyLog	R(3,4000,4,0,0.5,2)	3	4000	4	0	INC_SM_ECC_MAX_0.391_200	OPTIMAL	5.731165939614042	5.731738920569828	21.528	-1	1	200
HRC_bestinc_4000:MyLog	R(5,4000,4,0,0.5,2)	5	4000	4	0	INC_SM_ECC_MAX_0.719_200	OPTIMAL	9.979779733826028	9.980671242948414	40.125	-1	1	200
HRC_bestinc_4000:MyLog	R(2,4000,4,0,0.5,2)	2	4000	4	0	INC_SM_ECC_MAX_0.2_80	OPTIMAL	2.886820675258244	2.8870651603401685	2.186	-1	1	80
HRC_bestinc_4000:MyLog	R(3,4000,4,0,0.5,2)	3	4000	4	0	INC_SM_ECC_MAX_0.391_80	OPTIMAL	5.731166380104412	5.731738920569828	75.766	-1	4	252
HRC_bestinc_4000:MyLog	R(5,4000,4,0,0.5,2)	5	4000	4	0	INC_SM_ECC_MAX_0.719_80	OPTIMAL	9.980363516764402	9.980671242948414	2.517	-1	1	80
HRC_bestinc_4000:MyLog	R(2,4000,4,0,0.5,2)	2	4000	4	0	INC_SM_ECC_MAX_0.2_40	OPTIMAL	2.886783910449081	2.8870651603401685	1.881	-1	2	80
HRC_bestinc_4000:MyLog	R(3,4000,4,0,0.5,2)	3	4000	4	0	INC_SM_ECC_MAX_0.391_40	OPTIMAL	5.731171824169422	5.731738920569828	32.406	-1	5	169
HRC_bestinc_4000:MyLog	R(5,4000,4,0,0.5,2)	5	4000	4	0	INC_SM_ECC_MAX_0.719_40	OPTIMAL	9.980060499671911	9.980671242948414	2.036	-1	1	40
HRC_bestinc_4000:MyLog	R(2,4000,4,0,0.5,2)	2	4000	4	0	INC_SM_DIST_SUM_0.2_800	OPTIMAL	2.8867768531183913	2.8870651603401685	376.565	-1	2	801
HRC_bestinc_4000:MyLog	R(3,4000,4,0,0.5,2)	3	4000	4	0	INC_SM_DIST_SUM_0.391_800	OPTIMAL	5.731221755778908	5.731738920569827	996.282	-1	3	811
HRC_bestinc_4000:MyLog	R(5,4000,4,0,0.5,2)	5	4000	4	0	INC_SM_DIST_SUM_0.719_800	OPTIMAL	9.979749017873814	9.980671242948414	471.38	-1	1	800
HRC_bestinc_4000:MyLog	R(2,4000,4,0,0.5,2)	2	4000	4	0	INC_SM_DIST_SUM_0.2_400	OPTIMAL	2.8867911931132233	2.8870651603401685	133.161	-1	3	408
HRC_bestinc_4000:MyLog	R(3,4000,4,0,0.5,2)	3	4000	4	0	INC_SM_DIST_SUM_0.391_400	OPTIMAL	5.731167797342539	5.731738920569828	488.601	-1	5	435
HRC_bestinc_4000:MyLog	R(5,4000,4,0,0.5,2)	5	4000	4	0	INC_SM_DIST_SUM_0.719_400	OPTIMAL	9.979720010131661	9.980671242948414	134.157	-1	1	400
HRC_bestinc_4000:MyLog	R(2,4000,4,0,0.5,2)	2	4000	4	0	INC_SM_DIST_SUM_0.2_200	OPTIMAL	2.88678412197471	2.8870651603401667	50.111	-1	5	219
HRC_bestinc_4000:MyLog	R(3,4000,4,0,0.5,2)	3	4000	4	0	INC_SM_DIST_SUM_0.391_200	OPTIMAL	5.731173990005028	5.731738920569828	156.978	-1	5	280
HRC_bestinc_4000:MyLog	R(5,4000,4,0,0.5,2)	5	4000	4	0	INC_SM_DIST_SUM_0.719_200	OPTIMAL	9.979824667916617	9.980671242948414	11.462	-1	1	200
HRC_bestinc_4000:MyLog	R(2,4000,4,0,0.5,2)	2	4000	4	0	INC_SM_DIST_SUM_0.2_80	OPTIMAL	2.886805255785959	2.8870651603401685	47.443	-1	6	256
HRC_bestinc_4000:MyLog	R(3,4000,4,0,0.5,2)	3	4000	4	0	INC_SM_DIST_SUM_0.391_80	OPTIMAL	5.731166009229545	5.731738920569828	117.959	-1	5	315
HRC_bestinc_4000:MyLog	R(5,4000,4,0,0.5,2)	5	4000	4	0	INC_SM_DIST_SUM_0.719_80	OPTIMAL	9.980038946828044	9.980671242948414	15.236	-1	2	143
HRC_bestinc_4000:MyLog	R(2,4000,4,0,0.5,2)	2	4000	4	0	INC_SM_DIST_SUM_0.2_40	OPTIMAL	2.8868016909149703	2.8870651603401685	31.657	-1	8	185
HRC_bestinc_4000:MyLog	R(3,4000,4,0,0.5,2)	3	4000	4	0	INC_SM_DIST_SUM_0.391_40	OPTIMAL	5.731165914424032	5.731738920569827	134.75	-1	8	197
HRC_bestinc_4000:MyLog	R(5,4000,4,0,0.5,2)	5	4000	4	0	INC_SM_DIST_SUM_0.719_40	OPTIMAL	9.980671242948414	9.980671242948414	3.602	-1	2	80
HRC_bestinc_4000:MyLog	R(2,4000,4,0,0.5,3)	2	4000	4	0	INC_SM_ECC_MAX_0.2_800	OPTIMAL	2.7602513784796785	2.760496906296903	151.632	-1	1	800
HRC_bestinc_4000:MyLog	R(3,4000,4,0,0.5,3)	3	4000	4	0	INC_SM_ECC_MAX_0.391_800	OPTIMAL	4.002799952899089	4.002799952899089	304.152	-1	1	800
HRC_bestinc_4000:MyLog	R(5,4000,4,0,0.5,3)	5	4000	4	0	INC_SM_ECC_MAX_0.719_800	OPTIMAL	9.497540680092852	9.498489091052368	1029.291	-1	1	800
HRC_bestinc_4000:MyLog	R(2,4000,4,0,0.5,3)	2	4000	4	0	INC_SM_ECC_MAX_0.2_400	OPTIMAL	2.760256756038525	2.760496906296903	35.52	-1	1	400
HRC_bestinc_4000:MyLog	R(3,4000,4,0,0.5,3)	3	4000	4	0	INC_SM_ECC_MAX_0.391_400	OPTIMAL	4.002423930984623	4.002799952899089	58.863	-1	1	400
HRC_bestinc_4000:MyLog	R(5,4000,4,0,0.5,3)	5	4000	4	0	INC_SM_ECC_MAX_0.719_400	OPTIMAL	9.497540373082924	9.498489091052368	221.958	-1	1	400
HRC_bestinc_4000:MyLog	R(2,4000,4,0,0.5,3)	2	4000	4	0	INC_SM_ECC_MAX_0.2_200	OPTIMAL	2.7602948269711702	2.760496906296903	7.608	-1	1	200
HRC_bestinc_4000:MyLog	R(3,4000,4,0,0.5,3)	3	4000	4	0	INC_SM_ECC_MAX_0.391_200	OPTIMAL	4.002471799855083	4.002799952899089	15.772	-1	1	200
HRC_bestinc_4000:MyLog	R(5,4000,4,0,0.5,3)	5	4000	4	0	INC_SM_ECC_MAX_0.719_200	OPTIMAL	9.497555221255856	9.498489091052368	38.09	-1	1	200
HRC_bestinc_4000:MyLog	R(2,4000,4,0,0.5,3)	2	4000	4	0	INC_SM_ECC_MAX_0.2_80	OPTIMAL	2.760229620228508	2.760496906296903	1.881	-1	1	80
HRC_bestinc_4000:MyLog	R(3,4000,4,0,0.5,3)	3	4000	4	0	INC_SM_ECC_MAX_0.391_80	OPTIMAL	4.002443718410841	4.002799952899089	3.918	-1	1	80
HRC_bestinc_4000:MyLog	R(5,4000,4,0,0.5,3)	5	4000	4	0	INC_SM_ECC_MAX_0.719_80	OPTIMAL	9.497539376763257	9.498489091052368	1010.576	-1	10	406
HRC_bestinc_4000:MyLog	R(2,4000,4,0,0.5,3)	2	4000	4	0	INC_SM_ECC_MAX_0.2_40	OPTIMAL	2.7602357969452016	2.760496906296903	4.585	-1	3	120
HRC_bestinc_4000:MyLog	R(3,4000,4,0,0.5,3)	3	4000	4	0	INC_SM_ECC_MAX_0.391_40	OPTIMAL	4.002399774999115	4.002799952899089	33.149	-1	5	200
HRC_bestinc_4000:MyLog	R(5,4000,4,0,0.5,3)	5	4000	4	0	INC_SM_ECC_MAX_0.719_40	OPTIMAL	9.49754038581131	9.498489091052368	369.908	-1	7	233
HRC_bestinc_4000:MyLog	R(2,4000,4,0,0.5,3)	2	4000	4	0	INC_SM_DIST_SUM_0.2_800	OPTIMAL	2.7602244940460734	2.760496906296903	185.735	-1	1	800
HRC_bestinc_4000:MyLog	R(3,4000,4,0,0.5,3)	3	4000	4	0	INC_SM_DIST_SUM_0.391_800	OPTIMAL	4.002446936633496	4.002799952899089	1080.644	-1	3	809
HRC_bestinc_4000:MyLog	R(5,4000,4,0,0.5,3)	5	4000	4	0	INC_SM_DIST_SUM_0.719_800	FEASIBLE	9.495548779489322	9.50011251421713	1805.905	-1	2	811
HRC_bestinc_4000:MyLog	R(2,4000,4,0,0.5,3)	2	4000	4	0	INC_SM_DIST_SUM_0.2_400	OPTIMAL	2.7602234395046548	2.760496906296903	119.666	-1	3	408
HRC_bestinc_4000:MyLog	R(3,4000,4,0,0.5,3)	3	4000	4	0	INC_SM_DIST_SUM_0.391_400	OPTIMAL	4.0025028295971286	4.002799952899089	180.97	-1	3	409
HRC_bestinc_4000:MyLog	R(5,4000,4,0,0.5,3)	5	4000	4	0	INC_SM_DIST_SUM_0.719_400	OPTIMAL	9.497540354740497	9.498489091052368	1228.548	-1	7	447
HRC_bestinc_4000:MyLog	R(2,4000,4,0,0.5,3)	2	4000	4	0	INC_SM_DIST_SUM_0.2_200	OPTIMAL	2.7602498098703463	2.760496906296903	24.439	-1	3	208
HRC_bestinc_4000:MyLog	R(3,4000,4,0,0.5,3)	3	4000	4	0	INC_SM_DIST_SUM_0.391_200	OPTIMAL	4.002404303407211	4.002799952899089	130.663	-1	5	264
HRC_bestinc_4000:MyLog	R(5,4000,4,0,0.5,3)	5	4000	4	0	INC_SM_DIST_SUM_0.719_200	OPTIMAL	9.497539376763248	9.498489091052368	1364.367	-1	8	335
HRC_bestinc_4000:MyLog	R(2,4000,4,0,0.5,3)	2	4000	4	0	INC_SM_DIST_SUM_0.2_80	OPTIMAL	2.7604512600990234	2.760496906296903	6.232	-1	3	102
HRC_bestinc_4000:MyLog	R(3,4000,4,0,0.5,3)	3	4000	4	0	INC_SM_DIST_SUM_0.391_80	OPTIMAL	4.002419820739182	4.002799952899089	92.317	-1	6	297
HRC_bestinc_4000:MyLog	R(5,4000,4,0,0.5,3)	5	4000	4	0	INC_SM_DIST_SUM_0.719_80	OPTIMAL	9.497539356735693	9.498489091052368	1159.409	-1	8	326
HRC_bestinc_4000:MyLog	R(2,4000,4,0,0.5,3)	2	4000	4	0	INC_SM_DIST_SUM_0.2_40	OPTIMAL	2.7602252997857186	2.760496906296903	15.869	-1	6	144
HRC_bestinc_4000:MyLog	R(3,4000,4,0,0.5,3)	3	4000	4	0	INC_SM_DIST_SUM_0.391_40	OPTIMAL	4.002760171504174	4.002799952899089	49.411	-1	6	169
HRC_bestinc_4000:MyLog	R(5,4000,4,0,0.5,3)	5	4000	4	0	INC_SM_DIST_SUM_0.719_40	OPTIMAL	9.49754075731636	9.498489091052368	1480.664	-1	12	350
HRC_bestinc_4000:MyLog	R(2,4000,4,0,0.5,4)	2	4000	4	0	INC_SM_ECC_MAX_0.2_800	OPTIMAL	2.9109661463787266	2.9112397521774573	184.789	-1	1	800
HRC_bestinc_4000:MyLog	R(3,4000,4,0,0.5,4)	3	4000	4	0	INC_SM_ECC_MAX_0.391_800	OPTIMAL	5.230362604470226	5.23081773906533	404.871	-1	1	800
HRC_bestinc_4000:MyLog	R(5,4000,4,0,0.5,4)	5	4000	4	0	INC_SM_ECC_MAX_0.719_800	OPTIMAL	9.46695491500868	9.467898405472928	700.416	-1	1	800
HRC_bestinc_4000:MyLog	R(2,4000,4,0,0.5,4)	2	4000	4	0	INC_SM_ECC_MAX_0.2_400	OPTIMAL	2.910960462925592	2.9112397521774573	31.951	-1	1	400
HRC_bestinc_4000:MyLog	R(3,4000,4,0,0.5,4)	3	4000	4	0	INC_SM_ECC_MAX_0.391_400	OPTIMAL	5.230297442309392	5.23081773906533	87.398	-1	1	400
HRC_bestinc_4000:MyLog	R(5,4000,4,0,0.5,4)	5	4000	4	0	INC_SM_ECC_MAX_0.719_400	OPTIMAL	9.466952061262026	9.467898405472928	492.906	-1	1	400
HRC_bestinc_4000:MyLog	R(2,4000,4,0,0.5,4)	2	4000	4	0	INC_SM_ECC_MAX_0.2_200	OPTIMAL	2.910948694295434	2.9112397521774573	8.872	-1	1	200
HRC_bestinc_4000:MyLog	R(3,4000,4,0,0.5,4)	3	4000	4	0	INC_SM_ECC_MAX_0.391_200	OPTIMAL	5.230299237585765	5.23081773906533	26.701	-1	1	200
HRC_bestinc_4000:MyLog	R(5,4000,4,0,0.5,4)	5	4000	4	0	INC_SM_ECC_MAX_0.719_200	OPTIMAL	9.466953403293743	9.467898405472928	101.839	-1	1	200
HRC_bestinc_4000:MyLog	R(2,4000,4,0,0.5,4)	2	4000	4	0	INC_SM_ECC_MAX_0.2_80	OPTIMAL	2.911129428168517	2.9112397521774573	1.412	-1	1	80
HRC_bestinc_4000:MyLog	R(3,4000,4,0,0.5,4)	3	4000	4	0	INC_SM_ECC_MAX_0.391_80	OPTIMAL	5.230295109241751	5.23081773906533	8.691	-1	1	80
HRC_bestinc_4000:MyLog	R(5,4000,4,0,0.5,4)	5	4000	4	0	INC_SM_ECC_MAX_0.719_80	OPTIMAL	9.466955762084767	9.467898405472928	1331.506	-1	9	357
HRC_bestinc_4000:MyLog	R(2,4000,4,0,0.5,4)	2	4000	4	0	INC_SM_ECC_MAX_0.2_40	OPTIMAL	2.9112397521774573	2.9112397521774573	0.9	-1	1	40
HRC_bestinc_4000:MyLog	R(3,4000,4,0,0.5,4)	3	4000	4	0	INC_SM_ECC_MAX_0.391_40	OPTIMAL	5.230350056222546	5.23081773906533	89.618	-1	7	220
HRC_bestinc_4000:MyLog	R(5,4000,4,0,0.5,4)	5	4000	4	0	INC_SM_ECC_MAX_0.719_40	OPTIMAL	9.466951921963007	9.467898405472928	100.331	-1	5	163
HRC_bestinc_4000:MyLog	R(2,4000,4,0,0.5,4)	2	4000	4	0	INC_SM_DIST_SUM_0.2_800	OPTIMAL	2.910980891294641	2.9112397521774573	163.125	-1	1	800
HRC_bestinc_4000:MyLog	R(3,4000,4,0,0.5,4)	3	4000	4	0	INC_SM_DIST_SUM_0.391_800	OPTIMAL	5.230310154980097	5.23081773906533	978.497	-1	3	809
HRC_bestinc_4000:MyLog	R(2,4000,4,0,0.5,4)	2	4000	4	0	INC_SM_DIST_SUM_0.2_400	OPTIMAL	2.9109529147129147	2.9112397521774573	104.028	-1	3	404
HRC_bestinc_4000:MyLog	R(3,4000,4,0,0.5,4)	3	4000	4	0	INC_SM_DIST_SUM_0.391_400	OPTIMAL	5.230396448533889	5.23081773906533	608.861	-1	7	438
HRC_bestinc_4000:MyLog	R(5,4000,4,0,0.5,4)	5	4000	4	0	INC_SM_DIST_SUM_0.719_400	OPTIMAL	9.466958113268152	9.467898405472928	1093.945	-1	7	486
HRC_bestinc_4000:MyLog	R(2,4000,4,0,0.5,4)	2	4000	4	0	INC_SM_DIST_SUM_0.2_200	OPTIMAL	2.910950381386035	2.9112397521774573	89.978	-1	4	411
HRC_bestinc_4000:MyLog	R(3,4000,4,0,0.5,4)	3	4000	4	0	INC_SM_DIST_SUM_0.391_200	OPTIMAL	5.230552259442455	5.23081773906533	365.646	-1	9	288
HRC_bestinc_4000:MyLog	R(5,4000,4,0,0.5,4)	5	4000	4	0	INC_SM_DIST_SUM_0.719_200	OPTIMAL	9.466952349282876	9.467898405472926	1368.879	-1	8	358
HRC_bestinc_4000:MyLog	R(2,4000,4,0,0.5,4)	2	4000	4	0	INC_SM_DIST_SUM_0.2_80	OPTIMAL	2.9109794894609546	2.9112397521774573	45.795	-1	6	250
HRC_bestinc_4000:MyLog	R(3,4000,4,0,0.5,4)	3	4000	4	0	INC_SM_DIST_SUM_0.391_80	OPTIMAL	5.230308347400246	5.23081773906533	207.936	-1	9	288
HRC_bestinc_4000:MyLog	R(5,4000,4,0,0.5,4)	5	4000	4	0	INC_SM_DIST_SUM_0.719_80	OPTIMAL	9.466951752302876	9.467898405472928	1007.913	-1	8	391
HRC_bestinc_4000:MyLog	R(2,4000,4,0,0.5,4)	2	4000	4	0	INC_SM_DIST_SUM_0.2_40	OPTIMAL	2.9110123014370175	2.9112397521774573	18.305	-1	6	179
HRC_bestinc_4000:MyLog	R(3,4000,4,0,0.5,4)	3	4000	4	0	INC_SM_DIST_SUM_0.391_40	OPTIMAL	5.230300643301692	5.230817739065329	184.453	-1	10	256
HRC_bestinc_4000:MyLog	R(5,4000,4,0,0.5,4)	5	4000	4	0	INC_SM_DIST_SUM_0.719_40	OPTIMAL	9.46695533362195	9.467898405472928	1017.538	-1	12	302
HRC_bestinc_4000:MyLog	R(2,4000,6,0,0.5,0)	2	4000	6	0	INC_SM_ECC_MAX_0.2_800	FEASIBLE	3.8979034580047864	3.9120485978338	1801.312	-1	1	800
HRC_bestinc_4000:MyLog	R(3,4000,6,0,0.5,0)	3	4000	6	0	INC_SM_ECC_MAX_0.391_800	FEASIBLE	5.982051835121473	6.549868576466256	1801.622	-1	1	800
HRC_bestinc_4000:MyLog	R(5,4000,6,0,0.5,0)	5	4000	6	0	INC_SM_ECC_MAX_0.719_800	FEASIBLE	7.584765517823717	9.865077924466721	1802.33	-1	1	800
HRC_bestinc_4000:MyLog	R(2,4000,6,0,0.5,0)	2	4000	6	0	INC_SM_ECC_MAX_0.2_400	OPTIMAL	3.9101814375849586	3.91057224727004	1071.579	-1	1	400
HRC_bestinc_4000:MyLog	R(3,4000,6,0,0.5,0)	3	4000	6	0	INC_SM_ECC_MAX_0.391_400	FEASIBLE	6.507200900031687	6.549868576466256	1800.877	-1	1	400
HRC_bestinc_4000:MyLog	R(5,4000,6,0,0.5,0)	5	4000	6	0	INC_SM_ECC_MAX_0.719_400	FEASIBLE	9.772036988691822	9.863286015125418	1801.396	-1	1	400
HRC_bestinc_4000:MyLog	R(2,4000,6,0,0.5,0)	2	4000	6	0	INC_SM_ECC_MAX_0.2_200	FEASIBLE	3.0402050923421067	3.9120485978338	1807.419	-1	1	200
HRC_bestinc_4000:MyLog	R(3,4000,6,0,0.5,0)	3	4000	6	0	INC_SM_ECC_MAX_0.391_200	FEASIBLE	4.757949439770904	6.549501970082236	1808.909	-1	1	200
HRC_bestinc_4000:MyLog	R(5,4000,6,0,0.5,0)	5	4000	6	0	INC_SM_ECC_MAX_0.719_200	FEASIBLE	6.299725896203334	9.867854307795355	1801.088	-1	1	235
HRC_bestinc_4000:MyLog	R(2,4000,6,0,0.5,0)	2	4000	6	0	INC_SM_ECC_MAX_0.2_80	FEASIBLE	3.8576235427070227	3.91057224727004	1808.254	-1	4	311
HRC_bestinc_4000:MyLog	R(3,4000,6,0,0.5,0)	3	4000	6	0	INC_SM_ECC_MAX_0.391_80	FEASIBLE	5.8911571515550625	6.552398653903351	1800.923	-1	1	160
HRC_bestinc_4000:MyLog	R(5,4000,6,0,0.5,0)	5	4000	6	0	INC_SM_ECC_MAX_0.719_80	FEASIBLE	7.668882308712144	9.869827907666968	1810.059	-1	1	160
HRC_bestinc_4000:MyLog	R(2,4000,6,0,0.5,0)	2	4000	6	0	INC_SM_ECC_MAX_0.2_40	OPTIMAL	3.9101814437975273	3.91057224727004	1188.439	-1	5	160
HRC_bestinc_4000:MyLog	R(3,4000,6,0,0.5,0)	3	4000	6	0	INC_SM_ECC_MAX_0.391_40	FEASIBLE	6.187239634910457	6.553441989863055	1807.293	-1	4	200
HRC_bestinc_4000:MyLog	R(5,4000,6,0,0.5,0)	5	4000	6	0	INC_SM_ECC_MAX_0.719_40	FEASIBLE	9.365999465780789	9.87075820548356	1800.878	-1	2	120
HRC_bestinc_4000:MyLog	R(2,4000,6,0,0.5,0)	2	4000	6	0	INC_SM_DIST_SUM_0.2_800	FEASIBLE	3.859240127747336	3.9151898316086857	1802.018	-1	1	803
HRC_bestinc_4000:MyLog	R(3,4000,6,0,0.5,0)	3	4000	6	0	INC_SM_DIST_SUM_0.391_800	FEASIBLE	2.2386272344998703	6.551446391610887	1803.31	-1	1	810
HRC_bestinc_4000:MyLog	R(5,4000,6,0,0.5,0)	5	4000	6	0	INC_SM_DIST_SUM_0.719_800	FEASIBLE	8.158125501941253	9.870554912664065	1803.922	-1	1	810
HRC_bestinc_4000:MyLog	R(2,4000,6,0,0.5,0)	2	4000	6	0	INC_SM_DIST_SUM_0.2_400	OPTIMAL	3.910269205945663	3.91057224727004	1429.659	-1	3	408
HRC_bestinc_4000:MyLog	R(3,4000,6,0,0.5,0)	3	4000	6	0	INC_SM_DIST_SUM_0.391_400	FEASIBLE	6.524447957982913	6.551045631013949	1801.356	-1	2	443
HRC_bestinc_4000:MyLog	R(5,4000,6,0,0.5,0)	5	4000	6	0	INC_SM_DIST_SUM_0.719_400	FEASIBLE	4.825302065843485	9.870689844474033	1803.757	-1	1	462
HRC_bestinc_4000:MyLog	R(2,4000,6,0,0.5,0)	2	4000	6	0	INC_SM_DIST_SUM_0.2_200	FEASIBLE	3.3291506416113608	3.916967980673815	1808.241	-1	1	400
HRC_bestinc_4000:MyLog	R(3,4000,6,0,0.5,0)	3	4000	6	0	INC_SM_DIST_SUM_0.391_200	OPTIMAL	6.547213625267272	6.547868131543293	1788.641	-1	3	306
HRC_bestinc_4000:MyLog	R(5,4000,6,0,0.5,0)	5	4000	6	0	INC_SM_DIST_SUM_0.719_200	FEASIBLE	6.722139389584619	9.869604784874053	1806.965	-1	1	283
HRC_bestinc_4000:MyLog	R(2,4000,6,0,0.5,0)	2	4000	6	0	INC_SM_DIST_SUM_0.2_80	OPTIMAL	3.9101812799713684	3.91057224727004	1210.453	-1	5	361
HRC_bestinc_4000:MyLog	R(3,4000,6,0,0.5,0)	3	4000	6	0	INC_SM_DIST_SUM_0.391_80	FEASIBLE	6.114217353121467	6.554974152299668	1801.084	-1	1	160
HRC_bestinc_4000:MyLog	R(5,4000,6,0,0.5,0)	5	4000	6	0	INC_SM_DIST_SUM_0.719_80	FEASIBLE	8.675046380768991	9.869130744431766	1810.43	-1	1	160
HRC_bestinc_4000:MyLog	R(2,4000,6,0,0.5,0)	2	4000	6	0	INC_SM_DIST_SUM_0.2_40	FEASIBLE	3.641612241431598	3.916967980673815	1800.791	-1	3	160
HRC_bestinc_4000:MyLog	R(3,4000,6,0,0.5,0)	3	4000	6	0	INC_SM_DIST_SUM_0.391_40	FEASIBLE	5.753701997437725	6.552398653903351	1800.798	-1	3	160
HRC_bestinc_4000:MyLog	R(5,4000,6,0,0.5,0)	5	4000	6	0	INC_SM_DIST_SUM_0.719_40	FEASIBLE	9.407203516880692	9.87031285158653	1801.825	-1	2	120
HRC_bestinc_4000:MyLog	R(2,4000,6,0,0.5,1)	2	4000	6	0	INC_SM_ECC_MAX_0.2_800	FEASIBLE	4.039430485788117	4.227129084976802	1800.916	-1	1	800
HRC_bestinc_4000:MyLog	R(3,4000,6,0,0.5,1)	3	4000	6	0	INC_SM_ECC_MAX_0.391_800	FEASIBLE	5.49296628386376	5.84882495116352	1801.571	-1	1	800
HRC_bestinc_4000:MyLog	R(5,4000,6,0,0.5,1)	5	4000	6	0	INC_SM_ECC_MAX_0.719_800	FEASIBLE	7.003635790778634	10.049671896899904	1802.56	-1	1	800
HRC_bestinc_4000:MyLog	R(2,4000,6,0,0.5,1)	2	4000	6	0	INC_SM_ECC_MAX_0.2_400	FEASIBLE	4.212045380307068	4.227129084976802	1800.817	-1	1	400
HRC_bestinc_4000:MyLog	R(3,4000,6,0,0.5,1)	3	4000	6	0	INC_SM_ECC_MAX_0.391_400	OPTIMAL	5.847043733899621	5.847628024499123	1254.151	-1	1	400
HRC_bestinc_4000:MyLog	R(5,4000,6,0,0.5,1)	5	4000	6	0	INC_SM_ECC_MAX_0.719_400	FEASIBLE	9.74617121167883	10.049671896899904	1801.311	-1	1	400
HRC_bestinc_4000:MyLog	R(2,4000,6,0,0.5,1)	2	4000	6	0	INC_SM_ECC_MAX_0.2_200	FEASIBLE	2.9556338661922714	4.227129084976802	1813.442	-1	1	200
HRC_bestinc_4000:MyLog	R(3,4000,6,0,0.5,1)	3	4000	6	0	INC_SM_ECC_MAX_0.391_200	OPTIMAL	5.847235011485935	5.847818395120804	600.858	-1	1	200
HRC_bestinc_4000:MyLog	R(5,4000,6,0,0.5,1)	5	4000	6	0	INC_SM_ECC_MAX_0.719_200	FEASIBLE	6.4453705857929515	10.049671896899904	1805.097	-1	1	200
HRC_bestinc_4000:MyLog	R(2,4000,6,0,0.5,1)	2	4000	6	0	INC_SM_ECC_MAX_0.2_80	FEASIBLE	3.3899532891205166	4.231147105934788	1813.303	-1	1	160
HRC_bestinc_4000:MyLog	R(3,4000,6,0,0.5,1)	3	4000	6	0	INC_SM_ECC_MAX_0.391_80	FEASIBLE	5.620102512694912	5.851568589105562	1800.71	-1	1	160
HRC_bestinc_4000:MyLog	R(5,4000,6,0,0.5,1)	5	4000	6	0	INC_SM_ECC_MAX_0.719_80	FEASIBLE	7.846982073455459	10.052385670099275	1812.505	-1	1	160
HRC_bestinc_4000:MyLog	R(2,4000,6,0,0.5,1)	2	4000	6	0	INC_SM_ECC_MAX_0.2_40	FEASIBLE	4.059960992042175	4.275625675986909	1800.824	-1	4	200
HRC_bestinc_4000:MyLog	R(3,4000,6,0,0.5,1)	3	4000	6	0	INC_SM_ECC_MAX_0.391_40	FEASIBLE	5.4835665192022605	5.849261200170879	1800.858	-1	3	160
HRC_bestinc_4000:MyLog	R(5,4000,6,0,0.5,1)	5	4000	6	0	INC_SM_ECC_MAX_0.719_40	FEASIBLE	9.080436507043627	10.0532934661427	1801.813	-1	1	80
HRC_bestinc_4000:MyLog	R(2,4000,6,0,0.5,1)	2	4000	6	0	INC_SM_DIST_SUM_0.2_800	FEASIBLE	1.8363569200658767	4.229773779726569	1801.384	-1	1	803
HRC_bestinc_4000:MyLog	R(3,4000,6,0,0.5,1)	3	4000	6	0	INC_SM_DIST_SUM_0.391_800	FEASIBLE	5.443549852680815	5.856498217508193	1803.383	-1	1	813
HRC_bestinc_4000:MyLog	R(5,4000,6,0,0.5,1)	5	4000	6	0	INC_SM_DIST_SUM_0.719_800	FEASIBLE	5.827688675661461	10.053125280099952	1804.726	-1	1	813
HRC_bestinc_4000:MyLog	R(2,4000,6,0,0.5,1)	2	4000	6	0	INC_SM_DIST_SUM_0.2_400	FEASIBLE	3.963895770256001	4.229773779726569	1801.491	-1	2	802
HRC_bestinc_4000:MyLog	R(3,4000,6,0,0.5,1)	3	4000	6	0	INC_SM_DIST_SUM_0.391_400	FEASIBLE	5.811558052417978	5.85070130094549	1801.619	-1	2	449
HRC_bestinc_4000:MyLog	R(5,4000,6,0,0.5,1)	5	4000	6	0	INC_SM_DIST_SUM_0.719_400	FEASIBLE	8.983901453866416	10.055019588664113	1806.292	-1	1	430
HRC_bestinc_4000:MyLog	R(2,4000,6,0,0.5,1)	2	4000	6	0	INC_SM_DIST_SUM_0.2_200	FEASIBLE	2.6925559516881057	4.232453244275583	1807.442	-1	1	400
HRC_bestinc_4000:MyLog	R(3,4000,6,0,0.5,1)	3	4000	6	0	INC_SM_DIST_SUM_0.391_200	FEASIBLE	5.8293525925296565	5.848980358473794	1801.212	-1	3	313
HRC_bestinc_4000:MyLog	R(5,4000,6,0,0.5,1)	5	4000	6	0	INC_SM_DIST_SUM_0.719_200	FEASIBLE	6.242457150427697	10.054309977775295	1802.378	-1	1	258
HRC_bestinc_4000:MyLog	R(2,4000,6,0,0.5,1)	2	4000	6	0	INC_SM_DIST_SUM_0.2_80	FEASIBLE	3.949702145486323	4.230467383043669	1803.241	-1	4	400
HRC_bestinc_4000:MyLog	R(3,4000,6,0,0.5,1)	3	4000	6	0	INC_SM_DIST_SUM_0.391_80	FEASIBLE	5.814865730216137	5.854550456413288	1801.587	-1	3	274
HRC_bestinc_4000:MyLog	R(5,4000,6,0,0.5,1)	5	4000	6	0	INC_SM_DIST_SUM_0.719_80	FEASIBLE	9.803347245679031	10.053564580666947	1808.045	-1	2	240
HRC_bestinc_4000:MyLog	R(2,4000,6,0,0.5,1)	2	4000	6	0	INC_SM_DIST_SUM_0.2_40	FEASIBLE	3.98761668424896	4.23252914103614	1800.528	-1	6	280
HRC_bestinc_4000:MyLog	R(3,4000,6,0,0.5,1)	3	4000	6	0	INC_SM_DIST_SUM_0.391_40	FEASIBLE	5.611916069191423	5.852920923080233	1801.221	-1	4	200
HRC_bestinc_4000:MyLog	R(5,4000,6,0,0.5,1)	5	4000	6	0	INC_SM_DIST_SUM_0.719_40	FEASIBLE	9.555373317464133	10.053826558222177	1801.706	-1	2	120
HRC_bestinc_4000:MyLog	R(2,4000,6,0,0.5,2)	2	4000	6	0	INC_SM_ECC_MAX_0.2_800	OPTIMAL	3.8823268941043443	3.8827150570914766	1422.987	-1	1	800
HRC_bestinc_4000:MyLog	R(3,4000,6,0,0.5,2)	3	4000	6	0	INC_SM_ECC_MAX_0.391_800	FEASIBLE	5.874146432138528	6.089957941485702	1801.457	-1	1	800
HRC_bestinc_4000:MyLog	R(5,4000,6,0,0.5,2)	5	4000	6	0	INC_SM_ECC_MAX_0.719_800	FEASIBLE	7.946839662781948	11.174418167888582	1802.601	-1	1	800
HRC_bestinc_4000:MyLog	R(2,4000,6,0,0.5,2)	2	4000	6	0	INC_SM_ECC_MAX_0.2_400	OPTIMAL	3.8823272928710724	3.8827150570914766	356.676	-1	1	400
HRC_bestinc_4000:MyLog	R(3,4000,6,0,0.5,2)	3	4000	6	0	INC_SM_ECC_MAX_0.391_400	OPTIMAL	6.088402405172964	6.089011219387348	1130.357	-1	1	400
HRC_bestinc_4000:MyLog	R(5,4000,6,0,0.5,2)	5	4000	6	0	INC_SM_ECC_MAX_0.719_400	FEASIBLE	4.418030554930479	11.174418167888582	1801.859	-1	1	400
HRC_bestinc_4000:MyLog	R(2,4000,6,0,0.5,2)	2	4000	6	0	INC_SM_ECC_MAX_0.2_200	FEASIBLE	2.9269748050726374	3.8847204365770214	1808.679	-1	1	200
HRC_bestinc_4000:MyLog	R(3,4000,6,0,0.5,2)	3	4000	6	0	INC_SM_ECC_MAX_0.391_200	FEASIBLE	5.388768634613536	6.089957941485702	1811.183	-1	1	200
HRC_bestinc_4000:MyLog	R(5,4000,6,0,0.5,2)	5	4000	6	0	INC_SM_ECC_MAX_0.719_200	FEASIBLE	6.629156486458347	11.176650513802457	1801.917	-1	1	282
HRC_bestinc_4000:MyLog	R(2,4000,6,0,0.5,2)	2	4000	6	0	INC_SM_ECC_MAX_0.2_80	FEASIBLE	3.809535315723554	3.8856145625964302	1800.478	-1	2	240
HRC_bestinc_4000:MyLog	R(3,4000,6,0,0.5,2)	3	4000	6	0	INC_SM_ECC_MAX_0.391_80	FEASIBLE	5.91826477891943	6.092075021716035	1800.423	-1	2	240
HRC_bestinc_4000:MyLog	R(5,4000,6,0,0.5,2)	5	4000	6	0	INC_SM_ECC_MAX_0.719_80	FEASIBLE	8.182459044141876	11.176734339362413	1811.127	-1	1	160
HRC_bestinc_4000:MyLog	R(2,4000,6,0,0.5,2)	2	4000	6	0	INC_SM_ECC_MAX_0.2_40	FEASIBLE	3.710897165248691	3.8875983808048273	1801.072	-1	4	200
HRC_bestinc_4000:MyLog	R(3,4000,6,0,0.5,2)	3	4000	6	0	INC_SM_ECC_MAX_0.391_40	FEASIBLE	5.799530701425063	6.093269607703716	1800.845	-1	3	160
HRC_bestinc_4000:MyLog	R(5,4000,6,0,0.5,2)	5	4000	6	0	INC_SM_ECC_MAX_0.719_40	FEASIBLE	9.688333959988494	11.177672024604178	1806.582	-1	2	120
HRC_bestinc_4000:MyLog	R(2,4000,6,0,0.5,2)	2	4000	6	0	INC_SM_DIST_SUM_0.2_800	FEASIBLE	3.740387397646212	3.8827150570914766	1800.95	-1	1	800
HRC_bestinc_4000:MyLog	R(3,4000,6,0,0.5,2)	3	4000	6	0	INC_SM_DIST_SUM_0.391_800	FEASIBLE	5.9600758264709235	6.092536764458396	1805.03	-1	1	806
HRC_bestinc_4000:MyLog	R(5,4000,6,0,0.5,2)	5	4000	6	0	INC_SM_DIST_SUM_0.719_800	FEASIBLE	8.061333186856087	11.175536390850962	1804.839	-1	1	809
HRC_bestinc_4000:MyLog	R(2,4000,6,0,0.5,2)	2	4000	6	0	INC_SM_DIST_SUM_0.2_400	OPTIMAL	3.8823289293647503	3.8827150570914766	1089.719	-1	3	413
HRC_bestinc_4000:MyLog	R(3,4000,6,0,0.5,2)	3	4000	6	0	INC_SM_DIST_SUM_0.391_400	FEASIBLE	6.079607652525278	6.0915063454427685	1801.21	-1	3	434
HRC_bestinc_4000:MyLog	R(5,4000,6,0,0.5,2)	5	4000	6	0	INC_SM_DIST_SUM_0.719_400	FEASIBLE	10.60761708827314	11.178790247566557	1803.905	-1	1	413
HRC_bestinc_4000:MyLog	R(2,4000,6,0,0.5,2)	2	4000	6	0	INC_SM_DIST_SUM_0.2_200	FEASIBLE	2.9864559959374333	4.478026693035522	1812.553	-1	1	400
HRC_bestinc_4000:MyLog	R(3,4000,6,0,0.5,2)	3	4000	6	0	INC_SM_DIST_SUM_0.391_200	FEASIBLE	6.084736675252202	6.089011219387348	1801.0	-1	4	246
HRC_bestinc_4000:MyLog	R(5,4000,6,0,0.5,2)	5	4000	6	0	INC_SM_DIST_SUM_0.719_200	FEASIBLE	11.119728005728671	11.177474990222688	1803.852	-1	2	323
HRC_bestinc_4000:MyLog	R(2,4000,6,0,0.5,2)	2	4000	6	0	INC_SM_DIST_SUM_0.2_80	FEASIBLE	3.5587647283694968	3.9843125310443424	1800.287	-1	2	240
HRC_bestinc_4000:MyLog	R(3,4000,6,0,0.5,2)	3	4000	6	0	INC_SM_DIST_SUM_0.391_80	FEASIBLE	5.975142025200997	6.0943369179045614	1810.823	-1	2	240
HRC_bestinc_4000:MyLog	R(5,4000,6,0,0.5,2)	5	4000	6	0	INC_SM_DIST_SUM_0.719_80	FEASIBLE	9.58567414906508	11.178539054536362	1817.106	-1	1	160
HRC_bestinc_4000:MyLog	R(2,4000,6,0,0.5,2)	2	4000	6	0	INC_SM_DIST_SUM_0.2_40	FEASIBLE	3.862712358850705	3.8873891185826164	1800.713	-1	8	328
HRC_bestinc_4000:MyLog	R(3,4000,6,0,0.5,2)	3	4000	6	0	INC_SM_DIST_SUM_0.391_40	FEASIBLE	5.918722292334342	6.093269607703717	1801.498	-1	4	200
HRC_bestinc_4000:MyLog	R(5,4000,6,0,0.5,2)	5	4000	6	0	INC_SM_DIST_SUM_0.719_40	FEASIBLE	9.800687115187813	11.176764716274885	1814.98	-1	2	120
HRC_bestinc_4000:MyLog	R(2,4000,6,0,0.5,3)	2	4000	6	0	INC_SM_ECC_MAX_0.2_800	FEASIBLE	1.6945946077596397	4.034485585774906	1800.876	-1	1	800
HRC_bestinc_4000:MyLog	R(3,4000,6,0,0.5,3)	3	4000	6	0	INC_SM_ECC_MAX_0.391_800	FEASIBLE	5.406114485500222	6.031090814188044	1801.687	-1	1	800
HRC_bestinc_4000:MyLog	R(5,4000,6,0,0.5,3)	5	4000	6	0	INC_SM_ECC_MAX_0.719_800	FEASIBLE	8.057312579971788	9.75701447936692	1802.467	-1	1	800
HRC_bestinc_4000:MyLog	R(2,4000,6,0,0.5,3)	2	4000	6	0	INC_SM_ECC_MAX_0.2_400	FEASIBLE	2.415771112081119	4.034485585774906	1800.598	-1	1	400
HRC_bestinc_4000:MyLog	R(3,4000,6,0,0.5,3)	3	4000	6	0	INC_SM_ECC_MAX_0.391_400	FEASIBLE	6.0302129927770105	6.031090814188044	1800.98	-1	1	400
HRC_bestinc_4000:MyLog	R(5,4000,6,0,0.5,3)	5	4000	6	0	INC_SM_ECC_MAX_0.719_400	FEASIBLE	9.60958793429823	9.75701447936692	1801.432	-1	1	400
HRC_bestinc_4000:MyLog	R(2,4000,6,0,0.5,3)	2	4000	6	0	INC_SM_ECC_MAX_0.2_200	FEASIBLE	3.144094444189141	4.034485585774906	1808.462	-1	1	200
HRC_bestinc_4000:MyLog	R(3,4000,6,0,0.5,3)	3	4000	6	0	INC_SM_ECC_MAX_0.391_200	OPTIMAL	6.030821370794276	6.031424022004853	778.423	-1	1	200
HRC_bestinc_4000:MyLog	R(5,4000,6,0,0.5,3)	5	4000	6	0	INC_SM_ECC_MAX_0.719_200	FEASIBLE	9.724393610002474	9.759366594169535	1801.515	-1	2	284
HRC_bestinc_4000:MyLog	R(2,4000,6,0,0.5,3)	2	4000	6	0	INC_SM_ECC_MAX_0.2_80	FEASIBLE	4.026534386610869	4.038260932373909	1800.845	-1	2	161
HRC_bestinc_4000:MyLog	R(3,4000,6,0,0.5,3)	3	4000	6	0	INC_SM_ECC_MAX_0.391_80	FEASIBLE	5.547068768899126	6.032758975129914	1800.909	-1	1	160
HRC_bestinc_4000:MyLog	R(5,4000,6,0,0.5,3)	5	4000	6	0	INC_SM_ECC_MAX_0.719_80	FEASIBLE	9.350882799237011	9.758122131906799	1801.262	-1	2	240
HRC_bestinc_4000:MyLog	R(2,4000,6,0,0.5,3)	2	4000	6	0	INC_SM_ECC_MAX_0.2_40	FEASIBLE	4.002399414773142	4.034485585774906	1800.546	-1	7	280
HRC_bestinc_4000:MyLog	R(3,4000,6,0,0.5,3)	3	4000	6	0	INC_SM_ECC_MAX_0.391_40	FEASIBLE	5.728448383710758	6.034983753807426	1800.807	-1	2	120
HRC_bestinc_4000:MyLog	R(5,4000,6,0,0.5,3)	5	4000	6	0	INC_SM_ECC_MAX_0.719_40	FEASIBLE	9.089713756377868	9.760569082967017	1801.019	-1	2	120
HRC_bestinc_4000:MyLog	R(2,4000,6,0,0.5,3)	2	4000	6	0	INC_SM_DIST_SUM_0.2_800	OPTIMAL	4.0340832920084	4.034485585774906	1239.912	-1	1	800
HRC_bestinc_4000:MyLog	R(3,4000,6,0,0.5,3)	3	4000	6	0	INC_SM_DIST_SUM_0.391_800	FEASIBLE	5.784210631704816	6.035654888349629	1804.363	-1	1	805
HRC_bestinc_4000:MyLog	R(5,4000,6,0,0.5,3)	5	4000	6	0	INC_SM_DIST_SUM_0.719_800	FEASIBLE	3.706958598290538	9.762498474100896	1804.417	-1	1	807
HRC_bestinc_4000:MyLog	R(2,4000,6,0,0.5,3)	2	4000	6	0	INC_SM_DIST_SUM_0.2_400	FEASIBLE	4.031366366185965	4.034485585774906	1801.174	-1	2	402
HRC_bestinc_4000:MyLog	R(3,4000,6,0,0.5,3)	3	4000	6	0	INC_SM_DIST_SUM_0.391_400	FEASIBLE	6.011604207098968	6.035807976280884	1802.683	-1	1	429
HRC_bestinc_4000:MyLog	R(5,4000,6,0,0.5,3)	5	4000	6	0	INC_SM_DIST_SUM_0.719_400	FEASIBLE	9.518415579132348	9.763195767921356	1802.491	-1	1	414
HRC_bestinc_4000:MyLog	R(2,4000,6,0,0.5,3)	2	4000	6	0	INC_SM_DIST_SUM_0.2_200	FEASIBLE	4.031623147371914	4.040024689420696	1801.571	-1	5	810
HRC_bestinc_4000:MyLog	R(3,4000,6,0,0.5,3)	3	4000	6	0	INC_SM_DIST_SUM_0.391_200	FEASIBLE	5.991470349941511	6.035175621858981	1805.029	-1	2	273
HRC_bestinc_4000:MyLog	R(5,4000,6,0,0.5,3)	5	4000	6	0	INC_SM_DIST_SUM_0.719_200	FEASIBLE	9.702066045618736	9.762050528865064	1801.483	-1	2	310
HRC_bestinc_4000:MyLog	R(2,4000,6,0,0.5,3)	2	4000	6	0	INC_SM_DIST_SUM_0.2_80	FEASIBLE	3.9045439510235727	4.040381966108736	1800.99	-1	4	338
HRC_bestinc_4000:MyLog	R(3,4000,6,0,0.5,3)	3	4000	6	0	INC_SM_DIST_SUM_0.391_80	FEASIBLE	6.0057503209278025	6.035083859547785	1804.009	-1	4	294
HRC_bestinc_4000:MyLog	R(5,4000,6,0,0.5,3)	5	4000	6	0	INC_SM_DIST_SUM_0.719_80	FEASIBLE	8.652098142050727	9.762928084856062	1802.068	-1	1	160
HRC_bestinc_4000:MyLog	R(2,4000,6,0,0.5,3)	2	4000	6	0	INC_SM_DIST_SUM_0.2_40	FEASIBLE	3.879576438461947	4.120000518055122	1800.428	-1	5	240
HRC_bestinc_4000:MyLog	R(3,4000,6,0,0.5,3)	3	4000	6	0	INC_SM_DIST_SUM_0.391_40	FEASIBLE	6.003717140467015	6.035083859547785	1801.464	-1	4	191
HRC_bestinc_4000:MyLog	R(5,4000,6,0,0.5,3)	5	4000	6	0	INC_SM_DIST_SUM_0.719_40	FEASIBLE	8.873360188942984	9.762928084856062	1801.738	-1	2	120
HRC_bestinc_4000:MyLog	R(2,4000,6,0,0.5,4)	2	4000	6	0	INC_SM_ECC_MAX_0.2_800	FEASIBLE	4.477658286095726	4.516000677741209	1801.149	-1	1	800
HRC_bestinc_4000:MyLog	R(3,4000,6,0,0.5,4)	3	4000	6	0	INC_SM_ECC_MAX_0.391_800	FEASIBLE	5.883572443452981	6.545012430957744	1801.458	-1	1	800
HRC_bestinc_4000:MyLog	R(5,4000,6,0,0.5,4)	5	4000	6	0	INC_SM_ECC_MAX_0.719_800	FEASIBLE	8.159273260230952	10.060972392326214	1802.702	-1	1	800
HRC_bestinc_4000:MyLog	R(2,4000,6,0,0.5,4)	2	4000	6	0	INC_SM_ECC_MAX_0.2_400	OPTIMAL	4.511939182629619	4.512390254128681	579.632	-1	1	400
HRC_bestinc_4000:MyLog	R(3,4000,6,0,0.5,4)	3	4000	6	0	INC_SM_ECC_MAX_0.391_400	OPTIMAL	6.542343298283302	6.54299556368111	1363.783	-1	1	400
HRC_bestinc_4000:MyLog	R(5,4000,6,0,0.5,4)	5	4000	6	0	INC_SM_ECC_MAX_0.719_400	FEASIBLE	9.860297192095043	10.060972392326214	1801.467	-1	1	400
HRC_bestinc_4000:MyLog	R(2,4000,6,0,0.5,4)	2	4000	6	0	INC_SM_ECC_MAX_0.2_200	FEASIBLE	3.840455219620325	4.516000677741209	1810.347	-1	1	200
HRC_bestinc_4000:MyLog	R(3,4000,6,0,0.5,4)	3	4000	6	0	INC_SM_ECC_MAX_0.391_200	FEASIBLE	6.542341296791005	6.54299556368111	1800.536	-1	2	200
HRC_bestinc_4000:MyLog	R(5,4000,6,0,0.5,4)	5	4000	6	0	INC_SM_ECC_MAX_0.719_200	FEASIBLE	6.4117058681589505	10.064333106845531	1801.065	-1	1	236
HRC_bestinc_4000:MyLog	R(2,4000,6,0,0.5,4)	2	4000	6	0	INC_SM_ECC_MAX_0.2_80	OPTIMAL	4.511939293479703	4.512390254128681	1501.794	-1	5	269
HRC_bestinc_4000:MyLog	R(3,4000,6,0,0.5,4)	3	4000	6	0	INC_SM_ECC_MAX_0.391_80	FEASIBLE	5.260015014992984	6.553747657395726	1814.553	-1	1	160
HRC_bestinc_4000:MyLog	R(5,4000,6,0,0.5,4)	5	4000	6	0	INC_SM_ECC_MAX_0.719_80	FEASIBLE	9.853124610284672	10.064559367152384	1802.072	-1	3	320
HRC_bestinc_4000:MyLog	R(2,4000,6,0,0.5,4)	2	4000	6	0	INC_SM_ECC_MAX_0.2_40	FEASIBLE	4.415737543110641	4.518234438901313	1800.899	-1	3	160
HRC_bestinc_4000:MyLog	R(3,4000,6,0,0.5,4)	3	4000	6	0	INC_SM_ECC_MAX_0.391_40	FEASIBLE	5.891629047681809	6.548441659271836	1801.074	-1	2	120
HRC_bestinc_4000:MyLog	R(5,4000,6,0,0.5,4)	5	4000	6	0	INC_SM_ECC_MAX_0.719_40	FEASIBLE	9.002436609378377	10.066054646191485	1801.535	-1	2	120
HRC_bestinc_4000:MyLog	R(2,4000,6,0,0.5,4)	2	4000	6	0	INC_SM_DIST_SUM_0.2_800	FEASIBLE	4.434569765854656	4.520017920152302	1802.428	-1	1	803
HRC_bestinc_4000:MyLog	R(3,4000,6,0,0.5,4)	3	4000	6	0	INC_SM_DIST_SUM_0.391_800	FEASIBLE	6.077340461052232	6.550867008428395	1803.977	-1	1	812
HRC_bestinc_4000:MyLog	R(5,4000,6,0,0.5,4)	5	4000	6	0	INC_SM_DIST_SUM_0.719_800	FEASIBLE	3.3284868055241823	10.067229633698995	1803.605	-1	1	804
HRC_bestinc_4000:MyLog	R(2,4000,6,0,0.5,4)	2	4000	6	0	INC_SM_DIST_SUM_0.2_400	FEASIBLE	4.505126821598242	4.516877669028417	1800.817	-1	2	416
HRC_bestinc_4000:MyLog	R(3,4000,6,0,0.5,4)	3	4000	6	0	INC_SM_DIST_SUM_0.391_400	FEASIBLE	6.522066213370835	6.549799385828697	1800.899	-1	2	436
HRC_bestinc_4000:MyLog	R(5,4000,6,0,0.5,4)	5	4000	6	0	INC_SM_DIST_SUM_0.719_400	FEASIBLE	4.899989946611196	10.067229633698995	1807.166	-1	1	413
HRC_bestinc_4000:MyLog	R(2,4000,6,0,0.5,4)	2	4000	6	0	INC_SM_DIST_SUM_0.2_200	OPTIMAL	4.511939226181884	4.512390254128681	1160.503	-1	4	432
HRC_bestinc_4000:MyLog	R(3,4000,6,0,0.5,4)	3	4000	6	0	INC_SM_DIST_SUM_0.391_200	FEASIBLE	4.800257923169924	6.550731680603593	1807.201	-1	1	252
HRC_bestinc_4000:MyLog	R(5,4000,6,0,0.5,4)	5	4000	6	0	INC_SM_DIST_SUM_0.719_200	FEASIBLE	7.231201153423404	10.067433129334194	1801.964	-1	1	318
HRC_bestinc_4000:MyLog	R(2,4000,6,0,0.5,4)	2	4000	6	0	INC_SM_DIST_SUM_0.2_80	FEASIBLE	4.4600519296874115	4.519292471526681	1801.77	-1	4	334
HRC_bestinc_4000:MyLog	R(3,4000,6,0,0.5,4)	3	4000	6	0	INC_SM_DIST_SUM_0.391_80	FEASIBLE	6.3376464876815595	6.5532067077204115	1803.253	-1	3	320
HRC_bestinc_4000:MyLog	R(5,4000,6,0,0.5,4)	5	4000	6	0	INC_SM_DIST_SUM_0.719_80	FEASIBLE	8.7826672917266	10.066454977805808	1811.123	-1	1	160
HRC_bestinc_4000:MyLog	R(2,4000,6,0,0.5,4)	2	4000	6	0	INC_SM_DIST_SUM_0.2_40	FEASIBLE	4.387633862169007	4.520101550376333	1801.394	-1	3	160
HRC_bestinc_4000:MyLog	R(3,4000,6,0,0.5,4)	3	4000	6	0	INC_SM_DIST_SUM_0.391_40	FEASIBLE	6.1567860936994245	6.549661412079691	1801.264	-1	3	160
HRC_bestinc_4000:MyLog	R(5,4000,6,0,0.5,4)	5	4000	6	0	INC_SM_DIST_SUM_0.719_40	FEASIBLE	8.93869799953177	10.067214329637158	1800.603	-1	2	120
HRC_bestinc_cpsat_1000:MyLog	R(2,1000,4,0,0.5,0)	2	1000	4	0	INC_CPSAT_ECC_MAX_0.2_200	OPTIMAL	2.8626514883	2.8626514885021965	3.289	-1	1	200
HRC_bestinc_cpsat_1000:MyLog	R(3,1000,4,0,0.5,0)	3	1000	4	0	INC_CPSAT_ECC_MAX_0.391_200	OPTIMAL	5.4631096686	5.463109669210068	9.438	-1	1	200
HRC_bestinc_cpsat_1000:MyLog	R(5,1000,4,0,0.5,0)	5	1000	4	0	INC_CPSAT_ECC_MAX_0.719_200	OPTIMAL	8.5789635756	8.578963576022042	102.32	-1	1	200
HRC_bestinc_cpsat_1000:MyLog	R(2,1000,4,0,0.5,0)	2	1000	4	0	INC_CPSAT_ECC_MAX_0.2_100	OPTIMAL	2.8626514883	2.8626514885021965	1.439	-1	1	100
HRC_bestinc_cpsat_1000:MyLog	R(3,1000,4,0,0.5,0)	3	1000	4	0	INC_CPSAT_ECC_MAX_0.391_100	OPTIMAL	5.4631096686	5.463109669210068	12.275	-1	1	100
HRC_bestinc_cpsat_1000:MyLog	R(5,1000,4,0,0.5,0)	5	1000	4	0	INC_CPSAT_ECC_MAX_0.719_100	OPTIMAL	8.5789635756	8.578963576022042	141.761	-1	5	130
HRC_bestinc_cpsat_1000:MyLog	R(2,1000,4,0,0.5,0)	2	1000	4	0	INC_CPSAT_ECC_MAX_0.2_50	OPTIMAL	2.8626514883	2.8626514885021965	0.848	-1	1	50
HRC_bestinc_cpsat_1000:MyLog	R(3,1000,4,0,0.5,0)	3	1000	4	0	INC_CPSAT_ECC_MAX_0.391_50	OPTIMAL	5.4631096686	5.463109669210068	52.028	-1	5	170
HRC_bestinc_cpsat_1000:MyLog	R(5,1000,4,0,0.5,0)	5	1000	4	0	INC_CPSAT_ECC_MAX_0.719_50	OPTIMAL	8.5789635756	8.578963576022042	165.868	-1	5	206
HRC_bestinc_cpsat_1000:MyLog	R(2,1000,4,0,0.5,0)	2	1000	4	0	INC_CPSAT_DIST_SUM_0.2_200	OPTIMAL	2.8626514883	2.8626514885021965	2.632	-1	1	200
HRC_bestinc_cpsat_1000:MyLog	R(3,1000,4,0,0.5,0)	3	1000	4	0	INC_CPSAT_DIST_SUM_0.391_200	OPTIMAL	5.4631096686	5.463109669210068	66.684	-1	4	216
HRC_bestinc_cpsat_1000:MyLog	R(5,1000,4,0,0.5,0)	5	1000	4	0	INC_CPSAT_DIST_SUM_0.719_200	OPTIMAL	8.5789635756	8.578963576022042	126.628	-1	3	209
HRC_bestinc_cpsat_1000:MyLog	R(2,1000,4,0,0.5,0)	2	1000	4	0	INC_CPSAT_DIST_SUM_0.2_100	OPTIMAL	2.8626514883	2.8626514885021965	7.443	-1	6	217
HRC_bestinc_cpsat_1000:MyLog	R(3,1000,4,0,0.5,0)	3	1000	4	0	INC_CPSAT_DIST_SUM_0.391_100	OPTIMAL	5.4631096686	5.463109669210068	12.855	-1	4	118
HRC_bestinc_cpsat_1000:MyLog	R(5,1000,4,0,0.5,0)	5	1000	4	0	INC_CPSAT_DIST_SUM_0.719_100	OPTIMAL	8.5785138966	8.578963576022042	152.718	-1	6	171
HRC_bestinc_cpsat_1000:MyLog	R(2,1000,4,0,0.5,0)	2	1000	4	0	INC_CPSAT_DIST_SUM_0.2_50	OPTIMAL	2.8626514883	2.8626514885021965	6.954	-1	6	168
HRC_bestinc_cpsat_1000:MyLog	R(3,1000,4,0,0.5,0)	3	1000	4	0	INC_CPSAT_DIST_SUM_0.391_50	OPTIMAL	5.4631096686	5.463109669210068	24.019	-1	7	136
HRC_bestinc_cpsat_1000:MyLog	R(5,1000,4,0,0.5,0)	5	1000	4	0	INC_CPSAT_DIST_SUM_0.719_50	OPTIMAL	8.5789635756	8.578963576022042	133.015	-1	6	207
HRC_bestinc_cpsat_1000:MyLog	R(2,1000,4,0,0.5,1)	2	1000	4	0	INC_CPSAT_ECC_MAX_0.2_200	OPTIMAL	3.9809891246	3.9809891246715248	2.331	-1	1	200
HRC_bestinc_cpsat_1000:MyLog	R(3,1000,4,0,0.5,1)	3	1000	4	0	INC_CPSAT_ECC_MAX_0.391_200	OPTIMAL	5.1861151917	5.1861151919178425	6.302	-1	1	200
HRC_bestinc_cpsat_1000:MyLog	R(5,1000,4,0,0.5,1)	5	1000	4	0	INC_CPSAT_ECC_MAX_0.719_200	OPTIMAL	8.6464193052	8.646419305778103	10.204	-1	1	200
HRC_bestinc_cpsat_1000:MyLog	R(2,1000,4,0,0.5,1)	2	1000	4	0	INC_CPSAT_ECC_MAX_0.2_100	OPTIMAL	3.9809891246	3.9809891246715248	1.057	-1	1	100
HRC_bestinc_cpsat_1000:MyLog	R(3,1000,4,0,0.5,1)	3	1000	4	0	INC_CPSAT_ECC_MAX_0.391_100	OPTIMAL	5.1861151917	5.1861151919178425	2.532	-1	1	100
HRC_bestinc_cpsat_1000:MyLog	R(5,1000,4,0,0.5,1)	5	1000	4	0	INC_CPSAT_ECC_MAX_0.719_100	OPTIMAL	8.6464193052	8.646419305778103	5.02	-1	1	100
HRC_bestinc_cpsat_1000:MyLog	R(2,1000,4,0,0.5,1)	2	1000	4	0	INC_CPSAT_ECC_MAX_0.2_50	OPTIMAL	3.9809891246	3.9809891246715248	0.902	-1	1	50
HRC_bestinc_cpsat_1000:MyLog	R(3,1000,4,0,0.5,1)	3	1000	4	0	INC_CPSAT_ECC_MAX_0.391_50	OPTIMAL	5.1861151917	5.1861151919178425	3.524	-1	2	100
HRC_bestinc_cpsat_1000:MyLog	R(5,1000,4,0,0.5,1)	5	1000	4	0	INC_CPSAT_ECC_MAX_0.719_50	OPTIMAL	8.6464193052	8.646419305778103	138.956	-1	8	276
HRC_bestinc_cpsat_1000:MyLog	R(2,1000,4,0,0.5,1)	2	1000	4	0	INC_CPSAT_DIST_SUM_0.2_200	OPTIMAL	3.9809891246	3.9809891246715248	1.967	-1	1	200
HRC_bestinc_cpsat_1000:MyLog	R(3,1000,4,0,0.5,1)	3	1000	4	0	INC_CPSAT_DIST_SUM_0.391_200	OPTIMAL	5.1856915342	5.1861151919178425	26.928	-1	4	213
HRC_bestinc_cpsat_1000:MyLog	R(5,1000,4,0,0.5,1)	5	1000	4	0	INC_CPSAT_DIST_SUM_0.719_200	OPTIMAL	8.6464193052	8.646419305778103	121.214	-1	6	251
HRC_bestinc_cpsat_1000:MyLog	R(2,1000,4,0,0.5,1)	2	1000	4	0	INC_CPSAT_DIST_SUM_0.2_100	OPTIMAL	3.9809891246	3.9809891246715248	1.085	-1	1	100
HRC_bestinc_cpsat_1000:MyLog	R(3,1000,4,0,0.5,1)	3	1000	4	0	INC_CPSAT_DIST_SUM_0.391_100	OPTIMAL	5.1856915342	5.1861151919178425	21.098	-1	6	132
HRC_bestinc_cpsat_1000:MyLog	R(5,1000,4,0,0.5,1)	5	1000	4	0	INC_CPSAT_DIST_SUM_0.719_100	OPTIMAL	8.64601901	8.64646975524356	90.708	-1	8	217
HRC_bestinc_cpsat_1000:MyLog	R(2,1000,4,0,0.5,1)	2	1000	4	0	INC_CPSAT_DIST_SUM_0.2_50	OPTIMAL	3.9809891246	3.9809891246715248	0.919	-1	1	50
HRC_bestinc_cpsat_1000:MyLog	R(3,1000,4,0,0.5,1)	3	1000	4	0	INC_CPSAT_DIST_SUM_0.391_50	OPTIMAL	5.1861151917	5.1861151919178425	54.268	-1	12	166
HRC_bestinc_cpsat_1000:MyLog	R(5,1000,4,0,0.5,1)	5	1000	4	0	INC_CPSAT_DIST_SUM_0.719_50	OPTIMAL	8.6464193052	8.646419305778103	122.034	-1	9	213
HRC_bestinc_cpsat_1000:MyLog	R(2,1000,4,0,0.5,2)	2	1000	4	0	INC_CPSAT_ECC_MAX_0.2_200	OPTIMAL	2.8790303874	2.8790303874159227	1.321	-1	1	200
HRC_bestinc_cpsat_1000:MyLog	R(3,1000,4,0,0.5,2)	3	1000	4	0	INC_CPSAT_ECC_MAX_0.391_200	OPTIMAL	5.7157557017	5.715755701991133	7.978	-1	1	200
HRC_bestinc_cpsat_1000:MyLog	R(5,1000,4,0,0.5,2)	5	1000	4	0	INC_CPSAT_ECC_MAX_0.719_200	OPTIMAL	9.9209396789	9.920939679146768	30.17	-1	1	200
HRC_bestinc_cpsat_1000:MyLog	R(2,1000,4,0,0.5,2)	2	1000	4	0	INC_CPSAT_ECC_MAX_0.2_100	OPTIMAL	2.8790303874	2.8790303874159227	1.115	-1	1	100
HRC_bestinc_cpsat_1000:MyLog	R(3,1000,4,0,0.5,2)	3	1000	4	0	INC_CPSAT_ECC_MAX_0.391_100	OPTIMAL	5.7157557017	5.715755701991133	9.393	-1	1	100
HRC_bestinc_cpsat_1000:MyLog	R(5,1000,4,0,0.5,2)	5	1000	4	0	INC_CPSAT_ECC_MAX_0.719_100	OPTIMAL	9.9209396789	9.920939679146768	12.752	-1	1	100
HRC_bestinc_cpsat_1000:MyLog	R(2,1000,4,0,0.5,2)	2	1000	4	0	INC_CPSAT_ECC_MAX_0.2_50	OPTIMAL	2.8790303874	2.8790303874159227	0.758	-1	1	50
HRC_bestinc_cpsat_1000:MyLog	R(3,1000,4,0,0.5,2)	3	1000	4	0	INC_CPSAT_ECC_MAX_0.391_50	OPTIMAL	5.7157557017	5.715755701991133	37.774	-1	5	183
HRC_bestinc_cpsat_1000:MyLog	R(5,1000,4,0,0.5,2)	5	1000	4	0	INC_CPSAT_ECC_MAX_0.719_50	OPTIMAL	9.9209396789	9.920939679146766	4.434	-1	1	50
HRC_bestinc_cpsat_1000:MyLog	R(2,1000,4,0,0.5,2)	2	1000	4	0	INC_CPSAT_DIST_SUM_0.2_200	OPTIMAL	2.8790303874	2.8790303874159227	2.904	-1	2	201
HRC_bestinc_cpsat_1000:MyLog	R(3,1000,4,0,0.5,2)	3	1000	4	0	INC_CPSAT_DIST_SUM_0.391_200	OPTIMAL	5.7157557017	5.715755701991133	22.05	-1	3	217
HRC_bestinc_cpsat_1000:MyLog	R(5,1000,4,0,0.5,2)	5	1000	4	0	INC_CPSAT_DIST_SUM_0.719_200	OPTIMAL	9.9209396789	9.920939679146768	65.038	-1	1	200
HRC_bestinc_cpsat_1000:MyLog	R(2,1000,4,0,0.5,2)	2	1000	4	0	INC_CPSAT_DIST_SUM_0.2_100	OPTIMAL	2.8790303874	2.8790303874159227	2.217	-1	4	113
HRC_bestinc_cpsat_1000:MyLog	R(3,1000,4,0,0.5,2)	3	1000	4	0	INC_CPSAT_DIST_SUM_0.391_100	OPTIMAL	5.7157557017	5.715755701991133	25.54	-1	5	145
HRC_bestinc_cpsat_1000:MyLog	R(5,1000,4,0,0.5,2)	5	1000	4	0	INC_CPSAT_DIST_SUM_0.719_100	OPTIMAL	9.9209396789	9.920939679146768	8.641	-1	1	100
HRC_bestinc_cpsat_1000:MyLog	R(2,1000,4,0,0.5,2)	2	1000	4	0	INC_CPSAT_DIST_SUM_0.2_50	OPTIMAL	2.8790303874	2.8790303874159227	2.385	-1	4	114
HRC_bestinc_cpsat_1000:MyLog	R(3,1000,4,0,0.5,2)	3	1000	4	0	INC_CPSAT_DIST_SUM_0.391_50	OPTIMAL	5.7157557017	5.715755701991133	24.254	-1	4	168
HRC_bestinc_cpsat_1000:MyLog	R(5,1000,4,0,0.5,2)	5	1000	4	0	INC_CPSAT_DIST_SUM_0.719_50	OPTIMAL	9.9209396789	9.920939679146766	7.251	-1	1	50
HRC_bestinc_cpsat_1000:MyLog	R(2,1000,4,0,0.5,3)	2	1000	4	0	INC_CPSAT_ECC_MAX_0.2_200	OPTIMAL	2.746769827	2.74676982684441	1.963	-1	1	200
HRC_bestinc_cpsat_1000:MyLog	R(3,1000,4,0,0.5,3)	3	1000	4	0	INC_CPSAT_ECC_MAX_0.391_200	OPTIMAL	3.9892247042	3.989224704302379	14.88	-1	1	200
HRC_bestinc_cpsat_1000:MyLog	R(5,1000,4,0,0.5,3)	5	1000	4	0	INC_CPSAT_ECC_MAX_0.719_200	OPTIMAL	9.470072738	9.470072738469977	76.762	-1	1	200
HRC_bestinc_cpsat_1000:MyLog	R(2,1000,4,0,0.5,3)	2	1000	4	0	INC_CPSAT_ECC_MAX_0.2_100	OPTIMAL	2.746769827	2.74676982684441	0.859	-1	1	100
HRC_bestinc_cpsat_1000:MyLog	R(3,1000,4,0,0.5,3)	3	1000	4	0	INC_CPSAT_ECC_MAX_0.391_100	OPTIMAL	3.9892247042	3.989224704302379	3.419	-1	1	100
HRC_bestinc_cpsat_1000:MyLog	R(5,1000,4,0,0.5,3)	5	1000	4	0	INC_CPSAT_ECC_MAX_0.719_100	OPTIMAL	9.470072738	9.470072738469977	279.533	-1	5	219
HRC_bestinc_cpsat_1000:MyLog	R(2,1000,4,0,0.5,3)	2	1000	4	0	INC_CPSAT_ECC_MAX_0.2_50	OPTIMAL	2.746769827	2.74676982684441	0.98	-1	2	59
HRC_bestinc_cpsat_1000:MyLog	R(3,1000,4,0,0.5,3)	3	1000	4	0	INC_CPSAT_ECC_MAX_0.391_50	OPTIMAL	3.9892247042	3.989224704302379	9.32	-1	3	130
HRC_bestinc_cpsat_1000:MyLog	R(5,1000,4,0,0.5,3)	5	1000	4	0	INC_CPSAT_ECC_MAX_0.719_50	OPTIMAL	9.470072738	9.470072738469977	461.975	-1	8	214
HRC_bestinc_cpsat_1000:MyLog	R(2,1000,4,0,0.5,3)	2	1000	4	0	INC_CPSAT_DIST_SUM_0.2_200	OPTIMAL	2.746769827	2.74676982684441	2.519	-1	1	200
HRC_bestinc_cpsat_1000:MyLog	R(3,1000,4,0,0.5,3)	3	1000	4	0	INC_CPSAT_DIST_SUM_0.391_200	OPTIMAL	3.9892247042	3.989224704302379	14.612	-1	2	209
HRC_bestinc_cpsat_1000:MyLog	R(5,1000,4,0,0.5,3)	5	1000	4	0	INC_CPSAT_DIST_SUM_0.719_200	OPTIMAL	9.470072738	9.470072738469977	328.655	-1	7	238
HRC_bestinc_cpsat_1000:MyLog	R(2,1000,4,0,0.5,3)	2	1000	4	0	INC_CPSAT_DIST_SUM_0.2_100	OPTIMAL	2.746769827	2.74676982684441	2.371	-1	4	111
HRC_bestinc_cpsat_1000:MyLog	R(3,1000,4,0,0.5,3)	3	1000	4	0	INC_CPSAT_DIST_SUM_0.391_100	OPTIMAL	3.9892247042	3.989224704302379	12.683	-1	3	121
HRC_bestinc_cpsat_1000:MyLog	R(5,1000,4,0,0.5,3)	5	1000	4	0	INC_CPSAT_DIST_SUM_0.719_100	OPTIMAL	9.470072738	9.470072738469977	238.311	-1	7	170
HRC_bestinc_cpsat_1000:MyLog	R(2,1000,4,0,0.5,3)	2	1000	4	0	INC_CPSAT_DIST_SUM_0.2_50	OPTIMAL	2.746769827	2.74676982684441	3.713	-1	5	119
HRC_bestinc_cpsat_1000:MyLog	R(3,1000,4,0,0.5,3)	3	1000	4	0	INC_CPSAT_DIST_SUM_0.391_50	OPTIMAL	3.9892247042	3.989224704302379	11.72	-1	4	99
HRC_bestinc_cpsat_1000:MyLog	R(5,1000,4,0,0.5,3)	5	1000	4	0	INC_CPSAT_DIST_SUM_0.719_50	OPTIMAL	9.470072738	9.470072738469977	390.445	-1	8	177
HRC_bestinc_cpsat_1000:MyLog	R(2,1000,4,0,0.5,4)	2	1000	4	0	INC_CPSAT_ECC_MAX_0.2_200	OPTIMAL	2.8904663343	2.8904663342934587	1.263	-1	1	200
HRC_bestinc_cpsat_1000:MyLog	R(3,1000,4,0,0.5,4)	3	1000	4	0	INC_CPSAT_ECC_MAX_0.391_200	OPTIMAL	5.2085258727	5.208525872825286	14.916	-1	1	200
HRC_bestinc_cpsat_1000:MyLog	R(5,1000,4,0,0.5,4)	5	1000	4	0	INC_CPSAT_ECC_MAX_0.719_200	OPTIMAL	9.4349714294	9.434971429761505	38.922	-1	1	200
HRC_bestinc_cpsat_1000:MyLog	R(2,1000,4,0,0.5,4)	2	1000	4	0	INC_CPSAT_ECC_MAX_0.2_100	OPTIMAL	2.8904663343	2.8904663342934587	0.842	-1	1	100
HRC_bestinc_cpsat_1000:MyLog	R(3,1000,4,0,0.5,4)	3	1000	4	0	INC_CPSAT_ECC_MAX_0.391_100	OPTIMAL	5.2085258727	5.208525872825286	7.052	-1	1	100
HRC_bestinc_cpsat_1000:MyLog	R(5,1000,4,0,0.5,4)	5	1000	4	0	INC_CPSAT_ECC_MAX_0.719_100	OPTIMAL	9.4349714294	9.434971429761505	326.892	-1	8	221
HRC_bestinc_cpsat_1000:MyLog	R(2,1000,4,0,0.5,4)	2	1000	4	0	INC_CPSAT_ECC_MAX_0.2_50	OPTIMAL	2.8904663343	2.8904663342934587	0.733	-1	1	50
HRC_bestinc_cpsat_1000:MyLog	R(3,1000,4,0,0.5,4)	3	1000	4	0	INC_CPSAT_ECC_MAX_0.391_50	OPTIMAL	5.2085258727	5.208525872825286	20.639	-1	4	123
HRC_bestinc_cpsat_1000:MyLog	R(5,1000,4,0,0.5,4)	5	1000	4	0	INC_CPSAT_ECC_MAX_0.719_50	OPTIMAL	9.4349714294	9.434971429761505	222.569	-1	7	211
HRC_bestinc_cpsat_1000:MyLog	R(2,1000,4,0,0.5,4)	2	1000	4	0	INC_CPSAT_DIST_SUM_0.2_200	OPTIMAL	2.8904663343	2.8904663342934587	1.266	-1	1	200
HRC_bestinc_cpsat_1000:MyLog	R(3,1000,4,0,0.5,4)	3	1000	4	0	INC_CPSAT_DIST_SUM_0.391_200	OPTIMAL	5.2085258727	5.208525872825286	54.933	-1	6	214
HRC_bestinc_cpsat_1000:MyLog	R(5,1000,4,0,0.5,4)	5	1000	4	0	INC_CPSAT_DIST_SUM_0.719_200	OPTIMAL	9.4349714294	9.434971429761505	144.54	-1	5	218
HRC_bestinc_cpsat_1000:MyLog	R(2,1000,4,0,0.5,4)	2	1000	4	0	INC_CPSAT_DIST_SUM_0.2_100	OPTIMAL	2.8904663343	2.8904663342934587	0.628	-1	1	100
HRC_bestinc_cpsat_1000:MyLog	R(3,1000,4,0,0.5,4)	3	1000	4	0	INC_CPSAT_DIST_SUM_0.391_100	OPTIMAL	5.2085258727	5.208525872825286	67.455	-1	8	135
HRC_bestinc_cpsat_1000:MyLog	R(5,1000,4,0,0.5,4)	5	1000	4	0	INC_CPSAT_DIST_SUM_0.719_100	OPTIMAL	9.4349714294	9.434971429761505	384.079	-1	9	205
HRC_bestinc_cpsat_1000:MyLog	R(2,1000,4,0,0.5,4)	2	1000	4	0	INC_CPSAT_DIST_SUM_0.2_50	OPTIMAL	2.8904663343	2.8904663342934587	2.049	-1	4	158
HRC_bestinc_cpsat_1000:MyLog	R(3,1000,4,0,0.5,4)	3	1000	4	0	INC_CPSAT_DIST_SUM_0.391_50	OPTIMAL	5.2085258727	5.208525872825286	60.823	-1	10	202
HRC_bestinc_cpsat_1000:MyLog	R(5,1000,4,0,0.5,4)	5	1000	4	0	INC_CPSAT_DIST_SUM_0.719_50	OPTIMAL	9.4349714294	9.434971429761505	210.301	-1	5	201
HRC_bestinc_cpsat_1000:MyLog	R(2,1000,6,0,0.5,0)	2	1000	6	0	INC_CPSAT_ECC_MAX_0.2_200	OPTIMAL	3.876969427	3.8769694271372757	409.551	-1	1	200
HRC_bestinc_cpsat_1000:MyLog	R(3,1000,6,0,0.5,0)	3	1000	6	0	INC_CPSAT_ECC_MAX_0.391_200	FEASIBLE	4.9982635635	6.506692831895428	1800.699	-1	1	202
HRC_bestinc_cpsat_1000:MyLog	R(5,1000,6,0,0.5,0)	5	1000	6	0	INC_CPSAT_ECC_MAX_0.719_200	FEASIBLE	6.1358576864	9.84359342587936	1800.507	-1	1	210
HRC_bestinc_cpsat_1000:MyLog	R(2,1000,6,0,0.5,0)	2	1000	6	0	INC_CPSAT_ECC_MAX_0.2_100	OPTIMAL	3.876969427	3.8769694271372757	1130.629	-1	4	209
HRC_bestinc_cpsat_1000:MyLog	R(3,1000,6,0,0.5,0)	3	1000	6	0	INC_CPSAT_ECC_MAX_0.391_100	FEASIBLE	6.3438098374	6.52909478196316	1800.801	-1	2	214
HRC_bestinc_cpsat_1000:MyLog	R(5,1000,6,0,0.5,0)	5	1000	6	0	INC_CPSAT_ECC_MAX_0.719_100	FEASIBLE	8.3398969982	9.852256830410955	1800.48	-1	1	131
HRC_bestinc_cpsat_1000:MyLog	R(2,1000,6,0,0.5,0)	2	1000	6	0	INC_CPSAT_ECC_MAX_0.2_50	FEASIBLE	3.7267355774	3.887898949226845	1800.556	-1	3	174
HRC_bestinc_cpsat_1000:MyLog	R(3,1000,6,0,0.5,0)	3	1000	6	0	INC_CPSAT_ECC_MAX_0.391_50	FEASIBLE	6.2021527388	6.531593388231781	1800.171	-1	3	200
HRC_bestinc_cpsat_1000:MyLog	R(5,1000,6,0,0.5,0)	5	1000	6	0	INC_CPSAT_ECC_MAX_0.719_50	FEASIBLE	9.3207380336	9.846606713591633	1801.069	-1	2	150
HRC_bestinc_cpsat_1000:MyLog	R(2,1000,6,0,0.5,0)	2	1000	6	0	INC_CPSAT_DIST_SUM_0.2_200	OPTIMAL	3.876969427	3.8769694271372757	1799.476	-1	2	202
HRC_bestinc_cpsat_1000:MyLog	R(3,1000,6,0,0.5,0)	3	1000	6	0	INC_CPSAT_DIST_SUM_0.391_200	FEASIBLE	4.4705964702	6.522642081862998	1800.459	-1	1	213
HRC_bestinc_cpsat_1000:MyLog	R(5,1000,6,0,0.5,0)	5	1000	6	0	INC_CPSAT_DIST_SUM_0.719_200	FEASIBLE	5.9801996845	9.854947091443142	1800.767	-1	1	213
HRC_bestinc_cpsat_1000:MyLog	R(2,1000,6,0,0.5,0)	2	1000	6	0	INC_CPSAT_DIST_SUM_0.2_100	FEASIBLE	3.7945784102	3.896903719758109	1800.396	-1	2	207
HRC_bestinc_cpsat_1000:MyLog	R(3,1000,6,0,0.5,0)	3	1000	6	0	INC_CPSAT_DIST_SUM_0.391_100	FEASIBLE	6.2464120925	6.522642081862998	1800.355	-1	2	223
HRC_bestinc_cpsat_1000:MyLog	R(5,1000,6,0,0.5,0)	5	1000	6	0	INC_CPSAT_DIST_SUM_0.719_100	FEASIBLE	6.5884974801	9.853775603945612	1800.418	-1	1	152
HRC_bestinc_cpsat_1000:MyLog	R(2,1000,6,0,0.5,0)	2	1000	6	0	INC_CPSAT_DIST_SUM_0.2_50	OPTIMAL	3.876969427	3.8769694271372757	1549.85	-1	3	150
HRC_bestinc_cpsat_1000:MyLog	R(3,1000,6,0,0.5,0)	3	1000	6	0	INC_CPSAT_DIST_SUM_0.391_50	FEASIBLE	6.1455328494	6.532561606775856	1801.387	-1	3	200
HRC_bestinc_cpsat_1000:MyLog	R(5,1000,6,0,0.5,0)	5	1000	6	0	INC_CPSAT_DIST_SUM_0.719_50	FEASIBLE	7.5434174958	9.852406529769262	1800.413	-1	1	100
HRC_bestinc_cpsat_1000:MyLog	R(2,1000,6,0,0.5,1)	2	1000	6	0	INC_CPSAT_ECC_MAX_0.2_200	OPTIMAL	4.1607946666	4.1607946669462965	738.802	-1	1	200
HRC_bestinc_cpsat_1000:MyLog	R(3,1000,6,0,0.5,1)	3	1000	6	0	INC_CPSAT_ECC_MAX_0.391_200	FEASIBLE	4.4121049592	5.807488520048823	1800.42	-1	1	200
HRC_bestinc_cpsat_1000:MyLog	R(5,1000,6,0,0.5,1)	5	1000	6	0	INC_CPSAT_ECC_MAX_0.719_200	FEASIBLE	6.3477541774	10.016987187861673	1800.487	-1	1	212
HRC_bestinc_cpsat_1000:MyLog	R(2,1000,6,0,0.5,1)	2	1000	6	0	INC_CPSAT_ECC_MAX_0.2_100	OPTIMAL	4.1607946666	4.1607946669462965	751.506	-1	2	142
HRC_bestinc_cpsat_1000:MyLog	R(3,1000,6,0,0.5,1)	3	1000	6	0	INC_CPSAT_ECC_MAX_0.391_100	FEASIBLE	5.7596867339	5.824820480928096	1801.107	-1	2	139
HRC_bestinc_cpsat_1000:MyLog	R(5,1000,6,0,0.5,1)	5	1000	6	0	INC_CPSAT_ECC_MAX_0.719_100	FEASIBLE	6.2911722009	10.029928747281556	1800.411	-1	1	181
HRC_bestinc_cpsat_1000:MyLog	R(2,1000,6,0,0.5,1)	2	1000	6	0	INC_CPSAT_ECC_MAX_0.2_50	FEASIBLE	4.057411877	4.372918374076779	1801.125	-1	4	250
HRC_bestinc_cpsat_1000:MyLog	R(3,1000,6,0,0.5,1)	3	1000	6	0	INC_CPSAT_ECC_MAX_0.391_50	FEASIBLE	5.4791437028	5.834470710223003	1800.106	-1	2	150
HRC_bestinc_cpsat_1000:MyLog	R(5,1000,6,0,0.5,1)	5	1000	6	0	INC_CPSAT_ECC_MAX_0.719_50	FEASIBLE	6.8641759056	10.017231873534651	1800.395	-1	1	100
HRC_bestinc_cpsat_1000:MyLog	R(2,1000,6,0,0.5,1)	2	1000	6	0	INC_CPSAT_DIST_SUM_0.2_200	FEASIBLE	3.8707853925	4.166568360734889	1800.37	-1	2	401
HRC_bestinc_cpsat_1000:MyLog	R(3,1000,6,0,0.5,1)	3	1000	6	0	INC_CPSAT_DIST_SUM_0.391_200	FEASIBLE	4.3558797604	5.82823374358415	1800.42	-1	1	211
HRC_bestinc_cpsat_1000:MyLog	R(5,1000,6,0,0.5,1)	5	1000	6	0	INC_CPSAT_DIST_SUM_0.719_200	FEASIBLE	6.7053671581	10.022481335747672	1800.519	-1	1	262
HRC_bestinc_cpsat_1000:MyLog	R(2,1000,6,0,0.5,1)	2	1000	6	0	INC_CPSAT_DIST_SUM_0.2_100	FEASIBLE	3.8389245216	4.379104406412402	1801.024	-1	2	300
HRC_bestinc_cpsat_1000:MyLog	R(3,1000,6,0,0.5,1)	3	1000	6	0	INC_CPSAT_DIST_SUM_0.391_100	FEASIBLE	5.7199813174	5.816017644446948	1801.079	-1	2	137
HRC_bestinc_cpsat_1000:MyLog	R(5,1000,6,0,0.5,1)	5	1000	6	0	INC_CPSAT_DIST_SUM_0.719_100	FEASIBLE	6.8432833545	10.023641458913893	1800.393	-1	1	166
HRC_bestinc_cpsat_1000:MyLog	R(2,1000,6,0,0.5,1)	2	1000	6	0	INC_CPSAT_DIST_SUM_0.2_50	FEASIBLE	3.9151064907	4.1662408853927095	1800.53	-1	5	251
HRC_bestinc_cpsat_1000:MyLog	R(3,1000,6,0,0.5,1)	3	1000	6	0	INC_CPSAT_DIST_SUM_0.391_50	FEASIBLE	5.6831322798	5.818886108217741	1800.464	-1	4	192
HRC_bestinc_cpsat_1000:MyLog	R(5,1000,6,0,0.5,1)	5	1000	6	0	INC_CPSAT_DIST_SUM_0.719_50	FEASIBLE	6.6500512557	10.021980116715746	1801.276	-1	1	100
HRC_bestinc_cpsat_1000:MyLog	R(2,1000,6,0,0.5,2)	2	1000	6	0	INC_CPSAT_ECC_MAX_0.2_200	OPTIMAL	3.8423675117	3.8423675117860068	293.388	-1	1	200
HRC_bestinc_cpsat_1000:MyLog	R(3,1000,6,0,0.5,2)	3	1000	6	0	INC_CPSAT_ECC_MAX_0.391_200	FEASIBLE	4.9512244045	6.049772429699466	1800.429	-1	1	200
HRC_bestinc_cpsat_1000:MyLog	R(5,1000,6,0,0.5,2)	5	1000	6	0	INC_CPSAT_ECC_MAX_0.719_200	FEASIBLE	7.0405746085	11.15885471943405	1800.668	-1	1	225
HRC_bestinc_cpsat_1000:MyLog	R(2,1000,6,0,0.5,2)	2	1000	6	0	INC_CPSAT_ECC_MAX_0.2_100	OPTIMAL	3.8423675117	3.8423675117860068	647.104	-1	3	127
HRC_bestinc_cpsat_1000:MyLog	R(3,1000,6,0,0.5,2)	3	1000	6	0	INC_CPSAT_ECC_MAX_0.391_100	FEASIBLE	4.9361643914	6.076470324427613	1800.413	-1	1	137
HRC_bestinc_cpsat_1000:MyLog	R(5,1000,6,0,0.5,2)	5	1000	6	0	INC_CPSAT_ECC_MAX_0.719_100	FEASIBLE	9.656175247	11.15590579695873	1800.541	-1	1	163
HRC_bestinc_cpsat_1000:MyLog	R(2,1000,6,0,0.5,2)	2	1000	6	0	INC_CPSAT_ECC_MAX_0.2_50	FEASIBLE	3.7486946452	3.8512417670231147	1800.527	-1	5	292
HRC_bestinc_cpsat_1000:MyLog	R(3,1000,6,0,0.5,2)	3	1000	6	0	INC_CPSAT_ECC_MAX_0.391_50	FEASIBLE	5.8105737647	6.081512540151381	1800.376	-1	2	150
HRC_bestinc_cpsat_1000:MyLog	R(5,1000,6,0,0.5,2)	5	1000	6	0	INC_CPSAT_ECC_MAX_0.719_50	FEASIBLE	10.3055352054	11.157315546581255	1800.305	-1	2	150
HRC_bestinc_cpsat_1000:MyLog	R(2,1000,6,0,0.5,2)	2	1000	6	0	INC_CPSAT_DIST_SUM_0.2_200	FEASIBLE	3.8417114065	3.8423675117860068	1800.337	-1	3	203
HRC_bestinc_cpsat_1000:MyLog	R(3,1000,6,0,0.5,2)	3	1000	6	0	INC_CPSAT_DIST_SUM_0.391_200	FEASIBLE	4.8436639455	6.070936675433021	1800.412	-1	1	207
HRC_bestinc_cpsat_1000:MyLog	R(5,1000,6,0,0.5,2)	5	1000	6	0	INC_CPSAT_DIST_SUM_0.719_200	FEASIBLE	6.579116692	11.156730020565783	1800.511	-1	1	217
HRC_bestinc_cpsat_1000:MyLog	R(2,1000,6,0,0.5,2)	2	1000	6	0	INC_CPSAT_DIST_SUM_0.2_100	FEASIBLE	3.8310049323	3.8441908674470584	1800.961	-1	4	207
HRC_bestinc_cpsat_1000:MyLog	R(3,1000,6,0,0.5,2)	3	1000	6	0	INC_CPSAT_DIST_SUM_0.391_100	FEASIBLE	5.9353308964	6.082375733479541	1800.21	-1	3	285
HRC_bestinc_cpsat_1000:MyLog	R(5,1000,6,0,0.5,2)	5	1000	6	0	INC_CPSAT_DIST_SUM_0.719_100	FEASIBLE	7.2549621227	11.158187099448412	1801.869	-1	1	154
HRC_bestinc_cpsat_1000:MyLog	R(2,1000,6,0,0.5,2)	2	1000	6	0	INC_CPSAT_DIST_SUM_0.2_50	FEASIBLE	3.774243028	3.9519958310586913	1800.479	-1	5	297
HRC_bestinc_cpsat_1000:MyLog	R(3,1000,6,0,0.5,2)	3	1000	6	0	INC_CPSAT_DIST_SUM_0.391_50	FEASIBLE	5.790136926	6.069743760518695	1800.941	-1	3	178
HRC_bestinc_cpsat_1000:MyLog	R(5,1000,6,0,0.5,2)	5	1000	6	0	INC_CPSAT_DIST_SUM_0.719_50	FEASIBLE	7.5726487824	11.155533047955698	1800.497	-1	1	100
HRC_bestinc_cpsat_1000:MyLog	R(2,1000,6,0,0.5,3)	2	1000	6	0	INC_CPSAT_ECC_MAX_0.2_200	OPTIMAL	4.0039278789	4.00392787895111	1373.796	-1	1	200
HRC_bestinc_cpsat_1000:MyLog	R(3,1000,6,0,0.5,3)	3	1000	6	0	INC_CPSAT_ECC_MAX_0.391_200	FEASIBLE	4.5479521247	6.005776879245012	1800.473	-1	1	200
HRC_bestinc_cpsat_1000:MyLog	R(5,1000,6,0,0.5,3)	5	1000	6	0	INC_CPSAT_ECC_MAX_0.719_200	FEASIBLE	7.4745584682	9.728152221699741	1800.507	-1	1	209
HRC_bestinc_cpsat_1000:MyLog	R(2,1000,6,0,0.5,3)	2	1000	6	0	INC_CPSAT_ECC_MAX_0.2_100	FEASIBLE	3.9647650995	4.222938756357812	1801.024	-1	2	201
HRC_bestinc_cpsat_1000:MyLog	R(3,1000,6,0,0.5,3)	3	1000	6	0	INC_CPSAT_ECC_MAX_0.391_100	FEASIBLE	5.9237512074	6.0089126438241784	1801.023	-1	2	155
HRC_bestinc_cpsat_1000:MyLog	R(5,1000,6,0,0.5,3)	5	1000	6	0	INC_CPSAT_ECC_MAX_0.719_100	FEASIBLE	6.461862521	9.723877904021146	1800.723	-1	1	184
HRC_bestinc_cpsat_1000:MyLog	R(2,1000,6,0,0.5,3)	2	1000	6	0	INC_CPSAT_ECC_MAX_0.2_50	FEASIBLE	3.8525473543	4.006868451583054	1800.467	-1	4	201
HRC_bestinc_cpsat_1000:MyLog	R(3,1000,6,0,0.5,3)	3	1000	6	0	INC_CPSAT_ECC_MAX_0.391_50	FEASIBLE	4.1255636315	6.016733426591265	1800.477	-1	1	100
HRC_bestinc_cpsat_1000:MyLog	R(5,1000,6,0,0.5,3)	5	1000	6	0	INC_CPSAT_ECC_MAX_0.719_50	FEASIBLE	9.2135120442	9.72497266343777	1800.954	-1	2	150
HRC_bestinc_cpsat_1000:MyLog	R(2,1000,6,0,0.5,3)	2	1000	6	0	INC_CPSAT_DIST_SUM_0.2_200	FEASIBLE	3.0174467833	4.00392787895111	1800.448	-1	1	200
HRC_bestinc_cpsat_1000:MyLog	R(3,1000,6,0,0.5,3)	3	1000	6	0	INC_CPSAT_DIST_SUM_0.391_200	FEASIBLE	4.4680359425	6.027133771447151	1800.4	-1	1	218
HRC_bestinc_cpsat_1000:MyLog	R(5,1000,6,0,0.5,3)	5	1000	6	0	INC_CPSAT_DIST_SUM_0.719_200	FEASIBLE	5.8766127652	9.73482468834752	1800.538	-1	1	225
HRC_bestinc_cpsat_1000:MyLog	R(2,1000,6,0,0.5,3)	2	1000	6	0	INC_CPSAT_DIST_SUM_0.2_100	FEASIBLE	3.8836117482	4.013367820186328	1801.012	-1	2	211
HRC_bestinc_cpsat_1000:MyLog	R(3,1000,6,0,0.5,3)	3	1000	6	0	INC_CPSAT_DIST_SUM_0.391_100	FEASIBLE	5.8834097531	6.011006898608029	1800.452	-1	2	171
HRC_bestinc_cpsat_1000:MyLog	R(5,1000,6,0,0.5,3)	5	1000	6	0	INC_CPSAT_DIST_SUM_0.719_100	FEASIBLE	7.0548036067	9.729683284569177	1800.466	-1	1	161
HRC_bestinc_cpsat_1000:MyLog	R(2,1000,6,0,0.5,3)	2	1000	6	0	INC_CPSAT_DIST_SUM_0.2_50	FEASIBLE	3.9964422798	4.012372816289494	1800.775	-1	6	256
HRC_bestinc_cpsat_1000:MyLog	R(3,1000,6,0,0.5,3)	3	1000	6	0	INC_CPSAT_DIST_SUM_0.391_50	FEASIBLE	5.6911044202	6.014517915869039	1800.274	-1	2	124
HRC_bestinc_cpsat_1000:MyLog	R(5,1000,6,0,0.5,3)	5	1000	6	0	INC_CPSAT_DIST_SUM_0.719_50	FEASIBLE	9.3590157452	9.728595179549945	1801.58	-1	2	150
HRC_bestinc_cpsat_1000:MyLog	R(2,1000,6,0,0.5,4)	2	1000	6	0	INC_CPSAT_ECC_MAX_0.2_200	OPTIMAL	4.4860026196	4.486002619807401	622.454	-1	1	200
HRC_bestinc_cpsat_1000:MyLog	R(3,1000,6,0,0.5,4)	3	1000	6	0	INC_CPSAT_ECC_MAX_0.391_200	FEASIBLE	4.2731956673	6.535000347988826	1800.429	-1	1	208
HRC_bestinc_cpsat_1000:MyLog	R(5,1000,6,0,0.5,4)	5	1000	6	0	INC_CPSAT_ECC_MAX_0.719_200	FEASIBLE	6.0999314681	10.035031351149074	1800.72	-1	1	223
HRC_bestinc_cpsat_1000:MyLog	R(2,1000,6,0,0.5,4)	2	1000	6	0	INC_CPSAT_ECC_MAX_0.2_100	OPTIMAL	4.4860026196	4.486002619807401	1037.757	-1	3	134
HRC_bestinc_cpsat_1000:MyLog	R(3,1000,6,0,0.5,4)	3	1000	6	0	INC_CPSAT_ECC_MAX_0.391_100	FEASIBLE	6.3562228979	6.519820396135718	1801.053	-1	2	176
HRC_bestinc_cpsat_1000:MyLog	R(5,1000,6,0,0.5,4)	5	1000	6	0	INC_CPSAT_ECC_MAX_0.719_100	FEASIBLE	6.6885045474	10.053849295680491	1800.594	-1	1	186
HRC_bestinc_cpsat_1000:MyLog	R(2,1000,6,0,0.5,4)	2	1000	6	0	INC_CPSAT_ECC_MAX_0.2_50	OPTIMAL	4.4860026196	4.486002619807401	794.374	-1	4	162
HRC_bestinc_cpsat_1000:MyLog	R(3,1000,6,0,0.5,4)	3	1000	6	0	INC_CPSAT_ECC_MAX_0.391_50	FEASIBLE	6.1781817243	6.510639803650241	1800.103	-1	3	200
HRC_bestinc_cpsat_1000:MyLog	R(5,1000,6,0,0.5,4)	5	1000	6	0	INC_CPSAT_ECC_MAX_0.719_50	FEASIBLE	9.3331805563	10.039684532443303	1800.206	-1	2	150
HRC_bestinc_cpsat_1000:MyLog	R(2,1000,6,0,0.5,4)	2	1000	6	0	INC_CPSAT_DIST_SUM_0.2_200	OPTIMAL	4.4860026196	4.486002619807401	1458.529	-1	3	205
HRC_bestinc_cpsat_1000:MyLog	R(3,1000,6,0,0.5,4)	3	1000	6	0	INC_CPSAT_DIST_SUM_0.391_200	FEASIBLE	4.2705129507	6.530261100618906	1800.476	-1	1	223
HRC_bestinc_cpsat_1000:MyLog	R(5,1000,6,0,0.5,4)	5	1000	6	0	INC_CPSAT_DIST_SUM_0.719_200	FEASIBLE	7.0711948698	10.022308156367536	1800.617	-1	1	224
HRC_bestinc_cpsat_1000:MyLog	R(2,1000,6,0,0.5,4)	2	1000	6	0	INC_CPSAT_DIST_SUM_0.2_100	OPTIMAL	4.4860026196	4.486002619807401	1430.63	-1	5	218
HRC_bestinc_cpsat_1000:MyLog	R(3,1000,6,0,0.5,4)	3	1000	6	0	INC_CPSAT_DIST_SUM_0.391_100	FEASIBLE	6.2496787311	6.534109212965185	1801.239	-1	2	218
HRC_bestinc_cpsat_1000:MyLog	R(5,1000,6,0,0.5,4)	5	1000	6	0	INC_CPSAT_DIST_SUM_0.719_100	FEASIBLE	7.2867885453	10.030330843741805	1800.423	-1	1	163
HRC_bestinc_cpsat_1000:MyLog	R(2,1000,6,0,0.5,4)	2	1000	6	0	INC_CPSAT_DIST_SUM_0.2_50	FEASIBLE	4.4790913162	4.486002619807401	1800.634	-1	5	191
HRC_bestinc_cpsat_1000:MyLog	R(3,1000,6,0,0.5,4)	3	1000	6	0	INC_CPSAT_DIST_SUM_0.391_50	FEASIBLE	5.9962609389	6.537261385778247	1800.56	-1	2	150
HRC_bestinc_cpsat_1000:MyLog	R(5,1000,6,0,0.5,4)	5	1000	6	0	INC_CPSAT_DIST_SUM_0.719_50	FEASIBLE	9.2267281699	10.040953315212867	1800.948	-1	2	150
HRC_bestinc_cpsat_10000:MyLog	R(2,10000,4,0,0.5,0)	2	10000	4	0	INC_CPSAT_ECC_MAX_0.2_2000	OPTIMAL	2.8833021916	2.8833021919143245	79.487	-1	1	2000
HRC_bestinc_cpsat_10000:MyLog	R(3,10000,4,0,0.5,0)	3	10000	4	0	INC_CPSAT_ECC_MAX_0.391_2000	OPTIMAL	5.5088275397	5.508827540093374	293.4	-1	1	2000
HRC_bestinc_cpsat_10000:MyLog	R(5,10000,4,0,0.5,0)	5	10000	4	0	INC_CPSAT_ECC_MAX_0.719_2000	FEASIBLE	6.0225231409	8.612141206972034	1810.735	-1	1	2000
HRC_bestinc_cpsat_10000:MyLog	R(2,10000,4,0,0.5,0)	2	10000	4	0	INC_CPSAT_ECC_MAX_0.2_1000	OPTIMAL	2.8833021916	2.8833021919143245	30.24	-1	1	1000
HRC_bestinc_cpsat_10000:MyLog	R(3,10000,4,0,0.5,0)	3	10000	4	0	INC_CPSAT_ECC_MAX_0.391_1000	OPTIMAL	5.5088275397	5.508827540093374	75.567	-1	1	1000
HRC_bestinc_cpsat_10000:MyLog	R(5,10000,4,0,0.5,0)	5	10000	4	0	INC_CPSAT_ECC_MAX_0.719_1000	OPTIMAL	8.6121412063	8.612141206972034	569.726	-1	1	1000
HRC_bestinc_cpsat_10000:MyLog	R(2,10000,4,0,0.5,0)	2	10000	4	0	INC_CPSAT_ECC_MAX_0.2_500	OPTIMAL	2.8833021916	2.8833021919143245	12.196	-1	1	500
HRC_bestinc_cpsat_10000:MyLog	R(3,10000,4,0,0.5,0)	3	10000	4	0	INC_CPSAT_ECC_MAX_0.391_500	OPTIMAL	5.5088275397	5.508827540093374	50.138	-1	1	500
HRC_bestinc_cpsat_10000:MyLog	R(5,10000,4,0,0.5,0)	5	10000	4	0	INC_CPSAT_ECC_MAX_0.719_500	OPTIMAL	8.6121412063	8.612141206972034	209.798	-1	1	500
HRC_bestinc_cpsat_10000:MyLog	R(2,10000,4,0,0.5,0)	2	10000	4	0	INC_CPSAT_ECC_MAX_0.2_200	OPTIMAL	2.8833021916	2.8833021919143245	5.0	-1	1	200
HRC_bestinc_cpsat_10000:MyLog	R(3,10000,4,0,0.5,0)	3	10000	4	0	INC_CPSAT_ECC_MAX_0.391_200	OPTIMAL	5.5088275397	5.508827540093374	12.99	-1	1	200
HRC_bestinc_cpsat_10000:MyLog	R(5,10000,4,0,0.5,0)	5	10000	4	0	INC_CPSAT_ECC_MAX_0.719_200	OPTIMAL	8.6121412063	8.612141206972034	90.926	-1	1	200
HRC_bestinc_cpsat_10000:MyLog	R(2,10000,4,0,0.5,0)	2	10000	4	0	INC_CPSAT_ECC_MAX_0.2_100	OPTIMAL	2.8833021916	2.8833021919143245	3.268	-1	1	100
HRC_bestinc_cpsat_10000:MyLog	R(3,10000,4,0,0.5,0)	3	10000	4	0	INC_CPSAT_ECC_MAX_0.391_100	OPTIMAL	5.5088275397	5.508827540093374	12.374	-1	1	100
HRC_bestinc_cpsat_10000:MyLog	R(5,10000,4,0,0.5,0)	5	10000	4	0	INC_CPSAT_ECC_MAX_0.719_100	OPTIMAL	8.6115732349	8.612232014755975	720.295	-1	6	357
HRC_bestinc_cpsat_10000:MyLog	R(2,10000,4,0,0.5,0)	2	10000	4	0	INC_CPSAT_DIST_SUM_0.2_2000	OPTIMAL	2.8833021916	2.8833021919143245	68.781	-1	1	2000
HRC_bestinc_cpsat_10000:MyLog	R(3,10000,4,0,0.5,0)	3	10000	4	0	INC_CPSAT_DIST_SUM_0.391_2000	OPTIMAL	5.5086788207	5.508827540093374	517.449	-1	2	2011
HRC_bestinc_cpsat_10000:MyLog	R(5,10000,4,0,0.5,0)	5	10000	4	0	INC_CPSAT_DIST_SUM_0.719_2000	FEASIBLE	8.6097126367	8.612749106324785	1808.03	-1	2	2013
HRC_bestinc_cpsat_10000:MyLog	R(2,10000,4,0,0.5,0)	2	10000	4	0	INC_CPSAT_DIST_SUM_0.2_1000	OPTIMAL	2.8833021916	2.8833021919143245	79.847	-1	4	1009
HRC_bestinc_cpsat_10000:MyLog	R(3,10000,4,0,0.5,0)	3	10000	4	0	INC_CPSAT_DIST_SUM_0.391_1000	OPTIMAL	5.5086788207	5.508827540093374	378.805	-1	4	1052
HRC_bestinc_cpsat_10000:MyLog	R(5,10000,4,0,0.5,0)	5	10000	4	0	INC_CPSAT_DIST_SUM_0.719_1000	FEASIBLE	8.6097346714	8.612568180953728	1805.679	-1	3	1042
HRC_bestinc_cpsat_10000:MyLog	R(2,10000,4,0,0.5,0)	2	10000	4	0	INC_CPSAT_DIST_SUM_0.2_500	OPTIMAL	2.8833021916	2.8833021919143245	40.435	-1	5	521
HRC_bestinc_cpsat_10000:MyLog	R(3,10000,4,0,0.5,0)	3	10000	4	0	INC_CPSAT_DIST_SUM_0.391_500	OPTIMAL	5.5086788207	5.508827540093374	303.398	-1	6	585
HRC_bestinc_cpsat_10000:MyLog	R(5,10000,4,0,0.5,0)	5	10000	4	0	INC_CPSAT_DIST_SUM_0.719_500	OPTIMAL	8.6121412063	8.612141206972034	1588.944	-1	6	629
HRC_bestinc_cpsat_10000:MyLog	R(2,10000,4,0,0.5,0)	2	10000	4	0	INC_CPSAT_DIST_SUM_0.2_200	OPTIMAL	2.8831451981	2.8833840741850194	54.195	-1	7	624
HRC_bestinc_cpsat_10000:MyLog	R(3,10000,4,0,0.5,0)	3	10000	4	0	INC_CPSAT_DIST_SUM_0.391_200	OPTIMAL	5.5088275397	5.508827540093374	166.3	-1	8	366
HRC_bestinc_cpsat_10000:MyLog	R(5,10000,4,0,0.5,0)	5	10000	4	0	INC_CPSAT_DIST_SUM_0.719_200	OPTIMAL	8.6121412063	8.612141206972034	916.529	-1	7	476
HRC_bestinc_cpsat_10000:MyLog	R(2,10000,4,0,0.5,0)	2	10000	4	0	INC_CPSAT_DIST_SUM_0.2_100	OPTIMAL	2.8833021916	2.8833021919143245	20.618	-1	8	329
HRC_bestinc_cpsat_10000:MyLog	R(3,10000,4,0,0.5,0)	3	10000	4	0	INC_CPSAT_DIST_SUM_0.391_100	OPTIMAL	5.5088275397	5.508827540093374	108.05	-1	8	374
HRC_bestinc_cpsat_10000:MyLog	R(5,10000,4,0,0.5,0)	5	10000	4	0	INC_CPSAT_DIST_SUM_0.719_100	OPTIMAL	8.6121412063	8.612141206972034	876.385	-1	9	494
HRC_bestinc_cpsat_10000:MyLog	R(2,10000,4,0,0.5,1)	2	10000	4	0	INC_CPSAT_ECC_MAX_0.2_2000	OPTIMAL	3.9976592813	3.99765928121145	64.863	-1	1	2000
HRC_bestinc_cpsat_10000:MyLog	R(3,10000,4,0,0.5,1)	3	10000	4	0	INC_CPSAT_ECC_MAX_0.391_2000	OPTIMAL	5.2145694746	5.214569474868744	127.932	-1	1	2000
HRC_bestinc_cpsat_10000:MyLog	R(5,10000,4,0,0.5,1)	5	10000	4	0	INC_CPSAT_ECC_MAX_0.719_2000	OPTIMAL	8.691065861	8.691065861353302	577.655	-1	1	2000
HRC_bestinc_cpsat_10000:MyLog	R(2,10000,4,0,0.5,1)	2	10000	4	0	INC_CPSAT_ECC_MAX_0.2_1000	OPTIMAL	3.9976592813	3.99765928121145	25.126	-1	1	1000
HRC_bestinc_cpsat_10000:MyLog	R(3,10000,4,0,0.5,1)	3	10000	4	0	INC_CPSAT_ECC_MAX_0.391_1000	OPTIMAL	5.2145694746	5.214569474868744	44.438	-1	1	1000
HRC_bestinc_cpsat_10000:MyLog	R(5,10000,4,0,0.5,1)	5	10000	4	0	INC_CPSAT_ECC_MAX_0.719_1000	OPTIMAL	8.691065861	8.691065861353302	396.219	-1	1	1000
HRC_bestinc_cpsat_10000:MyLog	R(2,10000,4,0,0.5,1)	2	10000	4	0	INC_CPSAT_ECC_MAX_0.2_500	OPTIMAL	3.9976592813	3.99765928121145	9.427	-1	1	500
HRC_bestinc_cpsat_10000:MyLog	R(3,10000,4,0,0.5,1)	3	10000	4	0	INC_CPSAT_ECC_MAX_0.391_500	OPTIMAL	5.2145694746	5.214569474868744	17.197	-1	1	500
HRC_bestinc_cpsat_10000:MyLog	R(5,10000,4,0,0.5,1)	5	10000	4	0	INC_CPSAT_ECC_MAX_0.719_500	OPTIMAL	8.691065861	8.691065861353302	65.962	-1	1	500
HRC_bestinc_cpsat_10000:MyLog	R(2,10000,4,0,0.5,1)	2	10000	4	0	INC_CPSAT_ECC_MAX_0.2_200	OPTIMAL	3.9976592813	3.99765928121145	3.993	-1	1	200
HRC_bestinc_cpsat_10000:MyLog	R(3,10000,4,0,0.5,1)	3	10000	4	0	INC_CPSAT_ECC_MAX_0.391_200	OPTIMAL	5.2145694746	5.214569474868744	7.019	-1	1	200
HRC_bestinc_cpsat_10000:MyLog	R(5,10000,4,0,0.5,1)	5	10000	4	0	INC_CPSAT_ECC_MAX_0.719_200	OPTIMAL	8.691065861	8.691065861353302	15.217	-1	1	200
HRC_bestinc_cpsat_10000:MyLog	R(2,10000,4,0,0.5,1)	2	10000	4	0	INC_CPSAT_ECC_MAX_0.2_100	OPTIMAL	3.9976592813	3.99765928121145	2.745	-1	1	100
HRC_bestinc_cpsat_10000:MyLog	R(3,10000,4,0,0.5,1)	3	10000	4	0	INC_CPSAT_ECC_MAX_0.391_100	OPTIMAL	5.2145694746	5.214569474868744	4.63	-1	1	100
HRC_bestinc_cpsat_10000:MyLog	R(5,10000,4,0,0.5,1)	5	10000	4	0	INC_CPSAT_ECC_MAX_0.719_100	OPTIMAL	8.691065861	8.691065861353302	11.109	-1	1	100
HRC_bestinc_cpsat_10000:MyLog	R(2,10000,4,0,0.5,1)	2	10000	4	0	INC_CPSAT_DIST_SUM_0.2_2000	OPTIMAL	3.9976592813	3.9976592812114506	87.988	-1	1	2000
HRC_bestinc_cpsat_10000:MyLog	R(3,10000,4,0,0.5,1)	3	10000	4	0	INC_CPSAT_DIST_SUM_0.391_2000	OPTIMAL	5.2145694746	5.214569474868744	157.764	-1	1	2000
HRC_bestinc_cpsat_10000:MyLog	R(2,10000,4,0,0.5,1)	2	10000	4	0	INC_CPSAT_DIST_SUM_0.2_1000	OPTIMAL	3.9976592813	3.99765928121145	23.51	-1	1	1000
HRC_bestinc_cpsat_10000:MyLog	R(3,10000,4,0,0.5,1)	3	10000	4	0	INC_CPSAT_DIST_SUM_0.391_1000	OPTIMAL	5.2142924916	5.214790572542754	220.369	-1	5	1028
HRC_bestinc_cpsat_10000:MyLog	R(5,10000,4,0,0.5,1)	5	10000	4	0	INC_CPSAT_DIST_SUM_0.719_1000	OPTIMAL	8.6910357877	8.691749181817956	1072.067	-1	5	1033
HRC_bestinc_cpsat_10000:MyLog	R(2,10000,4,0,0.5,1)	2	10000	4	0	INC_CPSAT_DIST_SUM_0.2_500	OPTIMAL	3.9976592813	3.99765928121145	9.507	-1	1	500
HRC_bestinc_cpsat_10000:MyLog	R(3,10000,4,0,0.5,1)	3	10000	4	0	INC_CPSAT_DIST_SUM_0.391_500	OPTIMAL	5.2142316724	5.214569474868744	90.133	-1	7	545
HRC_bestinc_cpsat_10000:MyLog	R(5,10000,4,0,0.5,1)	5	10000	4	0	INC_CPSAT_DIST_SUM_0.719_500	OPTIMAL	8.6907803567	8.691463725292486	1348.109	-1	8	625
HRC_bestinc_cpsat_10000:MyLog	R(2,10000,4,0,0.5,1)	2	10000	4	0	INC_CPSAT_DIST_SUM_0.2_200	OPTIMAL	3.9976592813	3.99765928121145	3.906	-1	1	200
HRC_bestinc_cpsat_10000:MyLog	R(3,10000,4,0,0.5,1)	3	10000	4	0	INC_CPSAT_DIST_SUM_0.391_200	OPTIMAL	5.2142316724	5.214569474868744	73.504	-1	9	317
HRC_bestinc_cpsat_10000:MyLog	R(5,10000,4,0,0.5,1)	5	10000	4	0	INC_CPSAT_DIST_SUM_0.719_200	OPTIMAL	8.691065861	8.691065861353302	480.724	-1	13	549
HRC_bestinc_cpsat_10000:MyLog	R(2,10000,4,0,0.5,1)	2	10000	4	0	INC_CPSAT_DIST_SUM_0.2_100	OPTIMAL	3.9976592813	3.99765928121145	2.747	-1	1	100
HRC_bestinc_cpsat_10000:MyLog	R(3,10000,4,0,0.5,1)	3	10000	4	0	INC_CPSAT_DIST_SUM_0.391_100	OPTIMAL	5.2142316724	5.214569474868744	103.266	-1	13	340
HRC_bestinc_cpsat_10000:MyLog	R(5,10000,4,0,0.5,1)	5	10000	4	0	INC_CPSAT_DIST_SUM_0.719_100	OPTIMAL	8.691065861	8.691065861353302	951.142	-1	16	731
HRC_bestinc_cpsat_10000:MyLog	R(2,10000,4,0,0.5,2)	2	10000	4	0	INC_CPSAT_ECC_MAX_0.2_2000	OPTIMAL	2.8898477056	2.88984770560415	47.526	-1	1	2000
HRC_bestinc_cpsat_10000:MyLog	R(3,10000,4,0,0.5,2)	3	10000	4	0	INC_CPSAT_ECC_MAX_0.391_2000	OPTIMAL	5.7358667238	5.735866724259733	295.329	-1	1	2000
HRC_bestinc_cpsat_10000:MyLog	R(5,10000,4,0,0.5,2)	5	10000	4	0	INC_CPSAT_ECC_MAX_0.719_2000	OPTIMAL	9.9927468841	9.992746884899365	964.494	-1	1	2000
HRC_bestinc_cpsat_10000:MyLog	R(2,10000,4,0,0.5,2)	2	10000	4	0	INC_CPSAT_ECC_MAX_0.2_1000	OPTIMAL	2.8898477056	2.88984770560415	18.657	-1	1	1000
HRC_bestinc_cpsat_10000:MyLog	R(3,10000,4,0,0.5,2)	3	10000	4	0	INC_CPSAT_ECC_MAX_0.391_1000	OPTIMAL	5.7358667238	5.735866724259733	142.457	-1	1	1000
HRC_bestinc_cpsat_10000:MyLog	R(5,10000,4,0,0.5,2)	5	10000	4	0	INC_CPSAT_ECC_MAX_0.719_1000	OPTIMAL	9.9927468841	9.992746884899363	277.963	-1	1	1000
HRC_bestinc_cpsat_10000:MyLog	R(2,10000,4,0,0.5,2)	2	10000	4	0	INC_CPSAT_ECC_MAX_0.2_500	OPTIMAL	2.8898477056	2.88984770560415	8.592	-1	1	500
HRC_bestinc_cpsat_10000:MyLog	R(3,10000,4,0,0.5,2)	3	10000	4	0	INC_CPSAT_ECC_MAX_0.391_500	OPTIMAL	5.7358667238	5.735866724259733	42.487	-1	1	500
HRC_bestinc_cpsat_10000:MyLog	R(5,10000,4,0,0.5,2)	5	10000	4	0	INC_CPSAT_ECC_MAX_0.719_500	OPTIMAL	9.9927468841	9.992746884899365	94.965	-1	1	500
HRC_bestinc_cpsat_10000:MyLog	R(2,10000,4,0,0.5,2)	2	10000	4	0	INC_CPSAT_ECC_MAX_0.2_200	OPTIMAL	2.8898477056	2.88984770560415	3.293	-1	1	200
HRC_bestinc_cpsat_10000:MyLog	R(3,10000,4,0,0.5,2)	3	10000	4	0	INC_CPSAT_ECC_MAX_0.391_200	OPTIMAL	5.7358667238	5.735866724259733	14.492	-1	1	200
HRC_bestinc_cpsat_10000:MyLog	R(5,10000,4,0,0.5,2)	5	10000	4	0	INC_CPSAT_ECC_MAX_0.719_200	OPTIMAL	9.9927468841	9.992746884899363	26.336	-1	1	200
HRC_bestinc_cpsat_10000:MyLog	R(2,10000,4,0,0.5,2)	2	10000	4	0	INC_CPSAT_ECC_MAX_0.2_100	OPTIMAL	2.8898477056	2.88984770560415	2.434	-1	1	100
HRC_bestinc_cpsat_10000:MyLog	R(3,10000,4,0,0.5,2)	3	10000	4	0	INC_CPSAT_ECC_MAX_0.391_100	OPTIMAL	5.7358667238	5.735866724259733	14.616	-1	2	200
HRC_bestinc_cpsat_10000:MyLog	R(5,10000,4,0,0.5,2)	5	10000	4	0	INC_CPSAT_ECC_MAX_0.719_100	OPTIMAL	9.9927468841	9.992746884899363	22.953	-1	1	100
HRC_bestinc_cpsat_10000:MyLog	R(2,10000,4,0,0.5,2)	2	10000	4	0	INC_CPSAT_DIST_SUM_0.2_2000	OPTIMAL	2.8898477056	2.88984770560415	46.535	-1	1	2000
HRC_bestinc_cpsat_10000:MyLog	R(3,10000,4,0,0.5,2)	3	10000	4	0	INC_CPSAT_DIST_SUM_0.391_2000	OPTIMAL	5.7358248167	5.735891619981913	814.227	-1	2	2003
HRC_bestinc_cpsat_10000:MyLog	R(5,10000,4,0,0.5,2)	5	10000	4	0	INC_CPSAT_DIST_SUM_0.719_2000	OPTIMAL	9.9927468841	9.992746884899363	1426.52	-1	1	2000
HRC_bestinc_cpsat_10000:MyLog	R(2,10000,4,0,0.5,2)	2	10000	4	0	INC_CPSAT_DIST_SUM_0.2_1000	OPTIMAL	2.8898477056	2.88984770560415	31.133	-1	2	1004
HRC_bestinc_cpsat_10000:MyLog	R(3,10000,4,0,0.5,2)	3	10000	4	0	INC_CPSAT_DIST_SUM_0.391_1000	OPTIMAL	5.7358667238	5.735866724259733	407.207	-1	3	1012
HRC_bestinc_cpsat_10000:MyLog	R(5,10000,4,0,0.5,2)	5	10000	4	0	INC_CPSAT_DIST_SUM_0.719_1000	OPTIMAL	9.9927468841	9.992746884899363	319.45	-1	1	1000
HRC_bestinc_cpsat_10000:MyLog	R(2,10000,4,0,0.5,2)	2	10000	4	0	INC_CPSAT_DIST_SUM_0.2_500	OPTIMAL	2.8898020302	2.88984770560415	12.602	-1	2	507
HRC_bestinc_cpsat_10000:MyLog	R(3,10000,4,0,0.5,2)	3	10000	4	0	INC_CPSAT_DIST_SUM_0.391_500	OPTIMAL	5.7358667238	5.735866724259733	159.232	-1	5	559
HRC_bestinc_cpsat_10000:MyLog	R(5,10000,4,0,0.5,2)	5	10000	4	0	INC_CPSAT_DIST_SUM_0.719_500	OPTIMAL	9.9927468841	9.992746884899365	106.666	-1	1	500
HRC_bestinc_cpsat_10000:MyLog	R(2,10000,4,0,0.5,2)	2	10000	4	0	INC_CPSAT_DIST_SUM_0.2_200	OPTIMAL	2.8898477056	2.88984770560415	28.885	-1	5	621
HRC_bestinc_cpsat_10000:MyLog	R(3,10000,4,0,0.5,2)	3	10000	4	0	INC_CPSAT_DIST_SUM_0.391_200	OPTIMAL	5.7353277875	5.735866724259733	69.741	-1	4	341
HRC_bestinc_cpsat_10000:MyLog	R(5,10000,4,0,0.5,2)	5	10000	4	0	INC_CPSAT_DIST_SUM_0.719_200	OPTIMAL	9.9927468841	9.992746884899363	167.385	-1	2	277
HRC_bestinc_cpsat_10000:MyLog	R(2,10000,4,0,0.5,2)	2	10000	4	0	INC_CPSAT_DIST_SUM_0.2_100	OPTIMAL	2.8898020302	2.88984770560415	12.692	-1	5	324
HRC_bestinc_cpsat_10000:MyLog	R(3,10000,4,0,0.5,2)	3	10000	4	0	INC_CPSAT_DIST_SUM_0.391_100	OPTIMAL	5.7358667238	5.735866724259733	79.957	-1	6	416
HRC_bestinc_cpsat_10000:MyLog	R(5,10000,4,0,0.5,2)	5	10000	4	0	INC_CPSAT_DIST_SUM_0.719_100	OPTIMAL	9.9927468841	9.992746884899363	41.481	-1	2	200
HRC_bestinc_cpsat_10000:MyLog	R(2,10000,4,0,0.5,3)	2	10000	4	0	INC_CPSAT_ECC_MAX_0.2_2000	OPTIMAL	2.7673211163	2.767321116192421	62.805	-1	1	2000
HRC_bestinc_cpsat_10000:MyLog	R(3,10000,4,0,0.5,3)	3	10000	4	0	INC_CPSAT_ECC_MAX_0.391_2000	OPTIMAL	4.0075123015	4.00751230156074	326.362	-1	1	2000
HRC_bestinc_cpsat_10000:MyLog	R(5,10000,4,0,0.5,3)	5	10000	4	0	INC_CPSAT_ECC_MAX_0.719_2000	OPTIMAL	9.5041101682	9.504110168575957	1181.03	-1	1	2000
HRC_bestinc_cpsat_10000:MyLog	R(2,10000,4,0,0.5,3)	2	10000	4	0	INC_CPSAT_ECC_MAX_0.2_1000	OPTIMAL	2.7673211163	2.767321116192421	22.837	-1	1	1000
HRC_bestinc_cpsat_10000:MyLog	R(3,10000,4,0,0.5,3)	3	10000	4	0	INC_CPSAT_ECC_MAX_0.391_1000	OPTIMAL	4.0075123015	4.00751230156074	118.816	-1	1	1000
HRC_bestinc_cpsat_10000:MyLog	R(5,10000,4,0,0.5,3)	5	10000	4	0	INC_CPSAT_ECC_MAX_0.719_1000	OPTIMAL	9.5041101682	9.504110168575957	702.036	-1	1	1000
HRC_bestinc_cpsat_10000:MyLog	R(2,10000,4,0,0.5,3)	2	10000	4	0	INC_CPSAT_ECC_MAX_0.2_500	OPTIMAL	2.7673211163	2.767321116192421	9.459	-1	1	500
HRC_bestinc_cpsat_10000:MyLog	R(3,10000,4,0,0.5,3)	3	10000	4	0	INC_CPSAT_ECC_MAX_0.391_500	OPTIMAL	4.0075123015	4.00751230156074	29.736	-1	1	500
HRC_bestinc_cpsat_10000:MyLog	R(5,10000,4,0,0.5,3)	5	10000	4	0	INC_CPSAT_ECC_MAX_0.719_500	OPTIMAL	9.5041101682	9.504110168575957	187.213	-1	1	500
HRC_bestinc_cpsat_10000:MyLog	R(2,10000,4,0,0.5,3)	2	10000	4	0	INC_CPSAT_ECC_MAX_0.2_200	OPTIMAL	2.7673211163	2.767321116192421	3.22	-1	1	200
HRC_bestinc_cpsat_10000:MyLog	R(3,10000,4,0,0.5,3)	3	10000	4	0	INC_CPSAT_ECC_MAX_0.391_200	OPTIMAL	4.0075123015	4.00751230156074	7.913	-1	1	200
HRC_bestinc_cpsat_10000:MyLog	R(5,10000,4,0,0.5,3)	5	10000	4	0	INC_CPSAT_ECC_MAX_0.719_200	OPTIMAL	9.5041101682	9.504110168575957	78.965	-1	1	200
HRC_bestinc_cpsat_10000:MyLog	R(2,10000,4,0,0.5,3)	2	10000	4	0	INC_CPSAT_ECC_MAX_0.2_100	OPTIMAL	2.7673211163	2.767321116192421	2.634	-1	1	100
HRC_bestinc_cpsat_10000:MyLog	R(3,10000,4,0,0.5,3)	3	10000	4	0	INC_CPSAT_ECC_MAX_0.391_100	OPTIMAL	4.0075123015	4.00751230156074	5.429	-1	1	100
HRC_bestinc_cpsat_10000:MyLog	R(5,10000,4,0,0.5,3)	5	10000	4	0	INC_CPSAT_ECC_MAX_0.719_100	OPTIMAL	9.5033682514	9.504110168575957	1174.522	-1	8	538
HRC_bestinc_cpsat_10000:MyLog	R(2,10000,4,0,0.5,3)	2	10000	4	0	INC_CPSAT_DIST_SUM_0.2_2000	OPTIMAL	2.7671033639	2.767321116192421	63.303	-1	1	2000
HRC_bestinc_cpsat_10000:MyLog	R(3,10000,4,0,0.5,3)	3	10000	4	0	INC_CPSAT_DIST_SUM_0.391_2000	OPTIMAL	4.0073797706	4.00751230156074	338.709	-1	1	2000
HRC_bestinc_cpsat_10000:MyLog	R(5,10000,4,0,0.5,3)	5	10000	4	0	INC_CPSAT_DIST_SUM_0.719_2000	FEASIBLE	9.5017959373	9.50465250864889	1808.732	-1	2	2013
HRC_bestinc_cpsat_10000:MyLog	R(2,10000,4,0,0.5,3)	2	10000	4	0	INC_CPSAT_DIST_SUM_0.2_1000	OPTIMAL	2.7670990625	2.767321116192421	19.613	-1	1	1000
HRC_bestinc_cpsat_10000:MyLog	R(3,10000,4,0,0.5,3)	3	10000	4	0	INC_CPSAT_DIST_SUM_0.391_1000	OPTIMAL	4.0075123015	4.00751230156074	443.212	-1	5	1010
HRC_bestinc_cpsat_10000:MyLog	R(5,10000,4,0,0.5,3)	5	10000	4	0	INC_CPSAT_DIST_SUM_0.719_1000	FEASIBLE	9.503380129	9.504350593263778	1803.728	-1	5	1042
HRC_bestinc_cpsat_10000:MyLog	R(2,10000,4,0,0.5,3)	2	10000	4	0	INC_CPSAT_DIST_SUM_0.2_500	OPTIMAL	2.7673211163	2.767321116192421	29.888	-1	5	514
HRC_bestinc_cpsat_10000:MyLog	R(3,10000,4,0,0.5,3)	3	10000	4	0	INC_CPSAT_DIST_SUM_0.391_500	OPTIMAL	4.0075123015	4.00751230156074	86.339	-1	4	535
HRC_bestinc_cpsat_10000:MyLog	R(5,10000,4,0,0.5,3)	5	10000	4	0	INC_CPSAT_DIST_SUM_0.719_500	OPTIMAL	9.5038669407	9.504692879093577	1153.031	-1	6	611
HRC_bestinc_cpsat_10000:MyLog	R(2,10000,4,0,0.5,3)	2	10000	4	0	INC_CPSAT_DIST_SUM_0.2_200	OPTIMAL	2.7671237306	2.767321116192421	10.249	-1	5	219
HRC_bestinc_cpsat_10000:MyLog	R(3,10000,4,0,0.5,3)	3	10000	4	0	INC_CPSAT_DIST_SUM_0.391_200	OPTIMAL	4.0075123015	4.00751230156074	29.999	-1	5	293
HRC_bestinc_cpsat_10000:MyLog	R(5,10000,4,0,0.5,3)	5	10000	4	0	INC_CPSAT_DIST_SUM_0.719_200	OPTIMAL	9.5038669407	9.504774088138	1005.764	-1	6	531
HRC_bestinc_cpsat_10000:MyLog	R(2,10000,4,0,0.5,3)	2	10000	4	0	INC_CPSAT_DIST_SUM_0.2_100	OPTIMAL	2.7673211163	2.767321116192421	9.751	-1	6	123
HRC_bestinc_cpsat_10000:MyLog	R(3,10000,4,0,0.5,3)	3	10000	4	0	INC_CPSAT_DIST_SUM_0.391_100	OPTIMAL	4.0075123015	4.00751230156074	45.854	-1	6	363
HRC_bestinc_cpsat_10000:MyLog	R(5,10000,4,0,0.5,3)	5	10000	4	0	INC_CPSAT_DIST_SUM_0.719_100	OPTIMAL	9.5041101682	9.504110168575957	1693.821	-1	10	509
HRC_bestinc_cpsat_10000:MyLog	R(2,10000,4,0,0.5,4)	2	10000	4	0	INC_CPSAT_ECC_MAX_0.2_2000	OPTIMAL	2.9146549964	2.914654996341386	45.163	-1	1	2000
HRC_bestinc_cpsat_10000:MyLog	R(3,10000,4,0,0.5,4)	3	10000	4	0	INC_CPSAT_ECC_MAX_0.391_2000	OPTIMAL	5.2348684938	5.234868493849841	178.439	-1	1	2000
HRC_bestinc_cpsat_10000:MyLog	R(5,10000,4,0,0.5,4)	5	10000	4	0	INC_CPSAT_ECC_MAX_0.719_2000	OPTIMAL	9.4708016439	9.47080164421731	1479.506	-1	1	2000
HRC_bestinc_cpsat_10000:MyLog	R(2,10000,4,0,0.5,4)	2	10000	4	0	INC_CPSAT_ECC_MAX_0.2_1000	OPTIMAL	2.9146549964	2.914654996341386	22.954	-1	1	1000
HRC_bestinc_cpsat_10000:MyLog	R(3,10000,4,0,0.5,4)	3	10000	4	0	INC_CPSAT_ECC_MAX_0.391_1000	OPTIMAL	5.2348684938	5.234868493849841	59.718	-1	1	1000
HRC_bestinc_cpsat_10000:MyLog	R(5,10000,4,0,0.5,4)	5	10000	4	0	INC_CPSAT_ECC_MAX_0.719_1000	OPTIMAL	9.4708016439	9.47080164421731	409.29	-1	1	1000
HRC_bestinc_cpsat_10000:MyLog	R(2,10000,4,0,0.5,4)	2	10000	4	0	INC_CPSAT_ECC_MAX_0.2_500	OPTIMAL	2.9146549964	2.914654996341386	8.341	-1	1	500
HRC_bestinc_cpsat_10000:MyLog	R(3,10000,4,0,0.5,4)	3	10000	4	0	INC_CPSAT_ECC_MAX_0.391_500	OPTIMAL	5.2348684938	5.234868493849841	23.002	-1	1	500
HRC_bestinc_cpsat_10000:MyLog	R(5,10000,4,0,0.5,4)	5	10000	4	0	INC_CPSAT_ECC_MAX_0.719_500	OPTIMAL	9.4708016439	9.47080164421731	332.263	-1	1	500
HRC_bestinc_cpsat_10000:MyLog	R(2,10000,4,0,0.5,4)	2	10000	4	0	INC_CPSAT_ECC_MAX_0.2_200	OPTIMAL	2.9146549964	2.914654996341386	3.303	-1	1	200
HRC_bestinc_cpsat_10000:MyLog	R(3,10000,4,0,0.5,4)	3	10000	4	0	INC_CPSAT_ECC_MAX_0.391_200	OPTIMAL	5.2348684938	5.234868493849841	6.428	-1	1	200
HRC_bestinc_cpsat_10000:MyLog	R(5,10000,4,0,0.5,4)	5	10000	4	0	INC_CPSAT_ECC_MAX_0.719_200	OPTIMAL	9.4708016439	9.47080164421731	53.35	-1	1	200
HRC_bestinc_cpsat_10000:MyLog	R(2,10000,4,0,0.5,4)	2	10000	4	0	INC_CPSAT_ECC_MAX_0.2_100	OPTIMAL	2.9146549964	2.914654996341386	2.628	-1	1	100
HRC_bestinc_cpsat_10000:MyLog	R(3,10000,4,0,0.5,4)	3	10000	4	0	INC_CPSAT_ECC_MAX_0.391_100	OPTIMAL	5.2348684938	5.234868493849841	5.353	-1	1	100
HRC_bestinc_cpsat_10000:MyLog	R(5,10000,4,0,0.5,4)	5	10000	4	0	INC_CPSAT_ECC_MAX_0.719_100	OPTIMAL	9.4708016439	9.47080164421731	835.285	-1	8	426
HRC_bestinc_cpsat_10000:MyLog	R(2,10000,4,0,0.5,4)	2	10000	4	0	INC_CPSAT_DIST_SUM_0.2_2000	OPTIMAL	2.9146549964	2.914654996341386	46.026	-1	1	2000
HRC_bestinc_cpsat_10000:MyLog	R(3,10000,4,0,0.5,4)	3	10000	4	0	INC_CPSAT_DIST_SUM_0.391_2000	OPTIMAL	5.2346869189	5.234868493849841	657.432	-1	3	2011
HRC_bestinc_cpsat_10000:MyLog	R(5,10000,4,0,0.5,4)	5	10000	4	0	INC_CPSAT_DIST_SUM_0.719_2000	FEASIBLE	7.5680546788	9.471754122485278	1812.542	-1	1	2016
HRC_bestinc_cpsat_10000:MyLog	R(2,10000,4,0,0.5,4)	2	10000	4	0	INC_CPSAT_DIST_SUM_0.2_1000	OPTIMAL	2.9146549964	2.914654996341386	35.523	-1	2	1002
HRC_bestinc_cpsat_10000:MyLog	R(3,10000,4,0,0.5,4)	3	10000	4	0	INC_CPSAT_DIST_SUM_0.391_1000	OPTIMAL	5.2346869189	5.234868493849841	226.664	-1	3	1012
HRC_bestinc_cpsat_10000:MyLog	R(5,10000,4,0,0.5,4)	5	10000	4	0	INC_CPSAT_DIST_SUM_0.719_1000	FEASIBLE	9.4692913911	9.471622016366084	1804.264	-1	4	1063
HRC_bestinc_cpsat_10000:MyLog	R(2,10000,4,0,0.5,4)	2	10000	4	0	INC_CPSAT_DIST_SUM_0.2_500	OPTIMAL	2.9146549964	2.914654996341386	14.793	-1	2	506
HRC_bestinc_cpsat_10000:MyLog	R(3,10000,4,0,0.5,4)	3	10000	4	0	INC_CPSAT_DIST_SUM_0.391_500	OPTIMAL	5.2346714645	5.234868493849841	241.896	-1	5	540
HRC_bestinc_cpsat_10000:MyLog	R(5,10000,4,0,0.5,4)	5	10000	4	0	INC_CPSAT_DIST_SUM_0.719_500	OPTIMAL	9.4708016439	9.47080164421731	1031.737	-1	6	611
HRC_bestinc_cpsat_10000:MyLog	R(2,10000,4,0,0.5,4)	2	10000	4	0	INC_CPSAT_DIST_SUM_0.2_200	OPTIMAL	2.9146549964	2.914654996341386	14.825	-1	4	412
HRC_bestinc_cpsat_10000:MyLog	R(3,10000,4,0,0.5,4)	3	10000	4	0	INC_CPSAT_DIST_SUM_0.391_200	OPTIMAL	5.2348428586	5.234868493849841	128.242	-1	9	361
HRC_bestinc_cpsat_10000:MyLog	R(5,10000,4,0,0.5,4)	5	10000	4	0	INC_CPSAT_DIST_SUM_0.719_200	OPTIMAL	9.4708016439	9.47080164421731	1042.698	-1	8	435
HRC_bestinc_cpsat_10000:MyLog	R(2,10000,4,0,0.5,4)	2	10000	4	0	INC_CPSAT_DIST_SUM_0.2_100	OPTIMAL	2.9146549964	2.914654996341386	10.481	-1	6	250
HRC_bestinc_cpsat_10000:MyLog	R(3,10000,4,0,0.5,4)	3	10000	4	0	INC_CPSAT_DIST_SUM_0.391_100	OPTIMAL	5.2346869189	5.234868493849841	108.476	-1	9	296
HRC_bestinc_cpsat_10000:MyLog	R(5,10000,4,0,0.5,4)	5	10000	4	0	INC_CPSAT_DIST_SUM_0.719_100	OPTIMAL	9.4708016439	9.47080164421731	777.115	-1	8	472
HRC_bestinc_cpsat_10000:MyLog	R(2,10000,6,0,0.5,0)	2	10000	6	0	INC_CPSAT_ECC_MAX_0.2_2000	FEASIBLE	2.4043081509	3.916593668418799	1804.457	-1	1	2000
HRC_bestinc_cpsat_10000:MyLog	R(3,10000,6,0,0.5,0)	3	10000	6	0	INC_CPSAT_ECC_MAX_0.391_2000	FEASIBLE	3.404331414	6.5548075936467445	1805.378	-1	1	2000
HRC_bestinc_cpsat_10000:MyLog	R(5,10000,6,0,0.5,0)	5	10000	6	0	INC_CPSAT_ECC_MAX_0.719_2000	FEASIBLE	4.3185857376	9.87350026983338	1809.555	-1	1	2000
HRC_bestinc_cpsat_10000:MyLog	R(2,10000,6,0,0.5,0)	2	10000	6	0	INC_CPSAT_ECC_MAX_0.2_1000	FEASIBLE	2.8440211738	3.916593668418799	1802.466	-1	1	1000
HRC_bestinc_cpsat_10000:MyLog	R(3,10000,6,0,0.5,0)	3	10000	6	0	INC_CPSAT_ECC_MAX_0.391_1000	FEASIBLE	4.0939819811	6.5548075936467445	1803.424	-1	1	1000
HRC_bestinc_cpsat_10000:MyLog	R(5,10000,6,0,0.5,0)	5	10000	6	0	INC_CPSAT_ECC_MAX_0.719_1000	FEASIBLE	5.3437575268	9.87350026983338	1804.915	-1	1	1000
HRC_bestinc_cpsat_10000:MyLog	R(2,10000,6,0,0.5,0)	2	10000	6	0	INC_CPSAT_ECC_MAX_0.2_500	OPTIMAL	3.9165936683	3.916593668418799	857.209	-1	1	500
HRC_bestinc_cpsat_10000:MyLog	R(3,10000,6,0,0.5,0)	3	10000	6	0	INC_CPSAT_ECC_MAX_0.391_500	FEASIBLE	4.4168115959	6.5548075936467445	1802.082	-1	1	500
HRC_bestinc_cpsat_10000:MyLog	R(5,10000,6,0,0.5,0)	5	10000	6	0	INC_CPSAT_ECC_MAX_0.719_500	FEASIBLE	6.2339104071	9.87350026983338	1802.763	-1	1	500
HRC_bestinc_cpsat_10000:MyLog	R(2,10000,6,0,0.5,0)	2	10000	6	0	INC_CPSAT_ECC_MAX_0.2_200	OPTIMAL	3.9165936683	3.916593668418799	488.694	-1	1	200
HRC_bestinc_cpsat_10000:MyLog	R(3,10000,6,0,0.5,0)	3	10000	6	0	INC_CPSAT_ECC_MAX_0.391_200	FEASIBLE	5.0014907081	6.5551278225943115	1801.66	-1	1	237
HRC_bestinc_cpsat_10000:MyLog	R(5,10000,6,0,0.5,0)	5	10000	6	0	INC_CPSAT_ECC_MAX_0.719_200	FEASIBLE	6.0675243969	9.875117634583717	1802.273	-1	1	366
HRC_bestinc_cpsat_10000:MyLog	R(2,10000,6,0,0.5,0)	2	10000	6	0	INC_CPSAT_ECC_MAX_0.2_100	FEASIBLE	3.8382288118	3.9195871077265423	1800.874	-1	2	300
HRC_bestinc_cpsat_10000:MyLog	R(3,10000,6,0,0.5,0)	3	10000	6	0	INC_CPSAT_ECC_MAX_0.391_100	FEASIBLE	6.3820244111	6.555638939951235	1800.962	-1	2	300
HRC_bestinc_cpsat_10000:MyLog	R(5,10000,6,0,0.5,0)	5	10000	6	0	INC_CPSAT_ECC_MAX_0.719_100	FEASIBLE	6.345487811	9.875316537226007	1802.037	-1	1	200
HRC_bestinc_cpsat_10000:MyLog	R(2,10000,6,0,0.5,0)	2	10000	6	0	INC_CPSAT_DIST_SUM_0.2_2000	FEASIBLE	2.3034963312	3.9168027187416463	1806.187	-1	1	2001
HRC_bestinc_cpsat_10000:MyLog	R(3,10000,6,0,0.5,0)	3	10000	6	0	INC_CPSAT_DIST_SUM_0.391_2000	FEASIBLE	4.0754517244	6.55632184333013	1811.556	-1	1	2008
HRC_bestinc_cpsat_10000:MyLog	R(5,10000,6,0,0.5,0)	5	10000	6	0	INC_CPSAT_DIST_SUM_0.719_2000	FEASIBLE	4.6650384181	9.875117915265454	1817.775	-1	1	2006
HRC_bestinc_cpsat_10000:MyLog	R(2,10000,6,0,0.5,0)	2	10000	6	0	INC_CPSAT_DIST_SUM_0.2_1000	FEASIBLE	2.6991472109	3.9176167271389852	1803.174	-1	1	1003
HRC_bestinc_cpsat_10000:MyLog	R(3,10000,6,0,0.5,0)	3	10000	6	0	INC_CPSAT_DIST_SUM_0.391_1000	FEASIBLE	4.0151049377	6.556045508432074	1803.638	-1	1	1016
HRC_bestinc_cpsat_10000:MyLog	R(5,10000,6,0,0.5,0)	5	10000	6	0	INC_CPSAT_DIST_SUM_0.719_1000	FEASIBLE	5.1523187547	9.876203274238172	1806.53	-1	1	1029
HRC_bestinc_cpsat_10000:MyLog	R(2,10000,6,0,0.5,0)	2	10000	6	0	INC_CPSAT_DIST_SUM_0.2_500	FEASIBLE	2.8217549562	3.9195871077265423	1801.383	-1	1	1000
HRC_bestinc_cpsat_10000:MyLog	R(3,10000,6,0,0.5,0)	3	10000	6	0	INC_CPSAT_DIST_SUM_0.391_500	FEASIBLE	4.131489569	6.556085183102716	1803.648	-1	1	528
HRC_bestinc_cpsat_10000:MyLog	R(5,10000,6,0,0.5,0)	5	10000	6	0	INC_CPSAT_DIST_SUM_0.719_500	FEASIBLE	5.9742237727	9.876173400708714	1804.159	-1	1	626
HRC_bestinc_cpsat_10000:MyLog	R(2,10000,6,0,0.5,0)	2	10000	6	0	INC_CPSAT_DIST_SUM_0.2_200	FEASIBLE	3.8064826103	3.9176167271389852	1801.494	-1	3	614
HRC_bestinc_cpsat_10000:MyLog	R(3,10000,6,0,0.5,0)	3	10000	6	0	INC_CPSAT_DIST_SUM_0.391_200	FEASIBLE	5.3727940621	6.5565310117130835	1801.896	-1	1	260
HRC_bestinc_cpsat_10000:MyLog	R(5,10000,6,0,0.5,0)	5	10000	6	0	INC_CPSAT_DIST_SUM_0.719_200	FEASIBLE	6.6152739388	9.875822088374802	1802.586	-1	1	400
HRC_bestinc_cpsat_10000:MyLog	R(2,10000,6,0,0.5,0)	2	10000	6	0	INC_CPSAT_DIST_SUM_0.2_100	FEASIBLE	3.9081127476	3.9176167271389852	1801.061	-1	4	320
HRC_bestinc_cpsat_10000:MyLog	R(3,10000,6,0,0.5,0)	3	10000	6	0	INC_CPSAT_DIST_SUM_0.391_100	FEASIBLE	6.4297058112	6.556628144786478	1800.661	-1	2	300
HRC_bestinc_cpsat_10000:MyLog	R(5,10000,6,0,0.5,0)	5	10000	6	0	INC_CPSAT_DIST_SUM_0.719_100	FEASIBLE	9.7202222015	9.875245034019702	1801.313	-1	2	300
HRC_bestinc_cpsat_10000:MyLog	R(2,10000,6,0,0.5,1)	2	10000	6	0	INC_CPSAT_ECC_MAX_0.2_2000	FEASIBLE	2.1540329509	4.232771634463697	1803.7	-1	1	2000
HRC_bestinc_cpsat_10000:MyLog	R(3,10000,6,0,0.5,1)	3	10000	6	0	INC_CPSAT_ECC_MAX_0.391_2000	FEASIBLE	3.3421917526	5.858700107342153	1806.303	-1	1	2000
HRC_bestinc_cpsat_10000:MyLog	R(5,10000,6,0,0.5,1)	5	10000	6	0	INC_CPSAT_ECC_MAX_0.719_2000	FEASIBLE	4.2393350336	10.057815315635752	1809.156	-1	1	2000
HRC_bestinc_cpsat_10000:MyLog	R(2,10000,6,0,0.5,1)	2	10000	6	0	INC_CPSAT_ECC_MAX_0.2_1000	FEASIBLE	2.662852126	4.232771634463697	1802.071	-1	1	1000
HRC_bestinc_cpsat_10000:MyLog	R(3,10000,6,0,0.5,1)	3	10000	6	0	INC_CPSAT_ECC_MAX_0.391_1000	FEASIBLE	3.307241209	5.858700107342153	1803.443	-1	1	1000
HRC_bestinc_cpsat_10000:MyLog	R(5,10000,6,0,0.5,1)	5	10000	6	0	INC_CPSAT_ECC_MAX_0.719_1000	FEASIBLE	5.0283812046	10.057815315635752	1805.675	-1	1	1000
HRC_bestinc_cpsat_10000:MyLog	R(2,10000,6,0,0.5,1)	2	10000	6	0	INC_CPSAT_ECC_MAX_0.2_500	FEASIBLE	2.6221004378	4.232771634463697	1801.369	-1	1	500
HRC_bestinc_cpsat_10000:MyLog	R(3,10000,6,0,0.5,1)	3	10000	6	0	INC_CPSAT_ECC_MAX_0.391_500	FEASIBLE	4.0509934759	5.858700107342153	1802.142	-1	1	500
HRC_bestinc_cpsat_10000:MyLog	R(5,10000,6,0,0.5,1)	5	10000	6	0	INC_CPSAT_ECC_MAX_0.719_500	FEASIBLE	6.0327683342	10.057815315635752	1802.698	-1	1	500
HRC_bestinc_cpsat_10000:MyLog	R(2,10000,6,0,0.5,1)	2	10000	6	0	INC_CPSAT_ECC_MAX_0.2_200	FEASIBLE	2.9181138924	4.232771634463697	1801.08	-1	1	200
HRC_bestinc_cpsat_10000:MyLog	R(3,10000,6,0,0.5,1)	3	10000	6	0	INC_CPSAT_ECC_MAX_0.391_200	FEASIBLE	4.3780089092	5.858700107342153	1801.477	-1	1	200
HRC_bestinc_cpsat_10000:MyLog	R(5,10000,6,0,0.5,1)	5	10000	6	0	INC_CPSAT_ECC_MAX_0.719_200	FEASIBLE	6.6385697856	10.060721766384427	1801.87	-1	1	324
HRC_bestinc_cpsat_10000:MyLog	R(2,10000,6,0,0.5,1)	2	10000	6	0	INC_CPSAT_ECC_MAX_0.2_100	FEASIBLE	4.1919188026	4.232771634463697	1801.243	-1	3	300
HRC_bestinc_cpsat_10000:MyLog	R(3,10000,6,0,0.5,1)	3	10000	6	0	INC_CPSAT_ECC_MAX_0.391_100	FEASIBLE	5.7821771836	5.860424858206853	1800.831	-1	3	400
HRC_bestinc_cpsat_10000:MyLog	R(5,10000,6,0,0.5,1)	5	10000	6	0	INC_CPSAT_ECC_MAX_0.719_100	FEASIBLE	6.8958557903	10.060502521898668	1802.3	-1	1	200
HRC_bestinc_cpsat_10000:MyLog	R(2,10000,6,0,0.5,1)	2	10000	6	0	INC_CPSAT_DIST_SUM_0.2_2000	FEASIBLE	2.406692253	4.233916674723856	1806.45	-1	1	2004
HRC_bestinc_cpsat_10000:MyLog	R(3,10000,6,0,0.5,1)	3	10000	6	0	INC_CPSAT_DIST_SUM_0.391_2000	FEASIBLE	3.178818004	5.8602170278075345	1807.703	-1	1	2010
HRC_bestinc_cpsat_10000:MyLog	R(5,10000,6,0,0.5,1)	5	10000	6	0	INC_CPSAT_DIST_SUM_0.719_2000	FEASIBLE	4.8185477152	10.058819715795044	1813.614	-1	1	2013
HRC_bestinc_cpsat_10000:MyLog	R(2,10000,6,0,0.5,1)	2	10000	6	0	INC_CPSAT_DIST_SUM_0.2_1000	FEASIBLE	2.4923711439	4.385017261896769	1802.651	-1	1	2000
HRC_bestinc_cpsat_10000:MyLog	R(3,10000,6,0,0.5,1)	3	10000	6	0	INC_CPSAT_DIST_SUM_0.391_1000	FEASIBLE	2.6902225612	5.8599790567299275	1804.514	-1	1	1035
HRC_bestinc_cpsat_10000:MyLog	R(5,10000,6,0,0.5,1)	5	10000	6	0	INC_CPSAT_DIST_SUM_0.719_1000	FEASIBLE	4.1340183335	10.06096894908558	1806.439	-1	1	1044
HRC_bestinc_cpsat_10000:MyLog	R(2,10000,6,0,0.5,1)	2	10000	6	0	INC_CPSAT_DIST_SUM_0.2_500	FEASIBLE	2.4713219523	4.385017261896769	1801.95	-1	1	1000
HRC_bestinc_cpsat_10000:MyLog	R(3,10000,6,0,0.5,1)	3	10000	6	0	INC_CPSAT_DIST_SUM_0.391_500	FEASIBLE	3.7412441504	5.8599790567299275	1801.607	-1	1	551
HRC_bestinc_cpsat_10000:MyLog	R(5,10000,6,0,0.5,1)	5	10000	6	0	INC_CPSAT_DIST_SUM_0.719_500	FEASIBLE	5.7453041643	10.059952938651014	1803.467	-1	1	562
HRC_bestinc_cpsat_10000:MyLog	R(2,10000,6,0,0.5,1)	2	10000	6	0	INC_CPSAT_DIST_SUM_0.2_200	FEASIBLE	3.6728822807	4.385017261896769	1801.479	-1	2	600
HRC_bestinc_cpsat_10000:MyLog	R(3,10000,6,0,0.5,1)	3	10000	6	0	INC_CPSAT_DIST_SUM_0.391_200	FEASIBLE	3.7452209752	5.85947089345289	1802.221	-1	1	295
HRC_bestinc_cpsat_10000:MyLog	R(5,10000,6,0,0.5,1)	5	10000	6	0	INC_CPSAT_DIST_SUM_0.719_200	FEASIBLE	7.0987767047	10.060748386135906	1801.909	-1	1	357
HRC_bestinc_cpsat_10000:MyLog	R(2,10000,6,0,0.5,1)	2	10000	6	0	INC_CPSAT_DIST_SUM_0.2_100	FEASIBLE	4.0147872514	4.385017261896769	1802.052	-1	5	600
HRC_bestinc_cpsat_10000:MyLog	R(3,10000,6,0,0.5,1)	3	10000	6	0	INC_CPSAT_DIST_SUM_0.391_100	FEASIBLE	5.8034031187	5.859989151880875	1802.453	-1	2	300
HRC_bestinc_cpsat_10000:MyLog	R(5,10000,6,0,0.5,1)	5	10000	6	0	INC_CPSAT_DIST_SUM_0.719_100	FEASIBLE	7.2018401693	10.061564120347246	1801.821	-1	1	200
HRC_bestinc_cpsat_10000:MyLog	R(2,10000,6,0,0.5,2)	2	10000	6	0	INC_CPSAT_ECC_MAX_0.2_2000	FEASIBLE	2.8762330793	3.8883601153607175	1804.087	-1	1	2000
HRC_bestinc_cpsat_10000:MyLog	R(3,10000,6,0,0.5,2)	3	10000	6	0	INC_CPSAT_ECC_MAX_0.391_2000	FEASIBLE	4.2515443489	6.0957596915288645	1806.085	-1	1	2000
HRC_bestinc_cpsat_10000:MyLog	R(5,10000,6,0,0.5,2)	5	10000	6	0	INC_CPSAT_ECC_MAX_0.719_2000	FEASIBLE	4.8529895712	11.180232764203858	1809.957	-1	1	2000
HRC_bestinc_cpsat_10000:MyLog	R(2,10000,6,0,0.5,2)	2	10000	6	0	INC_CPSAT_ECC_MAX_0.2_1000	OPTIMAL	3.8883601153	3.8883601153607175	1748.112	-1	1	1000
HRC_bestinc_cpsat_10000:MyLog	R(3,10000,6,0,0.5,2)	3	10000	6	0	INC_CPSAT_ECC_MAX_0.391_1000	FEASIBLE	4.077143525	6.0957596915288645	1803.507	-1	1	1000
HRC_bestinc_cpsat_10000:MyLog	R(5,10000,6,0,0.5,2)	5	10000	6	0	INC_CPSAT_ECC_MAX_0.719_1000	FEASIBLE	5.876150509	11.180232764203858	1805.306	-1	1	1000
HRC_bestinc_cpsat_10000:MyLog	R(2,10000,6,0,0.5,2)	2	10000	6	0	INC_CPSAT_ECC_MAX_0.2_500	FEASIBLE	2.9362055147	3.8883601153607175	1801.421	-1	1	500
HRC_bestinc_cpsat_10000:MyLog	R(3,10000,6,0,0.5,2)	3	10000	6	0	INC_CPSAT_ECC_MAX_0.391_500	FEASIBLE	4.2406175194	6.0957596915288645	1802.106	-1	1	500
HRC_bestinc_cpsat_10000:MyLog	R(5,10000,6,0,0.5,2)	5	10000	6	0	INC_CPSAT_ECC_MAX_0.719_500	FEASIBLE	6.554746381	11.180232764203858	1802.726	-1	1	500
HRC_bestinc_cpsat_10000:MyLog	R(2,10000,6,0,0.5,2)	2	10000	6	0	INC_CPSAT_ECC_MAX_0.2_200	OPTIMAL	3.8883601153	3.8883601153607175	429.568	-1	1	200
HRC_bestinc_cpsat_10000:MyLog	R(3,10000,6,0,0.5,2)	3	10000	6	0	INC_CPSAT_ECC_MAX_0.391_200	FEASIBLE	4.3800000012	6.0957596915288645	1800.539	-1	1	200
HRC_bestinc_cpsat_10000:MyLog	R(5,10000,6,0,0.5,2)	5	10000	6	0	INC_CPSAT_ECC_MAX_0.719_200	FEASIBLE	5.8646874719	11.18247188788082	1801.928	-1	1	400
HRC_bestinc_cpsat_10000:MyLog	R(2,10000,6,0,0.5,2)	2	10000	6	0	INC_CPSAT_ECC_MAX_0.2_100	OPTIMAL	3.8883601153	3.8883601153607175	122.929	-1	1	100
HRC_bestinc_cpsat_10000:MyLog	R(3,10000,6,0,0.5,2)	3	10000	6	0	INC_CPSAT_ECC_MAX_0.391_100	FEASIBLE	6.0241197568	6.096198553370721	1801.009	-1	3	400
HRC_bestinc_cpsat_10000:MyLog	R(5,10000,6,0,0.5,2)	5	10000	6	0	INC_CPSAT_ECC_MAX_0.719_100	FEASIBLE	6.3103221709	11.182387596498028	1803.105	-1	1	200
HRC_bestinc_cpsat_10000:MyLog	R(2,10000,6,0,0.5,2)	2	10000	6	0	INC_CPSAT_DIST_SUM_0.2_2000	FEASIBLE	2.9549021717	3.8883601153607175	1804.593	-1	1	2000
HRC_bestinc_cpsat_10000:MyLog	R(3,10000,6,0,0.5,2)	3	10000	6	0	INC_CPSAT_DIST_SUM_0.391_2000	FEASIBLE	3.3198189532	6.0964444148346	1808.588	-1	1	2013
HRC_bestinc_cpsat_10000:MyLog	R(5,10000,6,0,0.5,2)	5	10000	6	0	INC_CPSAT_DIST_SUM_0.719_2000	FEASIBLE	4.9689703021	11.182314316813969	1818.317	-1	1	2008
HRC_bestinc_cpsat_10000:MyLog	R(2,10000,6,0,0.5,2)	2	10000	6	0	INC_CPSAT_DIST_SUM_0.2_1000	FEASIBLE	2.8310485995	3.890386086143834	1802.763	-1	1	1002
HRC_bestinc_cpsat_10000:MyLog	R(3,10000,6,0,0.5,2)	3	10000	6	0	INC_CPSAT_DIST_SUM_0.391_1000	FEASIBLE	4.105759558	6.0964444148346	1803.586	-1	1	1014
HRC_bestinc_cpsat_10000:MyLog	R(5,10000,6,0,0.5,2)	5	10000	6	0	INC_CPSAT_DIST_SUM_0.719_1000	FEASIBLE	5.6755587775	11.18209070147729	1806.291	-1	1	1012
HRC_bestinc_cpsat_10000:MyLog	R(2,10000,6,0,0.5,2)	2	10000	6	0	INC_CPSAT_DIST_SUM_0.2_500	FEASIBLE	2.8234078655	4.478136712976012	1801.468	-1	1	1000
HRC_bestinc_cpsat_10000:MyLog	R(3,10000,6,0,0.5,2)	3	10000	6	0	INC_CPSAT_DIST_SUM_0.391_500	FEASIBLE	5.1861904238	6.096846812958296	1802.569	-1	1	526
HRC_bestinc_cpsat_10000:MyLog	R(5,10000,6,0,0.5,2)	5	10000	6	0	INC_CPSAT_DIST_SUM_0.719_500	FEASIBLE	6.2426021335	11.183011379305913	1803.314	-1	1	551
HRC_bestinc_cpsat_10000:MyLog	R(2,10000,6,0,0.5,2)	2	10000	6	0	INC_CPSAT_DIST_SUM_0.2_200	FEASIBLE	3.6509340603	4.1975145955906275	1803.463	-1	2	600
HRC_bestinc_cpsat_10000:MyLog	R(3,10000,6,0,0.5,2)	3	10000	6	0	INC_CPSAT_DIST_SUM_0.391_200	FEASIBLE	6.0683137506	6.096681057364636	1800.683	-1	2	358
HRC_bestinc_cpsat_10000:MyLog	R(5,10000,6,0,0.5,2)	5	10000	6	0	INC_CPSAT_DIST_SUM_0.719_200	FEASIBLE	7.6952407408	11.182826946445218	1802.203	-1	1	321
HRC_bestinc_cpsat_10000:MyLog	R(2,10000,6,0,0.5,2)	2	10000	6	0	INC_CPSAT_DIST_SUM_0.2_100	FEASIBLE	3.6926557851	4.035164650811862	1801.327	-1	5	600
HRC_bestinc_cpsat_10000:MyLog	R(3,10000,6,0,0.5,2)	3	10000	6	0	INC_CPSAT_DIST_SUM_0.391_100	FEASIBLE	6.0539217547	6.09701509353331	1801.067	-1	3	321
HRC_bestinc_cpsat_10000:MyLog	R(5,10000,6,0,0.5,2)	5	10000	6	0	INC_CPSAT_DIST_SUM_0.719_100	FEASIBLE	7.9755514149	11.183330759994952	1801.662	-1	1	200
HRC_bestinc_cpsat_10000:MyLog	R(2,10000,6,0,0.5,3)	2	10000	6	0	INC_CPSAT_ECC_MAX_0.2_2000	FEASIBLE	2.514802729	4.048180197187306	1803.652	-1	1	2000
HRC_bestinc_cpsat_10000:MyLog	R(3,10000,6,0,0.5,3)	3	10000	6	0	INC_CPSAT_ECC_MAX_0.391_2000	FEASIBLE	3.6609121772	6.035710422055964	1805.341	-1	1	2000
HRC_bestinc_cpsat_10000:MyLog	R(5,10000,6,0,0.5,3)	5	10000	6	0	INC_CPSAT_ECC_MAX_0.719_2000	FEASIBLE	3.4752597686	9.765849822552106	1808.86	-1	1	2000
HRC_bestinc_cpsat_10000:MyLog	R(2,10000,6,0,0.5,3)	2	10000	6	0	INC_CPSAT_ECC_MAX_0.2_1000	FEASIBLE	2.7770384643	4.048180197187306	1803.213	-1	1	1000
HRC_bestinc_cpsat_10000:MyLog	R(3,10000,6,0,0.5,3)	3	10000	6	0	INC_CPSAT_ECC_MAX_0.391_1000	FEASIBLE	3.3197684888	6.035710422055964	1802.55	-1	1	1000
HRC_bestinc_cpsat_10000:MyLog	R(5,10000,6,0,0.5,3)	5	10000	6	0	INC_CPSAT_ECC_MAX_0.719_1000	FEASIBLE	5.2733020737	9.765849822552106	1805.396	-1	1	1000
HRC_bestinc_cpsat_10000:MyLog	R(2,10000,6,0,0.5,3)	2	10000	6	0	INC_CPSAT_ECC_MAX_0.2_500	FEASIBLE	3.1652955342	4.048180197187306	1801.446	-1	1	500
HRC_bestinc_cpsat_10000:MyLog	R(3,10000,6,0,0.5,3)	3	10000	6	0	INC_CPSAT_ECC_MAX_0.391_500	FEASIBLE	3.7178570035	6.035710422055964	1802.006	-1	1	500
HRC_bestinc_cpsat_10000:MyLog	R(5,10000,6,0,0.5,3)	5	10000	6	0	INC_CPSAT_ECC_MAX_0.719_500	FEASIBLE	5.4282009692	9.765849822552106	1802.482	-1	1	500
HRC_bestinc_cpsat_10000:MyLog	R(2,10000,6,0,0.5,3)	2	10000	6	0	INC_CPSAT_ECC_MAX_0.2_200	OPTIMAL	4.048180197	4.048180197187306	351.942	-1	1	200
HRC_bestinc_cpsat_10000:MyLog	R(3,10000,6,0,0.5,3)	3	10000	6	0	INC_CPSAT_ECC_MAX_0.391_200	FEASIBLE	4.1805179446	6.035710422055964	1801.551	-1	1	200
HRC_bestinc_cpsat_10000:MyLog	R(5,10000,6,0,0.5,3)	5	10000	6	0	INC_CPSAT_ECC_MAX_0.719_200	FEASIBLE	6.2256208211	9.76748237303152	1801.69	-1	1	343
HRC_bestinc_cpsat_10000:MyLog	R(2,10000,6,0,0.5,3)	2	10000	6	0	INC_CPSAT_ECC_MAX_0.2_100	FEASIBLE	3.9858599905	4.09722490666152	1801.183	-1	2	300
HRC_bestinc_cpsat_10000:MyLog	R(3,10000,6,0,0.5,3)	3	10000	6	0	INC_CPSAT_ECC_MAX_0.391_100	FEASIBLE	4.4490258381	6.037421169656411	1800.816	-1	1	200
HRC_bestinc_cpsat_10000:MyLog	R(5,10000,6,0,0.5,3)	5	10000	6	0	INC_CPSAT_ECC_MAX_0.719_100	FEASIBLE	6.7618856197	9.767923636653695	1802.208	-1	1	200
HRC_bestinc_cpsat_10000:MyLog	R(2,10000,6,0,0.5,3)	2	10000	6	0	INC_CPSAT_DIST_SUM_0.2_2000	FEASIBLE	2.954167908	4.048180197187306	1803.708	-1	1	2000
HRC_bestinc_cpsat_10000:MyLog	R(3,10000,6,0,0.5,3)	3	10000	6	0	INC_CPSAT_DIST_SUM_0.391_2000	FEASIBLE	3.7699165805	6.036287599054789	1808.454	-1	1	2011
HRC_bestinc_cpsat_10000:MyLog	R(5,10000,6,0,0.5,3)	5	10000	6	0	INC_CPSAT_DIST_SUM_0.719_2000	FEASIBLE	4.0562153318	9.76701812763972	1813.307	-1	1	2005
HRC_bestinc_cpsat_10000:MyLog	R(2,10000,6,0,0.5,3)	2	10000	6	0	INC_CPSAT_DIST_SUM_0.2_1000	FEASIBLE	3.3216978901	4.0490283142343575	1802.52	-1	1	1005
HRC_bestinc_cpsat_10000:MyLog	R(3,10000,6,0,0.5,3)	3	10000	6	0	INC_CPSAT_DIST_SUM_0.391_1000	FEASIBLE	3.3243899727	6.036646372173362	1803.82	-1	1	1030
HRC_bestinc_cpsat_10000:MyLog	R(5,10000,6,0,0.5,3)	5	10000	6	0	INC_CPSAT_DIST_SUM_0.719_1000	FEASIBLE	5.5215222385	9.767322609474451	1806.709	-1	1	1014
HRC_bestinc_cpsat_10000:MyLog	R(2,10000,6,0,0.5,3)	2	10000	6	0	INC_CPSAT_DIST_SUM_0.2_500	FEASIBLE	3.8630561954	4.049456846695574	1801.551	-1	2	1006
HRC_bestinc_cpsat_10000:MyLog	R(3,10000,6,0,0.5,3)	3	10000	6	0	INC_CPSAT_DIST_SUM_0.391_500	FEASIBLE	4.4769925531	6.036603209217495	1801.755	-1	1	531
HRC_bestinc_cpsat_10000:MyLog	R(5,10000,6,0,0.5,3)	5	10000	6	0	INC_CPSAT_DIST_SUM_0.719_500	FEASIBLE	6.6432134717	9.768439810085308	1803.837	-1	1	573
HRC_bestinc_cpsat_10000:MyLog	R(2,10000,6,0,0.5,3)	2	10000	6	0	INC_CPSAT_DIST_SUM_0.2_200	FEASIBLE	3.9406086044	4.049456846695574	1801.693	-1	4	806
HRC_bestinc_cpsat_10000:MyLog	R(3,10000,6,0,0.5,3)	3	10000	6	0	INC_CPSAT_DIST_SUM_0.391_200	FEASIBLE	6.0193406035	6.036287599054789	1801.628	-1	2	321
HRC_bestinc_cpsat_10000:MyLog	R(5,10000,6,0,0.5,3)	5	10000	6	0	INC_CPSAT_DIST_SUM_0.719_200	FEASIBLE	7.0808876203	9.769442498605061	1802.583	-1	1	400
HRC_bestinc_cpsat_10000:MyLog	R(2,10000,6,0,0.5,3)	2	10000	6	0	INC_CPSAT_DIST_SUM_0.2_100	FEASIBLE	3.8165261968	4.286304733450875	1800.871	-1	4	500
HRC_bestinc_cpsat_10000:MyLog	R(3,10000,6,0,0.5,3)	3	10000	6	0	INC_CPSAT_DIST_SUM_0.391_100	FEASIBLE	4.7038633199	6.039085436572013	1800.584	-1	1	200
HRC_bestinc_cpsat_10000:MyLog	R(5,10000,6,0,0.5,3)	5	10000	6	0	INC_CPSAT_DIST_SUM_0.719_100	FEASIBLE	9.4148019826	9.76851719095733	1800.911	-1	2	300
HRC_bestinc_cpsat_10000:MyLog	R(2,10000,6,0,0.5,4)	2	10000	6	0	INC_CPSAT_ECC_MAX_0.2_2000	FEASIBLE	3.0822401651	4.5183667301075054	1804.287	-1	1	2000
HRC_bestinc_cpsat_10000:MyLog	R(3,10000,6,0,0.5,4)	3	10000	6	0	INC_CPSAT_ECC_MAX_0.391_2000	FEASIBLE	3.2061731402	6.55141237424628	1805.506	-1	1	2000
HRC_bestinc_cpsat_10000:MyLog	R(5,10000,6,0,0.5,4)	5	10000	6	0	INC_CPSAT_ECC_MAX_0.719_2000	FEASIBLE	5.0724184383	10.070061902816828	1809.336	-1	1	2000
HRC_bestinc_cpsat_10000:MyLog	R(2,10000,6,0,0.5,4)	2	10000	6	0	INC_CPSAT_ECC_MAX_0.2_1000	FEASIBLE	3.5473105365	4.5183667301075054	1802.307	-1	1	1000
HRC_bestinc_cpsat_10000:MyLog	R(3,10000,6,0,0.5,4)	3	10000	6	0	INC_CPSAT_ECC_MAX_0.391_1000	FEASIBLE	4.239800029	6.55141237424628	1802.89	-1	1	1000
HRC_bestinc_cpsat_10000:MyLog	R(5,10000,6,0,0.5,4)	5	10000	6	0	INC_CPSAT_ECC_MAX_0.719_1000	FEASIBLE	6.3202307938	10.070061902816828	1804.677	-1	1	1000
HRC_bestinc_cpsat_10000:MyLog	R(2,10000,6,0,0.5,4)	2	10000	6	0	INC_CPSAT_ECC_MAX_0.2_500	OPTIMAL	4.5183667299	4.5183667301075054	1274.025	-1	1	500
HRC_bestinc_cpsat_10000:MyLog	R(3,10000,6,0,0.5,4)	3	10000	6	0	INC_CPSAT_ECC_MAX_0.391_500	FEASIBLE	4.8425560321	6.55141237424628	1801.232	-1	1	500
HRC_bestinc_cpsat_10000:MyLog	R(5,10000,6,0,0.5,4)	5	10000	6	0	INC_CPSAT_ECC_MAX_0.719_500	FEASIBLE	6.5344291897	10.070061902816828	1802.572	-1	1	500
HRC_bestinc_cpsat_10000:MyLog	R(2,10000,6,0,0.5,4)	2	10000	6	0	INC_CPSAT_ECC_MAX_0.2_200	OPTIMAL	4.5183667299	4.5183667301075054	264.233	-1	1	200
HRC_bestinc_cpsat_10000:MyLog	R(3,10000,6,0,0.5,4)	3	10000	6	0	INC_CPSAT_ECC_MAX_0.391_200	OPTIMAL	6.551412374	6.55141237424628	1119.474	-1	1	200
HRC_bestinc_cpsat_10000:MyLog	R(5,10000,6,0,0.5,4)	5	10000	6	0	INC_CPSAT_ECC_MAX_0.719_200	FEASIBLE	7.1518314632	10.071551079015318	1802.146	-1	1	400
HRC_bestinc_cpsat_10000:MyLog	R(2,10000,6,0,0.5,4)	2	10000	6	0	INC_CPSAT_ECC_MAX_0.2_100	FEASIBLE	4.5091914575	4.5183667301075054	1801.5	-1	5	427
HRC_bestinc_cpsat_10000:MyLog	R(3,10000,6,0,0.5,4)	3	10000	6	0	INC_CPSAT_ECC_MAX_0.391_100	FEASIBLE	6.4087424858	6.554543244387028	1801.187	-1	2	300
HRC_bestinc_cpsat_10000:MyLog	R(5,10000,6,0,0.5,4)	5	10000	6	0	INC_CPSAT_ECC_MAX_0.719_100	FEASIBLE	7.6999807464	10.071508346709871	1802.803	-1	1	200
HRC_bestinc_cpsat_10000:MyLog	R(2,10000,6,0,0.5,4)	2	10000	6	0	INC_CPSAT_DIST_SUM_0.2_2000	FEASIBLE	3.1294430281	4.519385393164914	1805.746	-1	1	2002
HRC_bestinc_cpsat_10000:MyLog	R(3,10000,6,0,0.5,4)	3	10000	6	0	INC_CPSAT_DIST_SUM_0.391_2000	FEASIBLE	3.3007393598	6.554208945185968	1807.94	-1	1	2009
HRC_bestinc_cpsat_10000:MyLog	R(5,10000,6,0,0.5,4)	5	10000	6	0	INC_CPSAT_DIST_SUM_0.719_2000	FEASIBLE	4.9139513889	10.07136244265026	1812.636	-1	1	2016
HRC_bestinc_cpsat_10000:MyLog	R(2,10000,6,0,0.5,4)	2	10000	6	0	INC_CPSAT_DIST_SUM_0.2_1000	FEASIBLE	3.4906295577	4.519507683327169	1803.201	-1	1	1008
HRC_bestinc_cpsat_10000:MyLog	R(3,10000,6,0,0.5,4)	3	10000	6	0	INC_CPSAT_DIST_SUM_0.391_1000	FEASIBLE	4.2886700771	6.5555360010652395	1803.596	-1	1	1024
HRC_bestinc_cpsat_10000:MyLog	R(5,10000,6,0,0.5,4)	5	10000	6	0	INC_CPSAT_DIST_SUM_0.719_1000	FEASIBLE	5.3560053432	10.071536339775427	1806.436	-1	1	1036
HRC_bestinc_cpsat_10000:MyLog	R(2,10000,6,0,0.5,4)	2	10000	6	0	INC_CPSAT_DIST_SUM_0.2_500	FEASIBLE	4.4557198455	4.519134386199408	1802.832	-1	2	1017
HRC_bestinc_cpsat_10000:MyLog	R(3,10000,6,0,0.5,4)	3	10000	6	0	INC_CPSAT_DIST_SUM_0.391_500	FEASIBLE	4.6617607275	6.554208945185968	1801.802	-1	1	530
HRC_bestinc_cpsat_10000:MyLog	R(5,10000,6,0,0.5,4)	5	10000	6	0	INC_CPSAT_DIST_SUM_0.719_500	FEASIBLE	6.6429033552	10.071715014235767	1803.192	-1	1	596
HRC_bestinc_cpsat_10000:MyLog	R(2,10000,6,0,0.5,4)	2	10000	6	0	INC_CPSAT_DIST_SUM_0.2_200	FEASIBLE	4.5118767246	4.520283319101627	1801.409	-1	4	469
HRC_bestinc_cpsat_10000:MyLog	R(3,10000,6,0,0.5,4)	3	10000	6	0	INC_CPSAT_DIST_SUM_0.391_200	FEASIBLE	5.1112453665	6.554897532677637	1801.267	-1	1	264
HRC_bestinc_cpsat_10000:MyLog	R(5,10000,6,0,0.5,4)	5	10000	6	0	INC_CPSAT_DIST_SUM_0.719_200	FEASIBLE	7.1098481732	10.072437999456204	1802.26	-1	1	400
HRC_bestinc_cpsat_10000:MyLog	R(2,10000,6,0,0.5,4)	2	10000	6	0	INC_CPSAT_DIST_SUM_0.2_100	FEASIBLE	4.5172357528	4.5183667301075054	1801.087	-1	5	343
HRC_bestinc_cpsat_10000:MyLog	R(3,10000,6,0,0.5,4)	3	10000	6	0	INC_CPSAT_DIST_SUM_0.391_100	FEASIBLE	6.4231411708	6.556544952592316	1801.184	-1	2	300
HRC_bestinc_cpsat_10000:MyLog	R(5,10000,6,0,0.5,4)	5	10000	6	0	INC_CPSAT_DIST_SUM_0.719_100	FEASIBLE	9.7495750204	10.071677941952611	1802.419	-1	2	300
HRC_bestinc_cpsat_400:MyLog	R(2,400,4,0,0.5,0)	2	400	4	0	INC_CPSAT_ECC_MAX_0.2_80	OPTIMAL	2.8000717784	2.800071778668311	2.031	-1	1	80
HRC_bestinc_cpsat_400:MyLog	R(3,400,4,0,0.5,0)	3	400	4	0	INC_CPSAT_ECC_MAX_0.391_80	OPTIMAL	5.4004184999	5.4004185004002885	4.641	-1	2	82
HRC_bestinc_cpsat_400:MyLog	R(5,400,4,0,0.5,0)	5	400	4	0	INC_CPSAT_ECC_MAX_0.719_80	OPTIMAL	8.5115616453	8.511561645794378	210.372	-1	5	139
HRC_bestinc_cpsat_400:MyLog	R(2,400,4,0,0.5,0)	2	400	4	0	INC_CPSAT_ECC_MAX_0.2_40	OPTIMAL	2.8000717784	2.800071778668311	0.618	-1	1	40
HRC_bestinc_cpsat_400:MyLog	R(3,400,4,0,0.5,0)	3	400	4	0	INC_CPSAT_ECC_MAX_0.391_40	OPTIMAL	5.4004184999	5.4004185004002885	14.078	-1	6	159
HRC_bestinc_cpsat_400:MyLog	R(5,400,4,0,0.5,0)	5	400	4	0	INC_CPSAT_ECC_MAX_0.719_40	OPTIMAL	8.5115616453	8.511561645794378	204.148	-1	5	146
HRC_bestinc_cpsat_400:MyLog	R(2,400,4,0,0.5,0)	2	400	4	0	INC_CPSAT_ECC_MAX_0.2_20	OPTIMAL	2.8000717784	2.800071778668311	3.644	-1	6	79
HRC_bestinc_cpsat_400:MyLog	R(3,400,4,0,0.5,0)	3	400	4	0	INC_CPSAT_ECC_MAX_0.391_20	OPTIMAL	5.4004184999	5.4004185004002885	11.853	-1	5	100
HRC_bestinc_cpsat_400:MyLog	R(5,400,4,0,0.5,0)	5	400	4	0	INC_CPSAT_ECC_MAX_0.719_20	OPTIMAL	8.5115616453	8.511561645794378	238.505	-1	7	104
HRC_bestinc_cpsat_400:MyLog	R(2,400,4,0,0.5,0)	2	400	4	0	INC_CPSAT_DIST_SUM_0.2_80	OPTIMAL	2.8000717784	2.800071778668311	1.751	-1	2	88
HRC_bestinc_cpsat_400:MyLog	R(3,400,4,0,0.5,0)	3	400	4	0	INC_CPSAT_DIST_SUM_0.391_80	OPTIMAL	5.4004184999	5.4004185004002885	16.578	-1	5	104
HRC_bestinc_cpsat_400:MyLog	R(5,400,4,0,0.5,0)	5	400	4	0	INC_CPSAT_DIST_SUM_0.719_80	OPTIMAL	8.5115616453	8.511561645794378	87.17	-1	5	128
HRC_bestinc_cpsat_400:MyLog	R(2,400,4,0,0.5,0)	2	400	4	0	INC_CPSAT_DIST_SUM_0.2_40	OPTIMAL	2.8000717784	2.800071778668311	2.066	-1	4	53
HRC_bestinc_cpsat_400:MyLog	R(3,400,4,0,0.5,0)	3	400	4	0	INC_CPSAT_DIST_SUM_0.391_40	OPTIMAL	5.4004184999	5.4004185004002885	47.613	-1	7	141
HRC_bestinc_cpsat_400:MyLog	R(5,400,4,0,0.5,0)	5	400	4	0	INC_CPSAT_DIST_SUM_0.719_40	OPTIMAL	8.5115616453	8.511561645794378	72.312	-1	5	111
HRC_bestinc_cpsat_400:MyLog	R(2,400,4,0,0.5,0)	2	400	4	0	INC_CPSAT_DIST_SUM_0.2_20	OPTIMAL	2.8000717784	2.800071778668311	3.743	-1	6	74
HRC_bestinc_cpsat_400:MyLog	R(3,400,4,0,0.5,0)	3	400	4	0	INC_CPSAT_DIST_SUM_0.391_20	OPTIMAL	5.4004184999	5.4004185004002885	39.53	-1	9	108
HRC_bestinc_cpsat_400:MyLog	R(5,400,4,0,0.5,0)	5	400	4	0	INC_CPSAT_DIST_SUM_0.719_20	OPTIMAL	8.5115616453	8.511561645794378	137.86	-1	7	94
HRC_bestinc_cpsat_400:MyLog	R(2,400,4,0,0.5,1)	2	400	4	0	INC_CPSAT_ECC_MAX_0.2_80	OPTIMAL	3.9533284335	3.9533284334690157	1.105	-1	1	80
HRC_bestinc_cpsat_400:MyLog	R(3,400,4,0,0.5,1)	3	400	4	0	INC_CPSAT_ECC_MAX_0.391_80	OPTIMAL	5.1086261111	5.1086261115517875	2.659	-1	1	80
HRC_bestinc_cpsat_400:MyLog	R(5,400,4,0,0.5,1)	5	400	4	0	INC_CPSAT_ECC_MAX_0.719_80	OPTIMAL	8.5154307166	8.515430717056724	43.159	-1	3	115
HRC_bestinc_cpsat_400:MyLog	R(2,400,4,0,0.5,1)	2	400	4	0	INC_CPSAT_ECC_MAX_0.2_40	OPTIMAL	3.9533284335	3.9533284334690157	0.763	-1	1	40
HRC_bestinc_cpsat_400:MyLog	R(3,400,4,0,0.5,1)	3	400	4	0	INC_CPSAT_ECC_MAX_0.391_40	OPTIMAL	5.1086261111	5.1086261115517875	2.827	-1	2	47
HRC_bestinc_cpsat_400:MyLog	R(5,400,4,0,0.5,1)	5	400	4	0	INC_CPSAT_ECC_MAX_0.719_40	OPTIMAL	8.5154307166	8.515430717056724	80.981	-1	9	179
HRC_bestinc_cpsat_400:MyLog	R(2,400,4,0,0.5,1)	2	400	4	0	INC_CPSAT_ECC_MAX_0.2_20	OPTIMAL	3.9533284335	3.953328433469016	1.712	-1	3	60
HRC_bestinc_cpsat_400:MyLog	R(3,400,4,0,0.5,1)	3	400	4	0	INC_CPSAT_ECC_MAX_0.391_20	OPTIMAL	5.1086261111	5.1086261115517875	15.345	-1	9	125
HRC_bestinc_cpsat_400:MyLog	R(5,400,4,0,0.5,1)	5	400	4	0	INC_CPSAT_ECC_MAX_0.719_20	OPTIMAL	8.5154307166	8.515430717056724	35.844	-1	9	114
HRC_bestinc_cpsat_400:MyLog	R(2,400,4,0,0.5,1)	2	400	4	0	INC_CPSAT_DIST_SUM_0.2_80	OPTIMAL	3.9533284335	3.9533284334690157	0.76	-1	1	80
HRC_bestinc_cpsat_400:MyLog	R(3,400,4,0,0.5,1)	3	400	4	0	INC_CPSAT_DIST_SUM_0.391_80	OPTIMAL	5.1086261111	5.1086261115517875	9.863	-1	4	94
HRC_bestinc_cpsat_400:MyLog	R(5,400,4,0,0.5,1)	5	400	4	0	INC_CPSAT_DIST_SUM_0.719_80	OPTIMAL	8.5154307166	8.515430717056724	44.39	-1	8	132
HRC_bestinc_cpsat_400:MyLog	R(2,400,4,0,0.5,1)	2	400	4	0	INC_CPSAT_DIST_SUM_0.2_40	OPTIMAL	3.9533284335	3.9533284334690157	0.873	-1	1	40
HRC_bestinc_cpsat_400:MyLog	R(3,400,4,0,0.5,1)	3	400	4	0	INC_CPSAT_DIST_SUM_0.391_40	OPTIMAL	5.1086261111	5.1086261115517875	13.704	-1	7	117
HRC_bestinc_cpsat_400:MyLog	R(5,400,4,0,0.5,1)	5	400	4	0	INC_CPSAT_DIST_SUM_0.719_40	OPTIMAL	8.5154307166	8.515430717056724	61.082	-1	7	169
HRC_bestinc_cpsat_400:MyLog	R(2,400,4,0,0.5,1)	2	400	4	0	INC_CPSAT_DIST_SUM_0.2_20	OPTIMAL	3.9533284335	3.9533284334690157	1.864	-1	3	60
HRC_bestinc_cpsat_400:MyLog	R(3,400,4,0,0.5,1)	3	400	4	0	INC_CPSAT_DIST_SUM_0.391_20	OPTIMAL	5.1086261111	5.1086261115517875	13.514	-1	9	121
HRC_bestinc_cpsat_400:MyLog	R(5,400,4,0,0.5,1)	5	400	4	0	INC_CPSAT_DIST_SUM_0.719_20	OPTIMAL	8.5154307166	8.515430717056724	63.382	-1	10	125
HRC_bestinc_cpsat_400:MyLog	R(2,400,4,0,0.5,2)	2	400	4	0	INC_CPSAT_ECC_MAX_0.2_80	OPTIMAL	2.8546837651	2.8546837652400354	0.938	-1	1	80
HRC_bestinc_cpsat_400:MyLog	R(3,400,4,0,0.5,2)	3	400	4	0	INC_CPSAT_ECC_MAX_0.391_80	OPTIMAL	5.6968030408	5.696803040996661	9.683	-1	3	92
HRC_bestinc_cpsat_400:MyLog	R(5,400,4,0,0.5,2)	5	400	4	0	INC_CPSAT_ECC_MAX_0.719_80	OPTIMAL	9.8174976675	9.817497667770587	5.707	-1	1	80
HRC_bestinc_cpsat_400:MyLog	R(2,400,4,0,0.5,2)	2	400	4	0	INC_CPSAT_ECC_MAX_0.2_40	OPTIMAL	2.8546837651	2.8546837652400354	1.36	-1	3	113
HRC_bestinc_cpsat_400:MyLog	R(3,400,4,0,0.5,2)	3	400	4	0	INC_CPSAT_ECC_MAX_0.391_40	OPTIMAL	5.6968030408	5.696803040996661	14.555	-1	7	128
HRC_bestinc_cpsat_400:MyLog	R(5,400,4,0,0.5,2)	5	400	4	0	INC_CPSAT_ECC_MAX_0.719_40	OPTIMAL	9.8174976675	9.817497667770587	6.419	-1	1	40
HRC_bestinc_cpsat_400:MyLog	R(2,400,4,0,0.5,2)	2	400	4	0	INC_CPSAT_ECC_MAX_0.2_20	OPTIMAL	2.8546837651	2.8546837652400354	1.656	-1	6	99
HRC_bestinc_cpsat_400:MyLog	R(3,400,4,0,0.5,2)	3	400	4	0	INC_CPSAT_ECC_MAX_0.391_20	OPTIMAL	5.6968030408	5.696803040996661	17.403	-1	7	88
HRC_bestinc_cpsat_400:MyLog	R(5,400,4,0,0.5,2)	5	400	4	0	INC_CPSAT_ECC_MAX_0.719_20	OPTIMAL	9.8174976675	9.817497667770587	5.823	-1	2	40
HRC_bestinc_cpsat_400:MyLog	R(2,400,4,0,0.5,2)	2	400	4	0	INC_CPSAT_DIST_SUM_0.2_80	OPTIMAL	2.8546837651	2.8546837652400354	0.845	-1	1	80
HRC_bestinc_cpsat_400:MyLog	R(3,400,4,0,0.5,2)	3	400	4	0	INC_CPSAT_DIST_SUM_0.391_80	OPTIMAL	5.6968030408	5.696803040996661	9.29	-1	3	84
HRC_bestinc_cpsat_400:MyLog	R(5,400,4,0,0.5,2)	5	400	4	0	INC_CPSAT_DIST_SUM_0.719_80	OPTIMAL	9.8174976675	9.817497667770587	6.932	-1	1	80
HRC_bestinc_cpsat_400:MyLog	R(2,400,4,0,0.5,2)	2	400	4	0	INC_CPSAT_DIST_SUM_0.2_40	OPTIMAL	2.8546837651	2.8546837652400354	2.028	-1	4	85
HRC_bestinc_cpsat_400:MyLog	R(3,400,4,0,0.5,2)	3	400	4	0	INC_CPSAT_DIST_SUM_0.391_40	OPTIMAL	5.6968030408	5.696803040996661	14.708	-1	5	134
HRC_bestinc_cpsat_400:MyLog	R(5,400,4,0,0.5,2)	5	400	4	0	INC_CPSAT_DIST_SUM_0.719_40	OPTIMAL	9.8174976675	9.817497667770587	24.356	-1	2	56
HRC_bestinc_cpsat_400:MyLog	R(2,400,4,0,0.5,2)	2	400	4	0	INC_CPSAT_DIST_SUM_0.2_20	OPTIMAL	2.8546837651	2.8546837652400354	1.682	-1	7	108
HRC_bestinc_cpsat_400:MyLog	R(3,400,4,0,0.5,2)	3	400	4	0	INC_CPSAT_DIST_SUM_0.391_20	OPTIMAL	5.6968030408	5.696803040996661	15.037	-1	6	97
HRC_bestinc_cpsat_400:MyLog	R(5,400,4,0,0.5,2)	5	400	4	0	INC_CPSAT_DIST_SUM_0.719_20	OPTIMAL	9.8174976675	9.817497667770587	19.362	-1	3	56
HRC_bestinc_cpsat_400:MyLog	R(2,400,4,0,0.5,3)	2	400	4	0	INC_CPSAT_ECC_MAX_0.2_80	OPTIMAL	2.7198485228	2.7198485226241385	0.529	-1	1	80
HRC_bestinc_cpsat_400:MyLog	R(3,400,4,0,0.5,3)	3	400	4	0	INC_CPSAT_ECC_MAX_0.391_80	OPTIMAL	3.9559973737	3.9559973738054204	3.135	-1	1	80
HRC_bestinc_cpsat_400:MyLog	R(5,400,4,0,0.5,3)	5	400	4	0	INC_CPSAT_ECC_MAX_0.719_80	OPTIMAL	9.4313213482	9.431321348660315	160.084	-1	6	124
HRC_bestinc_cpsat_400:MyLog	R(2,400,4,0,0.5,3)	2	400	4	0	INC_CPSAT_ECC_MAX_0.2_40	OPTIMAL	2.7198485228	2.7198485226241385	1.525	-1	3	74
HRC_bestinc_cpsat_400:MyLog	R(3,400,4,0,0.5,3)	3	400	4	0	INC_CPSAT_ECC_MAX_0.391_40	OPTIMAL	3.9559973737	3.9559973738054204	24.803	-1	6	99
HRC_bestinc_cpsat_400:MyLog	R(5,400,4,0,0.5,3)	5	400	4	0	INC_CPSAT_ECC_MAX_0.719_40	OPTIMAL	9.4313213482	9.431321348660315	134.959	-1	5	141
HRC_bestinc_cpsat_400:MyLog	R(2,400,4,0,0.5,3)	2	400	4	0	INC_CPSAT_ECC_MAX_0.2_20	OPTIMAL	2.7198485228	2.7198485226241385	1.802	-1	6	105
HRC_bestinc_cpsat_400:MyLog	R(3,400,4,0,0.5,3)	3	400	4	0	INC_CPSAT_ECC_MAX_0.391_20	OPTIMAL	3.9559973737	3.9559973738054204	8.228	-1	5	71
HRC_bestinc_cpsat_400:MyLog	R(5,400,4,0,0.5,3)	5	400	4	0	INC_CPSAT_ECC_MAX_0.719_20	OPTIMAL	9.4313213482	9.431321348660315	134.065	-1	7	118
HRC_bestinc_cpsat_400:MyLog	R(2,400,4,0,0.5,3)	2	400	4	0	INC_CPSAT_DIST_SUM_0.2_80	OPTIMAL	2.7198485228	2.7198485226241385	0.511	-1	1	80
HRC_bestinc_cpsat_400:MyLog	R(3,400,4,0,0.5,3)	3	400	4	0	INC_CPSAT_DIST_SUM_0.391_80	OPTIMAL	3.9559973737	3.9559973738054204	13.349	-1	4	92
HRC_bestinc_cpsat_400:MyLog	R(5,400,4,0,0.5,3)	5	400	4	0	INC_CPSAT_DIST_SUM_0.719_80	OPTIMAL	9.4313213482	9.431321348660315	161.349	-1	6	118
HRC_bestinc_cpsat_400:MyLog	R(2,400,4,0,0.5,3)	2	400	4	0	INC_CPSAT_DIST_SUM_0.2_40	OPTIMAL	2.7198485228	2.7198485226241385	2.757	-1	5	68
HRC_bestinc_cpsat_400:MyLog	R(3,400,4,0,0.5,3)	3	400	4	0	INC_CPSAT_DIST_SUM_0.391_40	OPTIMAL	3.9559973737	3.9559973738054204	14.463	-1	5	92
HRC_bestinc_cpsat_400:MyLog	R(5,400,4,0,0.5,3)	5	400	4	0	INC_CPSAT_DIST_SUM_0.719_40	OPTIMAL	9.4313213482	9.431321348660315	255.094	-1	7	164
HRC_bestinc_cpsat_400:MyLog	R(2,400,4,0,0.5,3)	2	400	4	0	INC_CPSAT_DIST_SUM_0.2_20	OPTIMAL	2.7198485228	2.7198485226241385	1.732	-1	6	105
HRC_bestinc_cpsat_400:MyLog	R(3,400,4,0,0.5,3)	3	400	4	0	INC_CPSAT_DIST_SUM_0.391_20	OPTIMAL	3.9559973737	3.9559973738054204	9.33	-1	6	87
HRC_bestinc_cpsat_400:MyLog	R(5,400,4,0,0.5,3)	5	400	4	0	INC_CPSAT_DIST_SUM_0.719_20	OPTIMAL	9.4313213482	9.431321348660315	240.121	-1	9	116
HRC_bestinc_cpsat_400:MyLog	R(2,400,4,0,0.5,4)	2	400	4	0	INC_CPSAT_ECC_MAX_0.2_80	OPTIMAL	2.8700826771	2.8700826770088916	0.865	-1	1	80
HRC_bestinc_cpsat_400:MyLog	R(3,400,4,0,0.5,4)	3	400	4	0	INC_CPSAT_ECC_MAX_0.391_80	OPTIMAL	5.1390523907	5.139052390685625	2.361	-1	1	80
HRC_bestinc_cpsat_400:MyLog	R(5,400,4,0,0.5,4)	5	400	4	0	INC_CPSAT_ECC_MAX_0.719_80	OPTIMAL	9.3873321018	9.387332102129196	127.547	-1	7	132
HRC_bestinc_cpsat_400:MyLog	R(2,400,4,0,0.5,4)	2	400	4	0	INC_CPSAT_ECC_MAX_0.2_40	OPTIMAL	2.8700826771	2.8700826770088916	2.493	-1	4	110
HRC_bestinc_cpsat_400:MyLog	R(3,400,4,0,0.5,4)	3	400	4	0	INC_CPSAT_ECC_MAX_0.391_40	OPTIMAL	5.1390523907	5.139052390685625	6.353	-1	3	68
HRC_bestinc_cpsat_400:MyLog	R(5,400,4,0,0.5,4)	5	400	4	0	INC_CPSAT_ECC_MAX_0.719_40	OPTIMAL	9.3873321018	9.387332102129196	94.52	-1	5	134
HRC_bestinc_cpsat_400:MyLog	R(2,400,4,0,0.5,4)	2	400	4	0	INC_CPSAT_ECC_MAX_0.2_20	OPTIMAL	2.8700826771	2.8700826770088916	2.221	-1	6	95
HRC_bestinc_cpsat_400:MyLog	R(3,400,4,0,0.5,4)	3	400	4	0	INC_CPSAT_ECC_MAX_0.391_20	OPTIMAL	5.1390523907	5.139052390685625	7.314	-1	6	106
HRC_bestinc_cpsat_400:MyLog	R(5,400,4,0,0.5,4)	5	400	4	0	INC_CPSAT_ECC_MAX_0.719_20	OPTIMAL	9.3873321018	9.387332102129196	141.69	-1	9	113
HRC_bestinc_cpsat_400:MyLog	R(2,400,4,0,0.5,4)	2	400	4	0	INC_CPSAT_DIST_SUM_0.2_80	OPTIMAL	2.8700826771	2.8700826770088916	1.489	-1	2	81
HRC_bestinc_cpsat_400:MyLog	R(3,400,4,0,0.5,4)	3	400	4	0	INC_CPSAT_DIST_SUM_0.391_80	OPTIMAL	5.1390523907	5.139052390685625	10.198	-1	4	96
HRC_bestinc_cpsat_400:MyLog	R(5,400,4,0,0.5,4)	5	400	4	0	INC_CPSAT_DIST_SUM_0.719_80	OPTIMAL	9.3873321018	9.387332102129196	88.208	-1	4	120
HRC_bestinc_cpsat_400:MyLog	R(2,400,4,0,0.5,4)	2	400	4	0	INC_CPSAT_DIST_SUM_0.2_40	OPTIMAL	2.8700826771	2.8700826770088916	1.977	-1	6	104
HRC_bestinc_cpsat_400:MyLog	R(3,400,4,0,0.5,4)	3	400	4	0	INC_CPSAT_DIST_SUM_0.391_40	OPTIMAL	5.1390523907	5.139052390685625	6.059	-1	5	65
HRC_bestinc_cpsat_400:MyLog	R(5,400,4,0,0.5,4)	5	400	4	0	INC_CPSAT_DIST_SUM_0.719_40	OPTIMAL	9.3873321018	9.387332102129196	63.491	-1	4	160
HRC_bestinc_cpsat_400:MyLog	R(2,400,4,0,0.5,4)	2	400	4	0	INC_CPSAT_DIST_SUM_0.2_20	OPTIMAL	2.8700826771	2.8700826770088916	1.745	-1	7	94
HRC_bestinc_cpsat_400:MyLog	R(3,400,4,0,0.5,4)	3	400	4	0	INC_CPSAT_DIST_SUM_0.391_20	OPTIMAL	5.1390523907	5.139052390685625	8.502	-1	6	94
HRC_bestinc_cpsat_400:MyLog	R(5,400,4,0,0.5,4)	5	400	4	0	INC_CPSAT_DIST_SUM_0.719_20	OPTIMAL	9.3873321018	9.387332102129196	85.202	-1	7	105
HRC_bestinc_cpsat_400:MyLog	R(2,400,6,0,0.5,0)	2	400	6	0	INC_CPSAT_ECC_MAX_0.2_80	OPTIMAL	3.7821482114	3.782148211612918	577.919	-1	3	109
HRC_bestinc_cpsat_400:MyLog	R(3,400,6,0,0.5,0)	3	400	6	0	INC_CPSAT_ECC_MAX_0.391_80	FEASIBLE	6.316073743	6.463779049856521	1800.736	-1	2	134
HRC_bestinc_cpsat_400:MyLog	R(5,400,6,0,0.5,0)	5	400	6	0	INC_CPSAT_ECC_MAX_0.719_80	FEASIBLE	8.5859235921	9.761408319368115	1800.325	-1	1	95
HRC_bestinc_cpsat_400:MyLog	R(2,400,6,0,0.5,0)	2	400	6	0	INC_CPSAT_ECC_MAX_0.2_40	OPTIMAL	3.7821482114	3.782148211612918	148.922	-1	2	80
HRC_bestinc_cpsat_400:MyLog	R(3,400,6,0,0.5,0)	3	400	6	0	INC_CPSAT_ECC_MAX_0.391_40	FEASIBLE	6.130991362	6.462225032189202	1801.014	-1	4	190
HRC_bestinc_cpsat_400:MyLog	R(5,400,6,0,0.5,0)	5	400	6	0	INC_CPSAT_ECC_MAX_0.719_40	FEASIBLE	6.2856601226	9.757793768785108	1800.302	-1	1	80
HRC_bestinc_cpsat_400:MyLog	R(2,400,6,0,0.5,0)	2	400	6	0	INC_CPSAT_ECC_MAX_0.2_20	OPTIMAL	3.7821482114	3.782148211612918	664.592	-1	4	77
HRC_bestinc_cpsat_400:MyLog	R(3,400,6,0,0.5,0)	3	400	6	0	INC_CPSAT_ECC_MAX_0.391_20	FEASIBLE	6.130991362	6.462225032189202	1801.074	-1	5	113
HRC_bestinc_cpsat_400:MyLog	R(5,400,6,0,0.5,0)	5	400	6	0	INC_CPSAT_ECC_MAX_0.719_20	FEASIBLE	8.966359677	9.757793768785108	1800.91	-1	2	60
HRC_bestinc_cpsat_400:MyLog	R(2,400,6,0,0.5,0)	2	400	6	0	INC_CPSAT_DIST_SUM_0.2_80	OPTIMAL	3.7821482114	3.782148211612918	993.352	-1	3	125
HRC_bestinc_cpsat_400:MyLog	R(3,400,6,0,0.5,0)	3	400	6	0	INC_CPSAT_DIST_SUM_0.391_80	FEASIBLE	6.3326029936	6.4655984171494945	1800.648	-1	2	118
HRC_bestinc_cpsat_400:MyLog	R(5,400,6,0,0.5,0)	5	400	6	0	INC_CPSAT_DIST_SUM_0.719_80	FEASIBLE	7.0008332035	9.757822163131609	1800.814	-1	1	102
HRC_bestinc_cpsat_400:MyLog	R(2,400,6,0,0.5,0)	2	400	6	0	INC_CPSAT_DIST_SUM_0.2_40	OPTIMAL	3.7821482114	3.782148211612918	847.798	-1	4	89
HRC_bestinc_cpsat_400:MyLog	R(3,400,6,0,0.5,0)	3	400	6	0	INC_CPSAT_DIST_SUM_0.391_40	FEASIBLE	6.130991362	6.462225032189202	1800.462	-1	4	190
HRC_bestinc_cpsat_400:MyLog	R(5,400,6,0,0.5,0)	5	400	6	0	INC_CPSAT_DIST_SUM_0.719_40	FEASIBLE	8.4836811761	9.757793768785108	1800.301	-1	1	80
HRC_bestinc_cpsat_400:MyLog	R(2,400,6,0,0.5,0)	2	400	6	0	INC_CPSAT_DIST_SUM_0.2_20	OPTIMAL	3.7821482114	3.782148211612918	658.357	-1	4	63
HRC_bestinc_cpsat_400:MyLog	R(3,400,6,0,0.5,0)	3	400	6	0	INC_CPSAT_DIST_SUM_0.391_20	FEASIBLE	6.1883382657	6.462225032189202	1800.123	-1	5	120
HRC_bestinc_cpsat_400:MyLog	R(5,400,6,0,0.5,0)	5	400	6	0	INC_CPSAT_DIST_SUM_0.719_20	FEASIBLE	9.1543066474	9.757793768785108	1800.668	-1	3	80
HRC_bestinc_cpsat_400:MyLog	R(2,400,6,0,0.5,1)	2	400	6	0	INC_CPSAT_ECC_MAX_0.2_80	FEASIBLE	4.0314651931	4.077739777569727	1800.701	-1	4	176
HRC_bestinc_cpsat_400:MyLog	R(3,400,6,0,0.5,1)	3	400	6	0	INC_CPSAT_ECC_MAX_0.391_80	FEASIBLE	5.7258183027	5.776712302182051	1800.434	-1	3	96
HRC_bestinc_cpsat_400:MyLog	R(5,400,6,0,0.5,1)	5	400	6	0	INC_CPSAT_ECC_MAX_0.719_80	FEASIBLE	6.7298740912	9.90049747661703	1800.322	-1	1	114
HRC_bestinc_cpsat_400:MyLog	R(2,400,6,0,0.5,1)	2	400	6	0	INC_CPSAT_ECC_MAX_0.2_40	FEASIBLE	3.9977230895	4.181570875354178	1801.097	-1	5	219
HRC_bestinc_cpsat_400:MyLog	R(3,400,6,0,0.5,1)	3	400	6	0	INC_CPSAT_ECC_MAX_0.391_40	FEASIBLE	5.4496558398	5.792751275547353	1800.711	-1	3	155
HRC_bestinc_cpsat_400:MyLog	R(5,400,6,0,0.5,1)	5	400	6	0	INC_CPSAT_ECC_MAX_0.719_40	FEASIBLE	9.2972546575	9.935510953987375	1800.71	-1	2	120
HRC_bestinc_cpsat_400:MyLog	R(2,400,6,0,0.5,1)	2	400	6	0	INC_CPSAT_ECC_MAX_0.2_20	FEASIBLE	4.0059926761	4.077739777569727	1801.172	-1	6	120
HRC_bestinc_cpsat_400:MyLog	R(3,400,6,0,0.5,1)	3	400	6	0	INC_CPSAT_ECC_MAX_0.391_20	FEASIBLE	5.689133044	5.7603773531576365	1800.127	-1	5	101
HRC_bestinc_cpsat_400:MyLog	R(5,400,6,0,0.5,1)	5	400	6	0	INC_CPSAT_ECC_MAX_0.719_20	FEASIBLE	9.3050522707	9.934737233643407	1801.007	-1	3	80
HRC_bestinc_cpsat_400:MyLog	R(2,400,6,0,0.5,1)	2	400	6	0	INC_CPSAT_DIST_SUM_0.2_80	FEASIBLE	4.0457764206	4.077739777569727	1801.085	-1	4	240
HRC_bestinc_cpsat_400:MyLog	R(3,400,6,0,0.5,1)	3	400	6	0	INC_CPSAT_DIST_SUM_0.391_80	FEASIBLE	5.7224331502	5.797807814109351	1800.915	-1	3	97
HRC_bestinc_cpsat_400:MyLog	R(5,400,6,0,0.5,1)	5	400	6	0	INC_CPSAT_DIST_SUM_0.719_80	FEASIBLE	6.5673874933	9.928877316551613	1800.949	-1	1	111
HRC_bestinc_cpsat_400:MyLog	R(2,400,6,0,0.5,1)	2	400	6	0	INC_CPSAT_DIST_SUM_0.2_40	FEASIBLE	3.9104228933	4.104300533352211	1800.989	-1	5	205
HRC_bestinc_cpsat_400:MyLog	R(3,400,6,0,0.5,1)	3	400	6	0	INC_CPSAT_DIST_SUM_0.391_40	FEASIBLE	5.5212708128	5.762196436771603	1802.087	-1	4	156
HRC_bestinc_cpsat_400:MyLog	R(5,400,6,0,0.5,1)	5	400	6	0	INC_CPSAT_DIST_SUM_0.719_40	FEASIBLE	8.2032397202	9.935510953987375	1800.453	-1	1	80
HRC_bestinc_cpsat_400:MyLog	R(2,400,6,0,0.5,1)	2	400	6	0	INC_CPSAT_DIST_SUM_0.2_20	FEASIBLE	3.9279904416	4.104458073160474	1800.809	-1	6	136
HRC_bestinc_cpsat_400:MyLog	R(3,400,6,0,0.5,1)	3	400	6	0	INC_CPSAT_DIST_SUM_0.391_20	FEASIBLE	5.6383775439	5.792751275547353	1800.531	-1	5	104
HRC_bestinc_cpsat_400:MyLog	R(5,400,6,0,0.5,1)	5	400	6	0	INC_CPSAT_DIST_SUM_0.719_20	FEASIBLE	6.4953642343	9.935510953987375	1800.495	-1	2	60
HRC_bestinc_cpsat_400:MyLog	R(2,400,6,0,0.5,2)	2	400	6	0	INC_CPSAT_ECC_MAX_0.2_80	OPTIMAL	3.7709087898	3.770908789721477	1765.576	-1	2	95
HRC_bestinc_cpsat_400:MyLog	R(3,400,6,0,0.5,2)	3	400	6	0	INC_CPSAT_ECC_MAX_0.391_80	FEASIBLE	5.8969873136	5.975191368960186	1800.621	-1	4	149
HRC_bestinc_cpsat_400:MyLog	R(5,400,6,0,0.5,2)	5	400	6	0	INC_CPSAT_ECC_MAX_0.719_80	FEASIBLE	7.0269024605	11.129005688471644	1800.341	-1	1	144
HRC_bestinc_cpsat_400:MyLog	R(2,400,6,0,0.5,2)	2	400	6	0	INC_CPSAT_ECC_MAX_0.2_40	FEASIBLE	3.6736583707	3.813679172549568	1800.29	-1	5	181
HRC_bestinc_cpsat_400:MyLog	R(3,400,6,0,0.5,2)	3	400	6	0	INC_CPSAT_ECC_MAX_0.391_40	FEASIBLE	5.6450306535	6.022637361951828	1800.774	-1	2	120
HRC_bestinc_cpsat_400:MyLog	R(5,400,6,0,0.5,2)	5	400	6	0	INC_CPSAT_ECC_MAX_0.719_40	FEASIBLE	10.2549547567	11.130055353847167	1800.206	-1	2	120
HRC_bestinc_cpsat_400:MyLog	R(2,400,6,0,0.5,2)	2	400	6	0	INC_CPSAT_ECC_MAX_0.2_20	OPTIMAL	3.7709087898	3.770908789721477	647.951	-1	8	144
HRC_bestinc_cpsat_400:MyLog	R(3,400,6,0,0.5,2)	3	400	6	0	INC_CPSAT_ECC_MAX_0.391_20	FEASIBLE	5.7914911847	5.976004854606071	1800.756	-1	4	100
HRC_bestinc_cpsat_400:MyLog	R(5,400,6,0,0.5,2)	5	400	6	0	INC_CPSAT_ECC_MAX_0.719_20	FEASIBLE	9.9315727232	11.143009046656168	1800.868	-1	2	60
HRC_bestinc_cpsat_400:MyLog	R(2,400,6,0,0.5,2)	2	400	6	0	INC_CPSAT_DIST_SUM_0.2_80	FEASIBLE	3.7225151692	3.770908789721477	1800.509	-1	3	94
HRC_bestinc_cpsat_400:MyLog	R(3,400,6,0,0.5,2)	3	400	6	0	INC_CPSAT_DIST_SUM_0.391_80	FEASIBLE	5.9226506741	5.9730126961989995	1800.449	-1	3	114
HRC_bestinc_cpsat_400:MyLog	R(5,400,6,0,0.5,2)	5	400	6	0	INC_CPSAT_DIST_SUM_0.719_80	FEASIBLE	7.9543784375	11.141269898556814	1800.324	-1	1	123
HRC_bestinc_cpsat_400:MyLog	R(2,400,6,0,0.5,2)	2	400	6	0	INC_CPSAT_DIST_SUM_0.2_40	FEASIBLE	3.73956364	3.770908789721477	1801.074	-1	7	228
HRC_bestinc_cpsat_400:MyLog	R(3,400,6,0,0.5,2)	3	400	6	0	INC_CPSAT_DIST_SUM_0.391_40	FEASIBLE	5.8300249364	5.976741449654286	1800.57	-1	4	161
HRC_bestinc_cpsat_400:MyLog	R(5,400,6,0,0.5,2)	5	400	6	0	INC_CPSAT_DIST_SUM_0.719_40	FEASIBLE	9.4249401929	11.143009046656168	1801.188	-1	2	120
HRC_bestinc_cpsat_400:MyLog	R(2,400,6,0,0.5,2)	2	400	6	0	INC_CPSAT_DIST_SUM_0.2_20	OPTIMAL	3.7709087898	3.770908789721477	947.327	-1	10	128
HRC_bestinc_cpsat_400:MyLog	R(3,400,6,0,0.5,2)	3	400	6	0	INC_CPSAT_DIST_SUM_0.391_20	OPTIMAL	5.9670173447	5.967017345012803	1355.894	-1	6	95
HRC_bestinc_cpsat_400:MyLog	R(5,400,6,0,0.5,2)	5	400	6	0	INC_CPSAT_DIST_SUM_0.719_20	FEASIBLE	9.7144268421	11.129361263678428	1800.367	-1	3	80
HRC_bestinc_cpsat_400:MyLog	R(2,400,6,0,0.5,3)	2	400	6	0	INC_CPSAT_ECC_MAX_0.2_80	OPTIMAL	3.9366609041	3.9366609041611635	1708.022	-1	3	98
HRC_bestinc_cpsat_400:MyLog	R(3,400,6,0,0.5,3)	3	400	6	0	INC_CPSAT_ECC_MAX_0.391_80	FEASIBLE	4.4873993768	5.984992286752053	1800.298	-1	1	95
HRC_bestinc_cpsat_400:MyLog	R(5,400,6,0,0.5,3)	5	400	6	0	INC_CPSAT_ECC_MAX_0.719_80	FEASIBLE	7.7984876633	9.666001596351808	1800.428	-1	1	120
HRC_bestinc_cpsat_400:MyLog	R(2,400,6,0,0.5,3)	2	400	6	0	INC_CPSAT_ECC_MAX_0.2_40	FEASIBLE	3.9330775204	3.9366609041611635	1800.918	-1	7	196
HRC_bestinc_cpsat_400:MyLog	R(3,400,6,0,0.5,3)	3	400	6	0	INC_CPSAT_ECC_MAX_0.391_40	FEASIBLE	5.7487609233	5.995702634133603	1800.451	-1	3	139
HRC_bestinc_cpsat_400:MyLog	R(5,400,6,0,0.5,3)	5	400	6	0	INC_CPSAT_ECC_MAX_0.719_40	FEASIBLE	8.9660596981	9.672066067953562	1801.617	-1	2	120
HRC_bestinc_cpsat_400:MyLog	R(2,400,6,0,0.5,3)	2	400	6	0	INC_CPSAT_ECC_MAX_0.2_20	OPTIMAL	3.9366609041	3.9366609041611635	1556.311	-1	9	145
HRC_bestinc_cpsat_400:MyLog	R(3,400,6,0,0.5,3)	3	400	6	0	INC_CPSAT_ECC_MAX_0.391_20	FEASIBLE	5.9242633581	5.987112932653867	1800.965	-1	5	100
HRC_bestinc_cpsat_400:MyLog	R(5,400,6,0,0.5,3)	5	400	6	0	INC_CPSAT_ECC_MAX_0.719_20	FEASIBLE	6.9720654604	9.700425440543748	1801.063	-1	2	60
HRC_bestinc_cpsat_400:MyLog	R(2,400,6,0,0.5,3)	2	400	6	0	INC_CPSAT_DIST_SUM_0.2_80	FEASIBLE	3.9319580645	3.9366609041611635	1800.477	-1	5	187
HRC_bestinc_cpsat_400:MyLog	R(3,400,6,0,0.5,3)	3	400	6	0	INC_CPSAT_DIST_SUM_0.391_80	FEASIBLE	5.867511741	5.984833218852325	1800.712	-1	2	102
HRC_bestinc_cpsat_400:MyLog	R(5,400,6,0,0.5,3)	5	400	6	0	INC_CPSAT_DIST_SUM_0.719_80	FEASIBLE	6.6592194324	9.689022650099218	1800.324	-1	1	118
HRC_bestinc_cpsat_400:MyLog	R(2,400,6,0,0.5,3)	2	400	6	0	INC_CPSAT_DIST_SUM_0.2_40	OPTIMAL	3.9366609041	3.9366609041611635	918.198	-1	4	160
HRC_bestinc_cpsat_400:MyLog	R(3,400,6,0,0.5,3)	3	400	6	0	INC_CPSAT_DIST_SUM_0.391_40	FEASIBLE	5.833537516	5.985280648344103	1801.377	-1	3	108
HRC_bestinc_cpsat_400:MyLog	R(5,400,6,0,0.5,3)	5	400	6	0	INC_CPSAT_DIST_SUM_0.719_40	FEASIBLE	9.0040512055	9.682309497626559	1800.62	-1	2	120
HRC_bestinc_cpsat_400:MyLog	R(2,400,6,0,0.5,3)	2	400	6	0	INC_CPSAT_DIST_SUM_0.2_20	OPTIMAL	3.9366609041	3.9366609041611635	1498.595	-1	9	118
HRC_bestinc_cpsat_400:MyLog	R(3,400,6,0,0.5,3)	3	400	6	0	INC_CPSAT_DIST_SUM_0.391_20	FEASIBLE	5.851370991	5.954348169317208	1800.89	-1	5	102
HRC_bestinc_cpsat_400:MyLog	R(5,400,6,0,0.5,3)	5	400	6	0	INC_CPSAT_DIST_SUM_0.719_20	FEASIBLE	9.0040512055	9.682309497626559	1801.194	-1	3	80
HRC_bestinc_cpsat_400:MyLog	R(2,400,6,0,0.5,4)	2	400	6	0	INC_CPSAT_ECC_MAX_0.2_80	OPTIMAL	4.4091544845	4.409154484686355	1724.569	-1	3	119
HRC_bestinc_cpsat_400:MyLog	R(3,400,6,0,0.5,4)	3	400	6	0	INC_CPSAT_ECC_MAX_0.391_80	FEASIBLE	5.4231373193	6.496270091218776	1801.02	-1	1	113
HRC_bestinc_cpsat_400:MyLog	R(5,400,6,0,0.5,4)	5	400	6	0	INC_CPSAT_ECC_MAX_0.719_80	FEASIBLE	7.7206473044	10.008311611717225	1800.32	-1	1	142
HRC_bestinc_cpsat_400:MyLog	R(2,400,6,0,0.5,4)	2	400	6	0	INC_CPSAT_ECC_MAX_0.2_40	FEASIBLE	4.3882736867	4.409154484686355	1800.391	-1	3	82
HRC_bestinc_cpsat_400:MyLog	R(3,400,6,0,0.5,4)	3	400	6	0	INC_CPSAT_ECC_MAX_0.391_40	FEASIBLE	6.1032883072	6.500184813259141	1801.383	-1	2	120
HRC_bestinc_cpsat_400:MyLog	R(5,400,6,0,0.5,4)	5	400	6	0	INC_CPSAT_ECC_MAX_0.719_40	FEASIBLE	9.6019068751	9.993554089373692	1800.247	-1	3	157
HRC_bestinc_cpsat_400:MyLog	R(2,400,6,0,0.5,4)	2	400	6	0	INC_CPSAT_ECC_MAX_0.2_20	OPTIMAL	4.4091544845	4.409154484686355	439.067	-1	5	80
HRC_bestinc_cpsat_400:MyLog	R(3,400,6,0,0.5,4)	3	400	6	0	INC_CPSAT_ECC_MAX_0.391_20	FEASIBLE	6.1231712784	6.479354114988926	1801.067	-1	4	86
HRC_bestinc_cpsat_400:MyLog	R(5,400,6,0,0.5,4)	5	400	6	0	INC_CPSAT_ECC_MAX_0.719_20	FEASIBLE	9.6019068751	9.98389543560251	1800.469	-1	4	100
HRC_bestinc_cpsat_400:MyLog	R(2,400,6,0,0.5,4)	2	400	6	0	INC_CPSAT_DIST_SUM_0.2_80	OPTIMAL	4.4091544845	4.409154484686355	386.583	-1	3	121
HRC_bestinc_cpsat_400:MyLog	R(3,400,6,0,0.5,4)	3	400	6	0	INC_CPSAT_DIST_SUM_0.391_80	FEASIBLE	6.226911051	6.482536896954418	1800.294	-1	2	143
HRC_bestinc_cpsat_400:MyLog	R(5,400,6,0,0.5,4)	5	400	6	0	INC_CPSAT_DIST_SUM_0.719_80	FEASIBLE	6.5582905116	10.012344156302582	1800.307	-1	1	114
HRC_bestinc_cpsat_400:MyLog	R(2,400,6,0,0.5,4)	2	400	6	0	INC_CPSAT_DIST_SUM_0.2_40	OPTIMAL	4.4091544845	4.409154484686355	1155.314	-1	4	157
HRC_bestinc_cpsat_400:MyLog	R(3,400,6,0,0.5,4)	3	400	6	0	INC_CPSAT_DIST_SUM_0.391_40	FEASIBLE	5.9675778579	6.5119589845389765	1800.294	-1	1	80
HRC_bestinc_cpsat_400:MyLog	R(5,400,6,0,0.5,4)	5	400	6	0	INC_CPSAT_DIST_SUM_0.719_40	FEASIBLE	9.435702242	10.012344156302582	1800.479	-1	3	158
HRC_bestinc_cpsat_400:MyLog	R(2,400,6,0,0.5,4)	2	400	6	0	INC_CPSAT_DIST_SUM_0.2_20	OPTIMAL	4.4091544845	4.409154484686355	250.081	-1	5	88
HRC_bestinc_cpsat_400:MyLog	R(3,400,6,0,0.5,4)	3	400	6	0	INC_CPSAT_DIST_SUM_0.391_20	FEASIBLE	6.2732611649	6.478585216339123	1800.404	-1	5	104
HRC_bestinc_cpsat_400:MyLog	R(5,400,6,0,0.5,4)	5	400	6	0	INC_CPSAT_DIST_SUM_0.719_20	FEASIBLE	9.7075161459	9.975614181767035	1800.885	-1	5	113
HRC_bestinc_cpsat_4000:MyLog	R(2,4000,4,0,0.5,0)	2	4000	4	0	INC_CPSAT_ECC_MAX_0.2_800	OPTIMAL	2.8788643916	2.8788643918891705	25.035	-1	1	800
HRC_bestinc_cpsat_4000:MyLog	R(3,4000,4,0,0.5,0)	3	4000	4	0	INC_CPSAT_ECC_MAX_0.391_800	OPTIMAL	5.5043774949	5.50437749526526	87.178	-1	1	800
HRC_bestinc_cpsat_4000:MyLog	R(5,4000,4,0,0.5,0)	5	4000	4	0	INC_CPSAT_ECC_MAX_0.719_800	OPTIMAL	8.6088110529	8.608811053410598	354.888	-1	1	800
HRC_bestinc_cpsat_4000:MyLog	R(2,4000,4,0,0.5,0)	2	4000	4	0	INC_CPSAT_ECC_MAX_0.2_400	OPTIMAL	2.8788643916	2.8788643918891705	8.51	-1	1	400
HRC_bestinc_cpsat_4000:MyLog	R(3,4000,4,0,0.5,0)	3	4000	4	0	INC_CPSAT_ECC_MAX_0.391_400	OPTIMAL	5.5043774949	5.50437749526526	15.94	-1	1	400
HRC_bestinc_cpsat_4000:MyLog	R(5,4000,4,0,0.5,0)	5	4000	4	0	INC_CPSAT_ECC_MAX_0.719_400	OPTIMAL	8.6088110529	8.608811053410598	149.402	-1	1	400
HRC_bestinc_cpsat_4000:MyLog	R(2,4000,4,0,0.5,0)	2	4000	4	0	INC_CPSAT_ECC_MAX_0.2_200	OPTIMAL	2.8788643916	2.8788643918891705	2.864	-1	1	200
HRC_bestinc_cpsat_4000:MyLog	R(3,4000,4,0,0.5,0)	3	4000	4	0	INC_CPSAT_ECC_MAX_0.391_200	OPTIMAL	5.5043774949	5.50437749526526	12.413	-1	1	200
HRC_bestinc_cpsat_4000:MyLog	R(5,4000,4,0,0.5,0)	5	4000	4	0	INC_CPSAT_ECC_MAX_0.719_200	OPTIMAL	8.6088110529	8.608811053410598	58.507	-1	1	200
HRC_bestinc_cpsat_4000:MyLog	R(2,4000,4,0,0.5,0)	2	4000	4	0	INC_CPSAT_ECC_MAX_0.2_80	OPTIMAL	2.8788643916	2.8788643918891705	1.5	-1	1	80
HRC_bestinc_cpsat_4000:MyLog	R(3,4000,4,0,0.5,0)	3	4000	4	0	INC_CPSAT_ECC_MAX_0.391_80	OPTIMAL	5.5043774949	5.50437749526526	7.988	-1	2	104
HRC_bestinc_cpsat_4000:MyLog	R(5,4000,4,0,0.5,0)	5	4000	4	0	INC_CPSAT_ECC_MAX_0.719_80	OPTIMAL	8.6081894506	8.608811053410598	618.15	-1	6	340
HRC_bestinc_cpsat_4000:MyLog	R(2,4000,4,0,0.5,0)	2	4000	4	0	INC_CPSAT_ECC_MAX_0.2_40	OPTIMAL	2.8788643916	2.8788643918891705	2.08	-1	3	120
HRC_bestinc_cpsat_4000:MyLog	R(3,4000,4,0,0.5,0)	3	4000	4	0	INC_CPSAT_ECC_MAX_0.391_40	OPTIMAL	5.504183085	5.50437749526526	33.688	-1	7	206
HRC_bestinc_cpsat_4000:MyLog	R(5,4000,4,0,0.5,0)	5	4000	4	0	INC_CPSAT_ECC_MAX_0.719_40	OPTIMAL	8.6088110529	8.608811053410598	282.109	-1	7	230
HRC_bestinc_cpsat_4000:MyLog	R(2,4000,4,0,0.5,0)	2	4000	4	0	INC_CPSAT_DIST_SUM_0.2_800	OPTIMAL	2.8788643916	2.8788643918891705	22.691	-1	1	800
HRC_bestinc_cpsat_4000:MyLog	R(3,4000,4,0,0.5,0)	3	4000	4	0	INC_CPSAT_DIST_SUM_0.391_800	OPTIMAL	5.5042789157	5.504728160995294	372.27	-1	6	826
HRC_bestinc_cpsat_4000:MyLog	R(5,4000,4,0,0.5,0)	5	4000	4	0	INC_CPSAT_DIST_SUM_0.719_800	FEASIBLE	8.6042195234	8.609804169894282	1802.438	-1	3	820
HRC_bestinc_cpsat_4000:MyLog	R(2,4000,4,0,0.5,0)	2	4000	4	0	INC_CPSAT_DIST_SUM_0.2_400	OPTIMAL	2.8788643916	2.8788643918891705	25.118	-1	3	402
HRC_bestinc_cpsat_4000:MyLog	R(3,4000,4,0,0.5,0)	3	4000	4	0	INC_CPSAT_DIST_SUM_0.391_400	OPTIMAL	5.5043774949	5.50437749526526	176.126	-1	7	448
HRC_bestinc_cpsat_4000:MyLog	R(5,4000,4,0,0.5,0)	5	4000	4	0	INC_CPSAT_DIST_SUM_0.719_400	OPTIMAL	8.6088110529	8.608811053410598	1166.283	-1	7	454
HRC_bestinc_cpsat_4000:MyLog	R(2,4000,4,0,0.5,0)	2	4000	4	0	INC_CPSAT_DIST_SUM_0.2_200	OPTIMAL	2.8788643916	2.8788643918891705	24.247	-1	5	407
HRC_bestinc_cpsat_4000:MyLog	R(3,4000,4,0,0.5,0)	3	4000	4	0	INC_CPSAT_DIST_SUM_0.391_200	OPTIMAL	5.5043774949	5.50437749526526	82.094	-1	9	289
HRC_bestinc_cpsat_4000:MyLog	R(5,4000,4,0,0.5,0)	5	4000	4	0	INC_CPSAT_DIST_SUM_0.719_200	OPTIMAL	8.6088110529	8.608811053410598	1039.224	-1	9	327
HRC_bestinc_cpsat_4000:MyLog	R(2,4000,4,0,0.5,0)	2	4000	4	0	INC_CPSAT_DIST_SUM_0.2_80	OPTIMAL	2.8788643916	2.8788643918891705	17.037	-1	7	287
HRC_bestinc_cpsat_4000:MyLog	R(3,4000,4,0,0.5,0)	3	4000	4	0	INC_CPSAT_DIST_SUM_0.391_80	OPTIMAL	5.5043774949	5.50437749526526	127.076	-1	11	265
HRC_bestinc_cpsat_4000:MyLog	R(5,4000,4,0,0.5,0)	5	4000	4	0	INC_CPSAT_DIST_SUM_0.719_80	OPTIMAL	8.6088110529	8.608811053410598	1277.654	-1	9	370
HRC_bestinc_cpsat_4000:MyLog	R(2,4000,4,0,0.5,0)	2	4000	4	0	INC_CPSAT_DIST_SUM_0.2_40	OPTIMAL	2.8788643916	2.8788643918891705	17.677	-1	8	214
HRC_bestinc_cpsat_4000:MyLog	R(3,4000,4,0,0.5,0)	3	4000	4	0	INC_CPSAT_DIST_SUM_0.391_40	OPTIMAL	5.5043774949	5.50437749526526	96.019	-1	12	280
HRC_bestinc_cpsat_4000:MyLog	R(5,4000,4,0,0.5,0)	5	4000	4	0	INC_CPSAT_DIST_SUM_0.719_40	OPTIMAL	8.6088110529	8.608811053410598	552.342	-1	10	265
HRC_bestinc_cpsat_4000:MyLog	R(2,4000,4,0,0.5,1)	2	4000	4	0	INC_CPSAT_ECC_MAX_0.2_800	OPTIMAL	3.9935052001	3.993505200268148	19.026	-1	1	800
HRC_bestinc_cpsat_4000:MyLog	R(3,4000,4,0,0.5,1)	3	4000	4	0	INC_CPSAT_ECC_MAX_0.391_800	OPTIMAL	5.2063486749	5.206348675045851	32.035	-1	1	800
HRC_bestinc_cpsat_4000:MyLog	R(5,4000,4,0,0.5,1)	5	4000	4	0	INC_CPSAT_ECC_MAX_0.719_800	OPTIMAL	8.6839931665	8.683993166864717	155.015	-1	1	800
HRC_bestinc_cpsat_4000:MyLog	R(2,4000,4,0,0.5,1)	2	4000	4	0	INC_CPSAT_ECC_MAX_0.2_400	OPTIMAL	3.9935052001	3.993505200268148	7.666	-1	1	400
HRC_bestinc_cpsat_4000:MyLog	R(3,4000,4,0,0.5,1)	3	4000	4	0	INC_CPSAT_ECC_MAX_0.391_400	OPTIMAL	5.2063486749	5.206348675045851	12.705	-1	1	400
HRC_bestinc_cpsat_4000:MyLog	R(5,4000,4,0,0.5,1)	5	4000	4	0	INC_CPSAT_ECC_MAX_0.719_400	OPTIMAL	8.6839931665	8.683993166864717	41.03	-1	1	400
HRC_bestinc_cpsat_4000:MyLog	R(2,4000,4,0,0.5,1)	2	4000	4	0	INC_CPSAT_ECC_MAX_0.2_200	OPTIMAL	3.9935052001	3.993505200268148	3.291	-1	1	200
HRC_bestinc_cpsat_4000:MyLog	R(3,4000,4,0,0.5,1)	3	4000	4	0	INC_CPSAT_ECC_MAX_0.391_200	OPTIMAL	5.2063486749	5.206348675045851	5.981	-1	1	200
HRC_bestinc_cpsat_4000:MyLog	R(5,4000,4,0,0.5,1)	5	4000	4	0	INC_CPSAT_ECC_MAX_0.719_200	OPTIMAL	8.6839931665	8.683993166864717	16.238	-1	1	200
HRC_bestinc_cpsat_4000:MyLog	R(2,4000,4,0,0.5,1)	2	4000	4	0	INC_CPSAT_ECC_MAX_0.2_80	OPTIMAL	3.9935052001	3.993505200268148	1.516	-1	1	80
HRC_bestinc_cpsat_4000:MyLog	R(3,4000,4,0,0.5,1)	3	4000	4	0	INC_CPSAT_ECC_MAX_0.391_80	OPTIMAL	5.2063486749	5.206348675045851	2.37	-1	1	80
HRC_bestinc_cpsat_4000:MyLog	R(5,4000,4,0,0.5,1)	5	4000	4	0	INC_CPSAT_ECC_MAX_0.719_80	OPTIMAL	8.6839931665	8.683993166864717	343.641	-1	10	315
HRC_bestinc_cpsat_4000:MyLog	R(2,4000,4,0,0.5,1)	2	4000	4	0	INC_CPSAT_ECC_MAX_0.2_40	OPTIMAL	3.9935052001	3.993505200268148	1.848	-1	2	80
HRC_bestinc_cpsat_4000:MyLog	R(3,4000,4,0,0.5,1)	3	4000	4	0	INC_CPSAT_ECC_MAX_0.391_40	OPTIMAL	5.2063486749	5.206348675045851	5.848	-1	3	84
HRC_bestinc_cpsat_4000:MyLog	R(5,4000,4,0,0.5,1)	5	4000	4	0	INC_CPSAT_ECC_MAX_0.719_40	OPTIMAL	8.6839838185	8.68445767425315	150.251	-1	9	237
HRC_bestinc_cpsat_4000:MyLog	R(2,4000,4,0,0.5,1)	2	4000	4	0	INC_CPSAT_DIST_SUM_0.2_800	OPTIMAL	3.9935052001	3.993505200268148	13.269	-1	1	800
HRC_bestinc_cpsat_4000:MyLog	R(3,4000,4,0,0.5,1)	3	4000	4	0	INC_CPSAT_DIST_SUM_0.391_800	OPTIMAL	5.2062597155	5.206619389860197	111.321	-1	2	801
HRC_bestinc_cpsat_4000:MyLog	R(5,4000,4,0,0.5,1)	5	4000	4	0	INC_CPSAT_DIST_SUM_0.719_800	OPTIMAL	8.6839931665	8.683993166864717	872.556	-1	7	840
HRC_bestinc_cpsat_4000:MyLog	R(2,4000,4,0,0.5,1)	2	4000	4	0	INC_CPSAT_DIST_SUM_0.2_400	OPTIMAL	3.9935052001	3.993505200268148	5.334	-1	1	400
HRC_bestinc_cpsat_4000:MyLog	R(3,4000,4,0,0.5,1)	3	4000	4	0	INC_CPSAT_DIST_SUM_0.391_400	OPTIMAL	5.2061761878	5.2064889608816385	40.643	-1	5	421
HRC_bestinc_cpsat_4000:MyLog	R(5,4000,4,0,0.5,1)	5	4000	4	0	INC_CPSAT_DIST_SUM_0.719_400	OPTIMAL	8.6839931665	8.683993166864717	651.754	-1	11	488
HRC_bestinc_cpsat_4000:MyLog	R(2,4000,4,0,0.5,1)	2	4000	4	0	INC_CPSAT_DIST_SUM_0.2_200	OPTIMAL	3.9935052001	3.993505200268148	3.827	-1	1	200
HRC_bestinc_cpsat_4000:MyLog	R(3,4000,4,0,0.5,1)	3	4000	4	0	INC_CPSAT_DIST_SUM_0.391_200	OPTIMAL	5.2062685433	5.2064889608816385	29.463	-1	8	248
HRC_bestinc_cpsat_4000:MyLog	R(5,4000,4,0,0.5,1)	5	4000	4	0	INC_CPSAT_DIST_SUM_0.719_200	OPTIMAL	8.683771807	8.684605424350988	583.486	-1	14	400
HRC_bestinc_cpsat_4000:MyLog	R(2,4000,4,0,0.5,1)	2	4000	4	0	INC_CPSAT_DIST_SUM_0.2_80	OPTIMAL	3.9935052001	3.9935052002681486	1.44	-1	1	80
HRC_bestinc_cpsat_4000:MyLog	R(3,4000,4,0,0.5,1)	3	4000	4	0	INC_CPSAT_DIST_SUM_0.391_80	OPTIMAL	5.2063486749	5.206348675045851	53.775	-1	13	217
HRC_bestinc_cpsat_4000:MyLog	R(5,4000,4,0,0.5,1)	5	4000	4	0	INC_CPSAT_DIST_SUM_0.719_80	OPTIMAL	8.683594259	8.684344483300809	663.26	-1	15	427
HRC_bestinc_cpsat_4000:MyLog	R(2,4000,4,0,0.5,1)	2	4000	4	0	INC_CPSAT_DIST_SUM_0.2_40	OPTIMAL	3.9935052001	3.993505200268148	1.133	-1	1	40
HRC_bestinc_cpsat_4000:MyLog	R(3,4000,4,0,0.5,1)	3	4000	4	0	INC_CPSAT_DIST_SUM_0.391_40	OPTIMAL	5.2063486749	5.206348675045851	88.34	-1	16	259
HRC_bestinc_cpsat_4000:MyLog	R(5,4000,4,0,0.5,1)	5	4000	4	0	INC_CPSAT_DIST_SUM_0.719_40	OPTIMAL	8.683771807	8.684325793119203	677.85	-1	16	428
HRC_bestinc_cpsat_4000:MyLog	R(2,4000,4,0,0.5,2)	2	4000	4	0	INC_CPSAT_ECC_MAX_0.2_800	OPTIMAL	2.8870651602	2.8870651603401685	10.608	-1	1	800
HRC_bestinc_cpsat_4000:MyLog	R(3,4000,4,0,0.5,2)	3	4000	4	0	INC_CPSAT_ECC_MAX_0.391_800	OPTIMAL	5.7317389202	5.731738920569828	88.776	-1	1	800
HRC_bestinc_cpsat_4000:MyLog	R(5,4000,4,0,0.5,2)	5	4000	4	0	INC_CPSAT_ECC_MAX_0.719_800	OPTIMAL	9.9806712425	9.980671242948414	139.78	-1	1	800
HRC_bestinc_cpsat_4000:MyLog	R(2,4000,4,0,0.5,2)	2	4000	4	0	INC_CPSAT_ECC_MAX_0.2_400	OPTIMAL	2.8870651602	2.8870651603401685	3.679	-1	1	400
HRC_bestinc_cpsat_4000:MyLog	R(3,4000,4,0,0.5,2)	3	4000	4	0	INC_CPSAT_ECC_MAX_0.391_400	OPTIMAL	5.7317389202	5.731738920569828	24.247	-1	1	400
HRC_bestinc_cpsat_4000:MyLog	R(5,4000,4,0,0.5,2)	5	4000	4	0	INC_CPSAT_ECC_MAX_0.719_400	OPTIMAL	9.9806712425	9.980671242948414	140.533	-1	1	400
HRC_bestinc_cpsat_4000:MyLog	R(2,4000,4,0,0.5,2)	2	4000	4	0	INC_CPSAT_ECC_MAX_0.2_200	OPTIMAL	2.8870651602	2.8870651603401685	1.755	-1	1	200
HRC_bestinc_cpsat_4000:MyLog	R(3,4000,4,0,0.5,2)	3	4000	4	0	INC_CPSAT_ECC_MAX_0.391_200	OPTIMAL	5.7317389202	5.731738920569828	7.783	-1	1	200
HRC_bestinc_cpsat_4000:MyLog	R(5,4000,4,0,0.5,2)	5	4000	4	0	INC_CPSAT_ECC_MAX_0.719_200	OPTIMAL	9.9806712425	9.980671242948414	15.603	-1	1	200
HRC_bestinc_cpsat_4000:MyLog	R(2,4000,4,0,0.5,2)	2	4000	4	0	INC_CPSAT_ECC_MAX_0.2_80	OPTIMAL	2.8870651602	2.8870651603401685	1.031	-1	1	80
HRC_bestinc_cpsat_4000:MyLog	R(3,4000,4,0,0.5,2)	3	4000	4	0	INC_CPSAT_ECC_MAX_0.391_80	OPTIMAL	5.7317389202	5.731738920569828	29.949	-1	4	252
HRC_bestinc_cpsat_4000:MyLog	R(5,4000,4,0,0.5,2)	5	4000	4	0	INC_CPSAT_ECC_MAX_0.719_80	OPTIMAL	9.9806712425	9.980671242948414	9.05	-1	1	80
HRC_bestinc_cpsat_4000:MyLog	R(2,4000,4,0,0.5,2)	2	4000	4	0	INC_CPSAT_ECC_MAX_0.2_40	OPTIMAL	2.8870651602	2.8870651603401685	1.234	-1	2	80
HRC_bestinc_cpsat_4000:MyLog	R(3,4000,4,0,0.5,2)	3	4000	4	0	INC_CPSAT_ECC_MAX_0.391_40	OPTIMAL	5.7317389202	5.731738920569828	43.641	-1	5	169
HRC_bestinc_cpsat_4000:MyLog	R(5,4000,4,0,0.5,2)	5	4000	4	0	INC_CPSAT_ECC_MAX_0.719_40	OPTIMAL	9.9806712425	9.980671242948414	7.952	-1	1	40
HRC_bestinc_cpsat_4000:MyLog	R(2,4000,4,0,0.5,2)	2	4000	4	0	INC_CPSAT_DIST_SUM_0.2_800	OPTIMAL	2.8869891254	2.8870651603401685	12.395	-1	1	800
HRC_bestinc_cpsat_4000:MyLog	R(3,4000,4,0,0.5,2)	3	4000	4	0	INC_CPSAT_DIST_SUM_0.391_800	OPTIMAL	5.7317389202	5.731738920569828	192.929	-1	4	815
HRC_bestinc_cpsat_4000:MyLog	R(5,4000,4,0,0.5,2)	5	4000	4	0	INC_CPSAT_DIST_SUM_0.719_800	OPTIMAL	9.9806712425	9.980671242948414	169.808	-1	1	800
HRC_bestinc_cpsat_4000:MyLog	R(2,4000,4,0,0.5,2)	2	4000	4	0	INC_CPSAT_DIST_SUM_0.2_400	OPTIMAL	2.8868976502	2.8870651603401685	10.408	-1	3	408
HRC_bestinc_cpsat_4000:MyLog	R(3,4000,4,0,0.5,2)	3	4000	4	0	INC_CPSAT_DIST_SUM_0.391_400	OPTIMAL	5.7317389202	5.731738920569828	92.477	-1	5	435
HRC_bestinc_cpsat_4000:MyLog	R(5,4000,4,0,0.5,2)	5	4000	4	0	INC_CPSAT_DIST_SUM_0.719_400	OPTIMAL	9.9806712425	9.980671242948414	83.367	-1	1	400
HRC_bestinc_cpsat_4000:MyLog	R(2,4000,4,0,0.5,2)	2	4000	4	0	INC_CPSAT_DIST_SUM_0.2_200	OPTIMAL	2.8868976502	2.8870651603401685	6.051	-1	4	216
HRC_bestinc_cpsat_4000:MyLog	R(3,4000,4,0,0.5,2)	3	4000	4	0	INC_CPSAT_DIST_SUM_0.391_200	OPTIMAL	5.7317389202	5.731738920569828	54.995	-1	5	278
HRC_bestinc_cpsat_4000:MyLog	R(5,4000,4,0,0.5,2)	5	4000	4	0	INC_CPSAT_DIST_SUM_0.719_200	OPTIMAL	9.9806712425	9.980671242948414	41.528	-1	1	200
HRC_bestinc_cpsat_4000:MyLog	R(2,4000,4,0,0.5,2)	2	4000	4	0	INC_CPSAT_DIST_SUM_0.2_80	OPTIMAL	2.8868976502	2.8870651603401685	7.488	-1	6	256
HRC_bestinc_cpsat_4000:MyLog	R(3,4000,4,0,0.5,2)	3	4000	4	0	INC_CPSAT_DIST_SUM_0.391_80	OPTIMAL	5.7317389202	5.731738920569828	52.729	-1	5	315
HRC_bestinc_cpsat_4000:MyLog	R(5,4000,4,0,0.5,2)	5	4000	4	0	INC_CPSAT_DIST_SUM_0.719_80	OPTIMAL	9.9806712425	9.980671242948414	65.534	-1	2	143
HRC_bestinc_cpsat_4000:MyLog	R(2,4000,4,0,0.5,2)	2	4000	4	0	INC_CPSAT_DIST_SUM_0.2_40	OPTIMAL	2.8868976502	2.8870651603401685	5.027	-1	7	182
HRC_bestinc_cpsat_4000:MyLog	R(3,4000,4,0,0.5,2)	3	4000	4	0	INC_CPSAT_DIST_SUM_0.391_40	OPTIMAL	5.7317389202	5.731738920569828	36.471	-1	8	197
HRC_bestinc_cpsat_4000:MyLog	R(5,4000,4,0,0.5,2)	5	4000	4	0	INC_CPSAT_DIST_SUM_0.719_40	OPTIMAL	9.9806712425	9.980671242948414	24.324	-1	2	80
HRC_bestinc_cpsat_4000:MyLog	R(2,4000,4,0,0.5,3)	2	4000	4	0	INC_CPSAT_ECC_MAX_0.2_800	OPTIMAL	2.7604969064	2.760496906296903	15.412	-1	1	800
HRC_bestinc_cpsat_4000:MyLog	R(3,4000,4,0,0.5,3)	3	4000	4	0	INC_CPSAT_ECC_MAX_0.391_800	OPTIMAL	4.0027999528	4.002799952899089	70.362	-1	1	800
HRC_bestinc_cpsat_4000:MyLog	R(5,4000,4,0,0.5,3)	5	4000	4	0	INC_CPSAT_ECC_MAX_0.719_800	OPTIMAL	9.4984890906	9.498489091052368	273.908	-1	1	800
HRC_bestinc_cpsat_4000:MyLog	R(2,4000,4,0,0.5,3)	2	4000	4	0	INC_CPSAT_ECC_MAX_0.2_400	OPTIMAL	2.7604969064	2.760496906296903	4.698	-1	1	400
HRC_bestinc_cpsat_4000:MyLog	R(3,4000,4,0,0.5,3)	3	4000	4	0	INC_CPSAT_ECC_MAX_0.391_400	OPTIMAL	4.0027999528	4.002799952899089	17.626	-1	1	400
HRC_bestinc_cpsat_4000:MyLog	R(5,4000,4,0,0.5,3)	5	4000	4	0	INC_CPSAT_ECC_MAX_0.719_400	OPTIMAL	9.4984890906	9.498489091052368	147.129	-1	1	400
HRC_bestinc_cpsat_4000:MyLog	R(2,4000,4,0,0.5,3)	2	4000	4	0	INC_CPSAT_ECC_MAX_0.2_200	OPTIMAL	2.7604969064	2.760496906296903	2.489	-1	1	200
HRC_bestinc_cpsat_4000:MyLog	R(3,4000,4,0,0.5,3)	3	4000	4	0	INC_CPSAT_ECC_MAX_0.391_200	OPTIMAL	4.0027999528	4.002799952899089	7.364	-1	1	200
HRC_bestinc_cpsat_4000:MyLog	R(5,4000,4,0,0.5,3)	5	4000	4	0	INC_CPSAT_ECC_MAX_0.719_200	OPTIMAL	9.4984890906	9.498489091052368	54.421	-1	1	200
HRC_bestinc_cpsat_4000:MyLog	R(2,4000,4,0,0.5,3)	2	4000	4	0	INC_CPSAT_ECC_MAX_0.2_80	OPTIMAL	2.7604969064	2.760496906296903	0.826	-1	1	80
HRC_bestinc_cpsat_4000:MyLog	R(3,4000,4,0,0.5,3)	3	4000	4	0	INC_CPSAT_ECC_MAX_0.391_80	OPTIMAL	4.0027999528	4.002799952899089	5.537	-1	1	80
HRC_bestinc_cpsat_4000:MyLog	R(5,4000,4,0,0.5,3)	5	4000	4	0	INC_CPSAT_ECC_MAX_0.719_80	OPTIMAL	9.4984890906	9.498489091052368	861.873	-1	9	406
HRC_bestinc_cpsat_4000:MyLog	R(2,4000,4,0,0.5,3)	2	4000	4	0	INC_CPSAT_ECC_MAX_0.2_40	OPTIMAL	2.7604969064	2.760496906296903	1.766	-1	3	120
HRC_bestinc_cpsat_4000:MyLog	R(3,4000,4,0,0.5,3)	3	4000	4	0	INC_CPSAT_ECC_MAX_0.391_40	OPTIMAL	4.0027999528	4.002799952899089	16.128	-1	5	200
HRC_bestinc_cpsat_4000:MyLog	R(5,4000,4,0,0.5,3)	5	4000	4	0	INC_CPSAT_ECC_MAX_0.719_40	OPTIMAL	9.4984890906	9.498489091052368	256.704	-1	7	233
HRC_bestinc_cpsat_4000:MyLog	R(2,4000,4,0,0.5,3)	2	4000	4	0	INC_CPSAT_DIST_SUM_0.2_800	OPTIMAL	2.7604969064	2.760496906296903	13.892	-1	1	800
HRC_bestinc_cpsat_4000:MyLog	R(3,4000,4,0,0.5,3)	3	4000	4	0	INC_CPSAT_DIST_SUM_0.391_800	OPTIMAL	4.0027999528	4.002799952899089	264.909	-1	3	809
HRC_bestinc_cpsat_4000:MyLog	R(5,4000,4,0,0.5,3)	5	4000	4	0	INC_CPSAT_DIST_SUM_0.719_800	OPTIMAL	9.4984890906	9.498489091052368	1617.79	-1	4	820
HRC_bestinc_cpsat_4000:MyLog	R(2,4000,4,0,0.5,3)	2	4000	4	0	INC_CPSAT_DIST_SUM_0.2_400	OPTIMAL	2.7604969064	2.760496906296903	14.384	-1	3	408
HRC_bestinc_cpsat_4000:MyLog	R(3,4000,4,0,0.5,3)	3	4000	4	0	INC_CPSAT_DIST_SUM_0.391_400	OPTIMAL	4.0027999528	4.002799952899089	111.022	-1	3	409
HRC_bestinc_cpsat_4000:MyLog	R(5,4000,4,0,0.5,3)	5	4000	4	0	INC_CPSAT_DIST_SUM_0.719_400	OPTIMAL	9.4984890906	9.498489091052368	1408.153	-1	8	448
HRC_bestinc_cpsat_4000:MyLog	R(2,4000,4,0,0.5,3)	2	4000	4	0	INC_CPSAT_DIST_SUM_0.2_200	OPTIMAL	2.7604969064	2.760496906296903	4.019	-1	3	208
HRC_bestinc_cpsat_4000:MyLog	R(3,4000,4,0,0.5,3)	3	4000	4	0	INC_CPSAT_DIST_SUM_0.391_200	OPTIMAL	4.0027999528	4.002799952899089	47.889	-1	5	264
HRC_bestinc_cpsat_4000:MyLog	R(5,4000,4,0,0.5,3)	5	4000	4	0	INC_CPSAT_DIST_SUM_0.719_200	OPTIMAL	9.4984890906	9.498489091052368	789.77	-1	8	335
HRC_bestinc_cpsat_4000:MyLog	R(2,4000,4,0,0.5,3)	2	4000	4	0	INC_CPSAT_DIST_SUM_0.2_80	OPTIMAL	2.7604969064	2.760496906296903	2.494	-1	3	102
HRC_bestinc_cpsat_4000:MyLog	R(3,4000,4,0,0.5,3)	3	4000	4	0	INC_CPSAT_DIST_SUM_0.391_80	OPTIMAL	4.0027999528	4.002799952899089	118.062	-1	6	297
HRC_bestinc_cpsat_4000:MyLog	R(5,4000,4,0,0.5,3)	5	4000	4	0	INC_CPSAT_DIST_SUM_0.719_80	OPTIMAL	9.4984890906	9.498489091052368	403.518	-1	7	326
HRC_bestinc_cpsat_4000:MyLog	R(2,4000,4,0,0.5,3)	2	4000	4	0	INC_CPSAT_DIST_SUM_0.2_40	OPTIMAL	2.7604969064	2.760496906296903	3.708	-1	6	144
HRC_bestinc_cpsat_4000:MyLog	R(3,4000,4,0,0.5,3)	3	4000	4	0	INC_CPSAT_DIST_SUM_0.391_40	OPTIMAL	4.0027999528	4.002799952899089	19.568	-1	6	169
HRC_bestinc_cpsat_4000:MyLog	R(5,4000,4,0,0.5,3)	5	4000	4	0	INC_CPSAT_DIST_SUM_0.719_40	OPTIMAL	9.4984699489	9.499269811909855	682.895	-1	11	346
HRC_bestinc_cpsat_4000:MyLog	R(2,4000,4,0,0.5,4)	2	4000	4	0	INC_CPSAT_ECC_MAX_0.2_800	OPTIMAL	2.9112397522	2.9112397521774573	12.778	-1	1	800
HRC_bestinc_cpsat_4000:MyLog	R(3,4000,4,0,0.5,4)	3	4000	4	0	INC_CPSAT_ECC_MAX_0.391_800	OPTIMAL	5.2308177389	5.23081773906533	36.917	-1	1	800
HRC_bestinc_cpsat_4000:MyLog	R(5,4000,4,0,0.5,4)	5	4000	4	0	INC_CPSAT_ECC_MAX_0.719_800	OPTIMAL	9.4678984052	9.467898405472928	316.182	-1	1	800
HRC_bestinc_cpsat_4000:MyLog	R(2,4000,4,0,0.5,4)	2	4000	4	0	INC_CPSAT_ECC_MAX_0.2_400	OPTIMAL	2.9112397522	2.9112397521774573	4.606	-1	1	400
HRC_bestinc_cpsat_4000:MyLog	R(3,4000,4,0,0.5,4)	3	4000	4	0	INC_CPSAT_ECC_MAX_0.391_400	OPTIMAL	5.2308177389	5.23081773906533	28.564	-1	1	400
HRC_bestinc_cpsat_4000:MyLog	R(5,4000,4,0,0.5,4)	5	4000	4	0	INC_CPSAT_ECC_MAX_0.719_400	OPTIMAL	9.4678984052	9.467898405472928	126.108	-1	1	400
HRC_bestinc_cpsat_4000:MyLog	R(2,4000,4,0,0.5,4)	2	4000	4	0	INC_CPSAT_ECC_MAX_0.2_200	OPTIMAL	2.9112397522	2.9112397521774573	1.778	-1	1	200
HRC_bestinc_cpsat_4000:MyLog	R(3,4000,4,0,0.5,4)	3	4000	4	0	INC_CPSAT_ECC_MAX_0.391_200	OPTIMAL	5.2308177389	5.23081773906533	8.035	-1	1	200
HRC_bestinc_cpsat_4000:MyLog	R(5,4000,4,0,0.5,4)	5	4000	4	0	INC_CPSAT_ECC_MAX_0.719_200	OPTIMAL	9.4678984052	9.467898405472928	70.494	-1	1	200
HRC_bestinc_cpsat_4000:MyLog	R(2,4000,4,0,0.5,4)	2	4000	4	0	INC_CPSAT_ECC_MAX_0.2_80	OPTIMAL	2.9112397522	2.9112397521774573	1.101	-1	1	80
HRC_bestinc_cpsat_4000:MyLog	R(3,4000,4,0,0.5,4)	3	4000	4	0	INC_CPSAT_ECC_MAX_0.391_80	OPTIMAL	5.2308177389	5.23081773906533	4.136	-1	1	80
HRC_bestinc_cpsat_4000:MyLog	R(5,4000,4,0,0.5,4)	5	4000	4	0	INC_CPSAT_ECC_MAX_0.719_80	OPTIMAL	9.4678984052	9.467898405472928	577.569	-1	9	357
HRC_bestinc_cpsat_4000:MyLog	R(2,4000,4,0,0.5,4)	2	4000	4	0	INC_CPSAT_ECC_MAX_0.2_40	OPTIMAL	2.9112397522	2.9112397521774573	0.892	-1	1	40
HRC_bestinc_cpsat_4000:MyLog	R(3,4000,4,0,0.5,4)	3	4000	4	0	INC_CPSAT_ECC_MAX_0.391_40	OPTIMAL	5.2308177389	5.23081773906533	28.923	-1	7	220
HRC_bestinc_cpsat_4000:MyLog	R(5,4000,4,0,0.5,4)	5	4000	4	0	INC_CPSAT_ECC_MAX_0.719_40	OPTIMAL	9.4678984052	9.467898405472928	101.694	-1	5	163
HRC_bestinc_cpsat_4000:MyLog	R(2,4000,4,0,0.5,4)	2	4000	4	0	INC_CPSAT_DIST_SUM_0.2_800	OPTIMAL	2.9112397522	2.9112397521774573	13.214	-1	1	800
HRC_bestinc_cpsat_4000:MyLog	R(3,4000,4,0,0.5,4)	3	4000	4	0	INC_CPSAT_DIST_SUM_0.391_800	OPTIMAL	5.2308177389	5.23081773906533	123.542	-1	3	809
HRC_bestinc_cpsat_4000:MyLog	R(5,4000,4,0,0.5,4)	5	4000	4	0	INC_CPSAT_DIST_SUM_0.719_800	FEASIBLE	9.4666712016	9.468927902741958	1801.938	-1	5	840
HRC_bestinc_cpsat_4000:MyLog	R(2,4000,4,0,0.5,4)	2	4000	4	0	INC_CPSAT_DIST_SUM_0.2_400	OPTIMAL	2.9112397522	2.9112397521774573	13.245	-1	3	404
HRC_bestinc_cpsat_4000:MyLog	R(3,4000,4,0,0.5,4)	3	4000	4	0	INC_CPSAT_DIST_SUM_0.391_400	OPTIMAL	5.2308177389	5.23081773906533	111.46	-1	6	434
HRC_bestinc_cpsat_4000:MyLog	R(5,4000,4,0,0.5,4)	5	4000	4	0	INC_CPSAT_DIST_SUM_0.719_400	OPTIMAL	9.4678569627	9.468301415909615	1134.261	-1	6	484
HRC_bestinc_cpsat_4000:MyLog	R(2,4000,4,0,0.5,4)	2	4000	4	0	INC_CPSAT_DIST_SUM_0.2_200	OPTIMAL	2.9112397522	2.9112397521774573	12.127	-1	4	411
HRC_bestinc_cpsat_4000:MyLog	R(3,4000,4,0,0.5,4)	3	4000	4	0	INC_CPSAT_DIST_SUM_0.391_200	OPTIMAL	5.2308177389	5.23081773906533	243.031	-1	8	287
HRC_bestinc_cpsat_4000:MyLog	R(5,4000,4,0,0.5,4)	5	4000	4	0	INC_CPSAT_DIST_SUM_0.719_200	OPTIMAL	9.4678569627	9.468301415909615	725.652	-1	7	356
HRC_bestinc_cpsat_4000:MyLog	R(2,4000,4,0,0.5,4)	2	4000	4	0	INC_CPSAT_DIST_SUM_0.2_80	OPTIMAL	2.9110608651	2.9112397521774573	6.602	-1	5	248
HRC_bestinc_cpsat_4000:MyLog	R(3,4000,4,0,0.5,4)	3	4000	4	0	INC_CPSAT_DIST_SUM_0.391_80	OPTIMAL	5.2308177389	5.23081773906533	58.56	-1	9	288
HRC_bestinc_cpsat_4000:MyLog	R(5,4000,4,0,0.5,4)	5	4000	4	0	INC_CPSAT_DIST_SUM_0.719_80	OPTIMAL	9.4678984052	9.467898405472928	633.648	-1	8	391
HRC_bestinc_cpsat_4000:MyLog	R(2,4000,4,0,0.5,4)	2	4000	4	0	INC_CPSAT_DIST_SUM_0.2_40	OPTIMAL	2.9112397522	2.9112397521774573	6.135	-1	6	179
HRC_bestinc_cpsat_4000:MyLog	R(3,4000,4,0,0.5,4)	3	4000	4	0	INC_CPSAT_DIST_SUM_0.391_40	OPTIMAL	5.2308177389	5.23081773906533	53.51	-1	10	256
HRC_bestinc_cpsat_4000:MyLog	R(5,4000,4,0,0.5,4)	5	4000	4	0	INC_CPSAT_DIST_SUM_0.719_40	OPTIMAL	9.4678569627	9.468301415909615	689.934	-1	11	300
HRC_bestinc_cpsat_4000:MyLog	R(2,4000,6,0,0.5,0)	2	4000	6	0	INC_CPSAT_ECC_MAX_0.2_800	OPTIMAL	3.910572247	3.91057224727004	1559.104	-1	1	800
HRC_bestinc_cpsat_4000:MyLog	R(3,4000,6,0,0.5,0)	3	4000	6	0	INC_CPSAT_ECC_MAX_0.391_800	FEASIBLE	3.9723599958	6.547868131543293	1801.469	-1	1	800
HRC_bestinc_cpsat_4000:MyLog	R(5,4000,6,0,0.5,0)	5	4000	6	0	INC_CPSAT_ECC_MAX_0.719_800	FEASIBLE	5.273510634	9.863286015125418	1802.126	-1	1	800
HRC_bestinc_cpsat_4000:MyLog	R(2,4000,6,0,0.5,0)	2	4000	6	0	INC_CPSAT_ECC_MAX_0.2_400	OPTIMAL	3.910572247	3.91057224727004	922.631	-1	1	400
HRC_bestinc_cpsat_4000:MyLog	R(3,4000,6,0,0.5,0)	3	4000	6	0	INC_CPSAT_ECC_MAX_0.391_400	FEASIBLE	4.3658342154	6.547868131543293	1801.087	-1	1	400
HRC_bestinc_cpsat_4000:MyLog	R(5,4000,6,0,0.5,0)	5	4000	6	0	INC_CPSAT_ECC_MAX_0.719_400	FEASIBLE	6.6645425047	9.863286015125418	1801.337	-1	1	400
HRC_bestinc_cpsat_4000:MyLog	R(2,4000,6,0,0.5,0)	2	4000	6	0	INC_CPSAT_ECC_MAX_0.2_200	OPTIMAL	3.910572247	3.91057224727004	294.339	-1	1	200
HRC_bestinc_cpsat_4000:MyLog	R(3,4000,6,0,0.5,0)	3	4000	6	0	INC_CPSAT_ECC_MAX_0.391_200	FEASIBLE	4.926844527	6.547868131543293	1800.797	-1	1	200
HRC_bestinc_cpsat_4000:MyLog	R(5,4000,6,0,0.5,0)	5	4000	6	0	INC_CPSAT_ECC_MAX_0.719_200	FEASIBLE	6.3973370205	9.87016763672579	1801.099	-1	1	278
HRC_bestinc_cpsat_4000:MyLog	R(2,4000,6,0,0.5,0)	2	4000	6	0	INC_CPSAT_ECC_MAX_0.2_80	OPTIMAL	3.910572247	3.91057224727004	1649.125	-1	4	311
HRC_bestinc_cpsat_4000:MyLog	R(3,4000,6,0,0.5,0)	3	4000	6	0	INC_CPSAT_ECC_MAX_0.391_80	FEASIBLE	6.2229867386	6.551845730621436	1800.489	-1	2	240
HRC_bestinc_cpsat_4000:MyLog	R(5,4000,6,0,0.5,0)	5	4000	6	0	INC_CPSAT_ECC_MAX_0.719_80	FEASIBLE	6.6210778544	9.869827907666968	1801.142	-1	1	160
HRC_bestinc_cpsat_4000:MyLog	R(2,4000,6,0,0.5,0)	2	4000	6	0	INC_CPSAT_ECC_MAX_0.2_40	OPTIMAL	3.910572247	3.91057224727004	651.032	-1	4	160
HRC_bestinc_cpsat_4000:MyLog	R(3,4000,6,0,0.5,0)	3	4000	6	0	INC_CPSAT_ECC_MAX_0.391_40	FEASIBLE	6.1878570115	6.554974152299668	1801.137	-1	4	200
HRC_bestinc_cpsat_4000:MyLog	R(5,4000,6,0,0.5,0)	5	4000	6	0	INC_CPSAT_ECC_MAX_0.719_40	FEASIBLE	9.3669361172	9.87075820548356	1800.667	-1	2	120
HRC_bestinc_cpsat_4000:MyLog	R(2,4000,6,0,0.5,0)	2	4000	6	0	INC_CPSAT_DIST_SUM_0.2_800	FEASIBLE	2.8517133334	3.9151898316086857	1801.684	-1	1	803
HRC_bestinc_cpsat_4000:MyLog	R(3,4000,6,0,0.5,0)	3	4000	6	0	INC_CPSAT_DIST_SUM_0.391_800	FEASIBLE	4.445175246	6.5533518300841145	1801.732	-1	1	809
HRC_bestinc_cpsat_4000:MyLog	R(5,4000,6,0,0.5,0)	5	4000	6	0	INC_CPSAT_DIST_SUM_0.719_800	FEASIBLE	4.5774670474	9.868356402550438	1802.677	-1	1	806
HRC_bestinc_cpsat_4000:MyLog	R(2,4000,6,0,0.5,0)	2	4000	6	0	INC_CPSAT_DIST_SUM_0.2_400	FEASIBLE	3.4760848914	3.9141941230161743	1801.013	-1	1	405
HRC_bestinc_cpsat_4000:MyLog	R(3,4000,6,0,0.5,0)	3	4000	6	0	INC_CPSAT_DIST_SUM_0.391_400	FEASIBLE	4.1054190324	6.554506981135151	1801.156	-1	1	434
HRC_bestinc_cpsat_4000:MyLog	R(5,4000,6,0,0.5,0)	5	4000	6	0	INC_CPSAT_DIST_SUM_0.719_400	FEASIBLE	5.2822722572	9.86970678584079	1801.543	-1	1	466
HRC_bestinc_cpsat_4000:MyLog	R(2,4000,6,0,0.5,0)	2	4000	6	0	INC_CPSAT_DIST_SUM_0.2_200	FEASIBLE	3.9035439608	3.91057224727004	1802.624	-1	4	806
HRC_bestinc_cpsat_4000:MyLog	R(3,4000,6,0,0.5,0)	3	4000	6	0	INC_CPSAT_DIST_SUM_0.391_200	FEASIBLE	6.4977462951	6.551045631013949	1801.482	-1	2	306
HRC_bestinc_cpsat_4000:MyLog	R(5,4000,6,0,0.5,0)	5	4000	6	0	INC_CPSAT_DIST_SUM_0.719_200	FEASIBLE	6.3724806266	9.869571854030825	1801.191	-1	1	293
HRC_bestinc_cpsat_4000:MyLog	R(2,4000,6,0,0.5,0)	2	4000	6	0	INC_CPSAT_DIST_SUM_0.2_80	OPTIMAL	3.910572247	3.91057224727004	1554.903	-1	5	361
HRC_bestinc_cpsat_4000:MyLog	R(3,4000,6,0,0.5,0)	3	4000	6	0	INC_CPSAT_DIST_SUM_0.391_80	FEASIBLE	6.3068650937	6.554974152299668	1800.769	-1	2	240
HRC_bestinc_cpsat_4000:MyLog	R(5,4000,6,0,0.5,0)	5	4000	6	0	INC_CPSAT_DIST_SUM_0.719_80	FEASIBLE	6.6217391269	9.8701817773367	1800.978	-1	1	160
HRC_bestinc_cpsat_4000:MyLog	R(2,4000,6,0,0.5,0)	2	4000	6	0	INC_CPSAT_DIST_SUM_0.2_40	OPTIMAL	3.910572247	3.91057224727004	931.54	-1	7	245
HRC_bestinc_cpsat_4000:MyLog	R(3,4000,6,0,0.5,0)	3	4000	6	0	INC_CPSAT_DIST_SUM_0.391_40	FEASIBLE	6.1465265274	6.552398653903351	1800.808	-1	4	200
HRC_bestinc_cpsat_4000:MyLog	R(5,4000,6,0,0.5,0)	5	4000	6	0	INC_CPSAT_DIST_SUM_0.719_40	FEASIBLE	6.6468412424	9.871645356948823	1801.359	-1	1	80
HRC_bestinc_cpsat_4000:MyLog	R(2,4000,6,0,0.5,1)	2	4000	6	0	INC_CPSAT_ECC_MAX_0.2_800	FEASIBLE	2.7752867909	4.227129084976802	1801.43	-1	1	800
HRC_bestinc_cpsat_4000:MyLog	R(3,4000,6,0,0.5,1)	3	4000	6	0	INC_CPSAT_ECC_MAX_0.391_800	FEASIBLE	3.4988057842	5.847628024499123	1801.448	-1	1	800
HRC_bestinc_cpsat_4000:MyLog	R(5,4000,6,0,0.5,1)	5	4000	6	0	INC_CPSAT_ECC_MAX_0.719_800	FEASIBLE	5.2834355589	10.048569692912992	1802.139	-1	1	800
HRC_bestinc_cpsat_4000:MyLog	R(2,4000,6,0,0.5,1)	2	4000	6	0	INC_CPSAT_ECC_MAX_0.2_400	FEASIBLE	2.7251856778	4.227129084976802	1800.801	-1	1	400
HRC_bestinc_cpsat_4000:MyLog	R(3,4000,6,0,0.5,1)	3	4000	6	0	INC_CPSAT_ECC_MAX_0.391_400	FEASIBLE	4.04295049	5.847628024499123	1801.052	-1	1	400
HRC_bestinc_cpsat_4000:MyLog	R(5,4000,6,0,0.5,1)	5	4000	6	0	INC_CPSAT_ECC_MAX_0.719_400	FEASIBLE	5.3658818674	10.048569692912992	1801.497	-1	1	400
HRC_bestinc_cpsat_4000:MyLog	R(2,4000,6,0,0.5,1)	2	4000	6	0	INC_CPSAT_ECC_MAX_0.2_200	OPTIMAL	4.2271290847	4.227129084976802	1209.523	-1	1	200
HRC_bestinc_cpsat_4000:MyLog	R(3,4000,6,0,0.5,1)	3	4000	6	0	INC_CPSAT_ECC_MAX_0.391_200	FEASIBLE	4.6888328278	5.847628024499123	1800.827	-1	1	200
HRC_bestinc_cpsat_4000:MyLog	R(5,4000,6,0,0.5,1)	5	4000	6	0	INC_CPSAT_ECC_MAX_0.719_200	FEASIBLE	5.912367611	10.051758485453608	1801.093	-1	1	247
HRC_bestinc_cpsat_4000:MyLog	R(2,4000,6,0,0.5,1)	2	4000	6	0	INC_CPSAT_ECC_MAX_0.2_80	FEASIBLE	4.1642054322	4.289659306697566	1801.002	-1	2	240
HRC_bestinc_cpsat_4000:MyLog	R(3,4000,6,0,0.5,1)	3	4000	6	0	INC_CPSAT_ECC_MAX_0.391_80	FEASIBLE	5.7062368537	5.851568589105562	1800.407	-1	2	240
HRC_bestinc_cpsat_4000:MyLog	R(5,4000,6,0,0.5,1)	5	4000	6	0	INC_CPSAT_ECC_MAX_0.719_80	FEASIBLE	7.6530132872	10.052157473625165	1800.97	-1	1	160
HRC_bestinc_cpsat_4000:MyLog	R(2,4000,6,0,0.5,1)	2	4000	6	0	INC_CPSAT_ECC_MAX_0.2_40	FEASIBLE	4.1120687012	4.227946264882704	1801.101	-1	5	201
HRC_bestinc_cpsat_4000:MyLog	R(3,4000,6,0,0.5,1)	3	4000	6	0	INC_CPSAT_ECC_MAX_0.391_40	FEASIBLE	5.6301351821	5.847628024499123	1800.388	-1	4	160
HRC_bestinc_cpsat_4000:MyLog	R(5,4000,6,0,0.5,1)	5	4000	6	0	INC_CPSAT_ECC_MAX_0.719_40	FEASIBLE	8.9025854192	10.0532934661427	1801.666	-1	1	80
HRC_bestinc_cpsat_4000:MyLog	R(2,4000,6,0,0.5,1)	2	4000	6	0	INC_CPSAT_DIST_SUM_0.2_800	FEASIBLE	2.5322575013	4.229773779726569	1801.127	-1	1	803
HRC_bestinc_cpsat_4000:MyLog	R(3,4000,6,0,0.5,1)	3	4000	6	0	INC_CPSAT_DIST_SUM_0.391_800	FEASIBLE	3.7614233353	5.854395049103014	1801.776	-1	1	814
HRC_bestinc_cpsat_4000:MyLog	R(5,4000,6,0,0.5,1)	5	4000	6	0	INC_CPSAT_DIST_SUM_0.719_800	FEASIBLE	4.8708908527	10.054406742032029	1802.645	-1	1	822
HRC_bestinc_cpsat_4000:MyLog	R(2,4000,6,0,0.5,1)	2	4000	6	0	INC_CPSAT_DIST_SUM_0.2_400	FEASIBLE	2.6548490937	4.384218293158145	1800.839	-1	1	800
HRC_bestinc_cpsat_4000:MyLog	R(3,4000,6,0,0.5,1)	3	4000	6	0	INC_CPSAT_DIST_SUM_0.391_400	FEASIBLE	4.0852896515	5.852765515769959	1801.187	-1	1	443
HRC_bestinc_cpsat_4000:MyLog	R(5,4000,6,0,0.5,1)	5	4000	6	0	INC_CPSAT_DIST_SUM_0.719_400	FEASIBLE	5.6084277873	10.05425389812139	1801.526	-1	1	437
HRC_bestinc_cpsat_4000:MyLog	R(2,4000,6,0,0.5,1)	2	4000	6	0	INC_CPSAT_DIST_SUM_0.2_200	FEASIBLE	2.9669647729	4.384218293158145	1800.765	-1	1	400
HRC_bestinc_cpsat_4000:MyLog	R(3,4000,6,0,0.5,1)	3	4000	6	0	INC_CPSAT_DIST_SUM_0.391_200	FEASIBLE	5.7900032777	5.852373336714095	1800.897	-1	2	291
HRC_bestinc_cpsat_4000:MyLog	R(5,4000,6,0,0.5,1)	5	4000	6	0	INC_CPSAT_DIST_SUM_0.719_200	FEASIBLE	6.4288642349	10.054004472518017	1801.357	-1	1	269
HRC_bestinc_cpsat_4000:MyLog	R(2,4000,6,0,0.5,1)	2	4000	6	0	INC_CPSAT_DIST_SUM_0.2_80	FEASIBLE	3.9500939678	4.384218293158145	1800.565	-1	4	400
HRC_bestinc_cpsat_4000:MyLog	R(3,4000,6,0,0.5,1)	3	4000	6	0	INC_CPSAT_DIST_SUM_0.391_80	FEASIBLE	5.7499750515	5.854550456413288	1800.471	-1	2	227
HRC_bestinc_cpsat_4000:MyLog	R(5,4000,6,0,0.5,1)	5	4000	6	0	INC_CPSAT_DIST_SUM_0.719_80	FEASIBLE	6.7513848526	10.054043814553312	1801.021	-1	1	160
HRC_bestinc_cpsat_4000:MyLog	R(2,4000,6,0,0.5,1)	2	4000	6	0	INC_CPSAT_DIST_SUM_0.2_40	FEASIBLE	4.0340798726	4.384218293158145	1800.957	-1	7	320
HRC_bestinc_cpsat_4000:MyLog	R(3,4000,6,0,0.5,1)	3	4000	6	0	INC_CPSAT_DIST_SUM_0.391_40	FEASIBLE	5.7543100163	5.852920923080233	1800.707	-1	5	240
HRC_bestinc_cpsat_4000:MyLog	R(5,4000,6,0,0.5,1)	5	4000	6	0	INC_CPSAT_DIST_SUM_0.719_40	FEASIBLE	7.2902828781	10.055172432574752	1801.317	-1	1	80
HRC_bestinc_cpsat_4000:MyLog	R(2,4000,6,0,0.5,2)	2	4000	6	0	INC_CPSAT_ECC_MAX_0.2_800	FEASIBLE	2.8104024018	3.8827150570914766	1801.117	-1	1	800
HRC_bestinc_cpsat_4000:MyLog	R(3,4000,6,0,0.5,2)	3	4000	6	0	INC_CPSAT_ECC_MAX_0.391_800	FEASIBLE	4.6803490149	6.089011219387348	1801.462	-1	1	800
HRC_bestinc_cpsat_4000:MyLog	R(5,4000,6,0,0.5,2)	5	4000	6	0	INC_CPSAT_ECC_MAX_0.719_800	FEASIBLE	6.0851889564	11.173457517909497	1802.081	-1	1	800
HRC_bestinc_cpsat_4000:MyLog	R(2,4000,6,0,0.5,2)	2	4000	6	0	INC_CPSAT_ECC_MAX_0.2_400	FEASIBLE	3.0802568963	3.8827150570914766	1800.816	-1	1	400
HRC_bestinc_cpsat_4000:MyLog	R(3,4000,6,0,0.5,2)	3	4000	6	0	INC_CPSAT_ECC_MAX_0.391_400	FEASIBLE	4.5132068315	6.089011219387348	1800.999	-1	1	400
HRC_bestinc_cpsat_4000:MyLog	R(5,4000,6,0,0.5,2)	5	4000	6	0	INC_CPSAT_ECC_MAX_0.719_400	FEASIBLE	6.460913347	11.173457517909497	1801.51	-1	1	400
HRC_bestinc_cpsat_4000:MyLog	R(2,4000,6,0,0.5,2)	2	4000	6	0	INC_CPSAT_ECC_MAX_0.2_200	OPTIMAL	3.8827150571	3.8827150570914766	272.676	-1	1	200
HRC_bestinc_cpsat_4000:MyLog	R(3,4000,6,0,0.5,2)	3	4000	6	0	INC_CPSAT_ECC_MAX_0.391_200	OPTIMAL	6.089011219	6.089011219387348	1761.445	-1	1	200
HRC_bestinc_cpsat_4000:MyLog	R(5,4000,6,0,0.5,2)	5	4000	6	0	INC_CPSAT_ECC_MAX_0.719_200	FEASIBLE	6.5685339437	11.176145733587676	1801.23	-1	1	304
HRC_bestinc_cpsat_4000:MyLog	R(2,4000,6,0,0.5,2)	2	4000	6	0	INC_CPSAT_ECC_MAX_0.2_80	FEASIBLE	3.8600022572	4.415127905673659	1800.699	-1	3	320
HRC_bestinc_cpsat_4000:MyLog	R(3,4000,6,0,0.5,2)	3	4000	6	0	INC_CPSAT_ECC_MAX_0.391_80	FEASIBLE	6.0230581488	6.092891561878624	1801.073	-1	3	320
HRC_bestinc_cpsat_4000:MyLog	R(5,4000,6,0,0.5,2)	5	4000	6	0	INC_CPSAT_ECC_MAX_0.719_80	FEASIBLE	6.1677970875	11.176734339362413	1801.089	-1	1	160
HRC_bestinc_cpsat_4000:MyLog	R(2,4000,6,0,0.5,2)	2	4000	6	0	INC_CPSAT_ECC_MAX_0.2_40	FEASIBLE	3.7953424397	3.961874380888613	1800.292	-1	5	240
HRC_bestinc_cpsat_4000:MyLog	R(3,4000,6,0,0.5,2)	3	4000	6	0	INC_CPSAT_ECC_MAX_0.391_40	FEASIBLE	5.974445948	6.089957941485702	1801.116	-1	4	200
HRC_bestinc_cpsat_4000:MyLog	R(5,4000,6,0,0.5,2)	5	4000	6	0	INC_CPSAT_ECC_MAX_0.719_40	FEASIBLE	9.6893025317	11.177672024604178	1801.334	-1	2	120
HRC_bestinc_cpsat_4000:MyLog	R(2,4000,6,0,0.5,2)	2	4000	6	0	INC_CPSAT_DIST_SUM_0.2_800	FEASIBLE	2.9206739892	3.8827150570914766	1801.871	-1	1	800
HRC_bestinc_cpsat_4000:MyLog	R(3,4000,6,0,0.5,2)	3	4000	6	0	INC_CPSAT_DIST_SUM_0.391_800	FEASIBLE	3.8700954033	6.09280348180506	1802.323	-1	1	806
HRC_bestinc_cpsat_4000:MyLog	R(5,4000,6,0,0.5,2)	5	4000	6	0	INC_CPSAT_DIST_SUM_0.719_800	FEASIBLE	6.3646649883	11.177659191876954	1802.601	-1	1	814
HRC_bestinc_cpsat_4000:MyLog	R(2,4000,6,0,0.5,2)	2	4000	6	0	INC_CPSAT_DIST_SUM_0.2_400	FEASIBLE	2.9597776703	3.8873891185826164	1800.85	-1	1	408
HRC_bestinc_cpsat_4000:MyLog	R(3,4000,6,0,0.5,2)	3	4000	6	0	INC_CPSAT_DIST_SUM_0.391_400	FEASIBLE	4.6930571537	6.093549276746042	1801.461	-1	1	417
HRC_bestinc_cpsat_4000:MyLog	R(5,4000,6,0,0.5,2)	5	4000	6	0	INC_CPSAT_DIST_SUM_0.719_400	FEASIBLE	6.6984232453	11.178036763979058	1801.601	-1	1	416
HRC_bestinc_cpsat_4000:MyLog	R(2,4000,6,0,0.5,2)	2	4000	6	0	INC_CPSAT_DIST_SUM_0.2_200	FEASIBLE	3.7633695231	3.8873891185826164	1801.301	-1	3	606
HRC_bestinc_cpsat_4000:MyLog	R(3,4000,6,0,0.5,2)	3	4000	6	0	INC_CPSAT_DIST_SUM_0.391_200	FEASIBLE	6.0779596118	6.093549276746042	1800.874	-1	1	218
HRC_bestinc_cpsat_4000:MyLog	R(5,4000,6,0,0.5,2)	5	4000	6	0	INC_CPSAT_DIST_SUM_0.719_200	FEASIBLE	7.8630602542	11.17859447547246	1801.339	-1	1	280
HRC_bestinc_cpsat_4000:MyLog	R(2,4000,6,0,0.5,2)	2	4000	6	0	INC_CPSAT_DIST_SUM_0.2_80	FEASIBLE	3.6405054531	4.188974167787068	1800.973	-1	3	320
HRC_bestinc_cpsat_4000:MyLog	R(3,4000,6,0,0.5,2)	3	4000	6	0	INC_CPSAT_DIST_SUM_0.391_80	FEASIBLE	6.022055985	6.093750203903414	1800.908	-1	3	320
HRC_bestinc_cpsat_4000:MyLog	R(5,4000,6,0,0.5,2)	5	4000	6	0	INC_CPSAT_DIST_SUM_0.719_80	FEASIBLE	7.5372744706	11.178723487397056	1801.053	-1	1	160
HRC_bestinc_cpsat_4000:MyLog	R(2,4000,6,0,0.5,2)	2	4000	6	0	INC_CPSAT_DIST_SUM_0.2_40	FEASIBLE	3.7552329412	3.9807204181382776	1800.197	-1	6	280
HRC_bestinc_cpsat_4000:MyLog	R(3,4000,6,0,0.5,2)	3	4000	6	0	INC_CPSAT_DIST_SUM_0.391_40	FEASIBLE	5.9193141885	6.093269607703717	1800.948	-1	4	200
HRC_bestinc_cpsat_4000:MyLog	R(5,4000,6,0,0.5,2)	5	4000	6	0	INC_CPSAT_DIST_SUM_0.719_40	FEASIBLE	9.801657887	11.176764716274885	1800.604	-1	2	120
HRC_bestinc_cpsat_4000:MyLog	R(2,4000,6,0,0.5,3)	2	4000	6	0	INC_CPSAT_ECC_MAX_0.2_800	OPTIMAL	4.0344855859	4.034485585774906	1353.968	-1	1	800
HRC_bestinc_cpsat_4000:MyLog	R(3,4000,6,0,0.5,3)	3	4000	6	0	INC_CPSAT_ECC_MAX_0.391_800	FEASIBLE	3.6182322796	6.031090814188044	1801.478	-1	1	800
HRC_bestinc_cpsat_4000:MyLog	R(5,4000,6,0,0.5,3)	5	4000	6	0	INC_CPSAT_ECC_MAX_0.719_800	FEASIBLE	5.0196180918	9.755721845230546	1803.226	-1	1	800
HRC_bestinc_cpsat_4000:MyLog	R(2,4000,6,0,0.5,3)	2	4000	6	0	INC_CPSAT_ECC_MAX_0.2_400	FEASIBLE	3.1405219321	4.034485585774906	1800.777	-1	1	400
HRC_bestinc_cpsat_4000:MyLog	R(3,4000,6,0,0.5,3)	3	4000	6	0	INC_CPSAT_ECC_MAX_0.391_400	FEASIBLE	3.5498934258	6.031090814188044	1801.06	-1	1	400
HRC_bestinc_cpsat_4000:MyLog	R(5,4000,6,0,0.5,3)	5	4000	6	0	INC_CPSAT_ECC_MAX_0.719_400	FEASIBLE	6.243161304	9.755721845230546	1801.354	-1	1	400
HRC_bestinc_cpsat_4000:MyLog	R(2,4000,6,0,0.5,3)	2	4000	6	0	INC_CPSAT_ECC_MAX_0.2_200	OPTIMAL	4.0344855859	4.034485585774906	1590.973	-1	1	200
HRC_bestinc_cpsat_4000:MyLog	R(3,4000,6,0,0.5,3)	3	4000	6	0	INC_CPSAT_ECC_MAX_0.391_200	FEASIBLE	4.7506781731	6.031090814188044	1800.801	-1	1	200
HRC_bestinc_cpsat_4000:MyLog	R(5,4000,6,0,0.5,3)	5	4000	6	0	INC_CPSAT_ECC_MAX_0.719_200	FEASIBLE	6.5209614881	9.759623410863115	1801.124	-1	1	248
HRC_bestinc_cpsat_4000:MyLog	R(2,4000,6,0,0.5,3)	2	4000	6	0	INC_CPSAT_ECC_MAX_0.2_80	FEASIBLE	4.0326619752	4.034485585774906	1800.501	-1	3	161
HRC_bestinc_cpsat_4000:MyLog	R(3,4000,6,0,0.5,3)	3	4000	6	0	INC_CPSAT_ECC_MAX_0.391_80	FEASIBLE	5.8997101302	6.032758975129914	1800.974	-1	2	240
HRC_bestinc_cpsat_4000:MyLog	R(5,4000,6,0,0.5,3)	5	4000	6	0	INC_CPSAT_ECC_MAX_0.719_80	FEASIBLE	9.3517854673	9.758122131906799	1801.416	-1	2	240
HRC_bestinc_cpsat_4000:MyLog	R(2,4000,6,0,0.5,3)	2	4000	6	0	INC_CPSAT_ECC_MAX_0.2_40	OPTIMAL	4.0344855859	4.034485585774906	1209.695	-1	7	280
HRC_bestinc_cpsat_4000:MyLog	R(3,4000,6,0,0.5,3)	3	4000	6	0	INC_CPSAT_ECC_MAX_0.391_40	FEASIBLE	4.2228789452	6.036617353124938	1800.782	-1	1	80
HRC_bestinc_cpsat_4000:MyLog	R(5,4000,6,0,0.5,3)	5	4000	6	0	INC_CPSAT_ECC_MAX_0.719_40	FEASIBLE	9.0906217905	9.760569082967018	1801.167	-1	2	120
HRC_bestinc_cpsat_4000:MyLog	R(2,4000,6,0,0.5,3)	2	4000	6	0	INC_CPSAT_DIST_SUM_0.2_800	OPTIMAL	4.0344855859	4.034485585774906	631.234	-1	1	800
HRC_bestinc_cpsat_4000:MyLog	R(3,4000,6,0,0.5,3)	3	4000	6	0	INC_CPSAT_DIST_SUM_0.391_800	FEASIBLE	4.3969055879	6.035654888349629	1801.766	-1	1	805
HRC_bestinc_cpsat_4000:MyLog	R(5,4000,6,0,0.5,3)	5	4000	6	0	INC_CPSAT_DIST_SUM_0.719_800	FEASIBLE	4.7515486637	9.760764395763692	1802.719	-1	1	812
HRC_bestinc_cpsat_4000:MyLog	R(2,4000,6,0,0.5,3)	2	4000	6	0	INC_CPSAT_DIST_SUM_0.2_400	FEASIBLE	3.2424843823	4.034485585774906	1800.886	-1	1	402
HRC_bestinc_cpsat_4000:MyLog	R(3,4000,6,0,0.5,3)	3	4000	6	0	INC_CPSAT_DIST_SUM_0.391_400	FEASIBLE	3.470006775	6.035807976280884	1801.204	-1	1	429
HRC_bestinc_cpsat_4000:MyLog	R(5,4000,6,0,0.5,3)	5	4000	6	0	INC_CPSAT_DIST_SUM_0.719_400	FEASIBLE	6.2123571211	9.762672415369913	1801.714	-1	1	426
HRC_bestinc_cpsat_4000:MyLog	R(2,4000,6,0,0.5,3)	2	4000	6	0	INC_CPSAT_DIST_SUM_0.2_200	FEASIBLE	3.9089074513	4.314711847249268	1800.784	-1	3	800
HRC_bestinc_cpsat_4000:MyLog	R(3,4000,6,0,0.5,3)	3	4000	6	0	INC_CPSAT_DIST_SUM_0.391_200	FEASIBLE	5.9920684191	6.035611725393762	1801.665	-1	2	273
HRC_bestinc_cpsat_4000:MyLog	R(5,4000,6,0,0.5,3)	5	4000	6	0	INC_CPSAT_DIST_SUM_0.719_200	FEASIBLE	6.795391599	9.762050528865064	1801.151	-1	1	281
HRC_bestinc_cpsat_4000:MyLog	R(2,4000,6,0,0.5,3)	2	4000	6	0	INC_CPSAT_DIST_SUM_0.2_80	FEASIBLE	3.9677586211	4.117316424486939	1800.397	-1	5	480
HRC_bestinc_cpsat_4000:MyLog	R(3,4000,6,0,0.5,3)	3	4000	6	0	INC_CPSAT_DIST_SUM_0.391_80	FEASIBLE	5.7840942963	6.035851139236751	1800.874	-1	2	240
HRC_bestinc_cpsat_4000:MyLog	R(5,4000,6,0,0.5,3)	5	4000	6	0	INC_CPSAT_DIST_SUM_0.719_80	FEASIBLE	9.5416367347	9.762928084856062	1800.977	-1	2	240
HRC_bestinc_cpsat_4000:MyLog	R(2,4000,6,0,0.5,3)	2	4000	6	0	INC_CPSAT_DIST_SUM_0.2_40	FEASIBLE	4.0312574167	4.034485585774906	1800.785	-1	8	295
HRC_bestinc_cpsat_4000:MyLog	R(3,4000,6,0,0.5,3)	3	4000	6	0	INC_CPSAT_DIST_SUM_0.391_40	FEASIBLE	5.4898044686	6.035463020298074	1801.156	-1	2	120
HRC_bestinc_cpsat_4000:MyLog	R(5,4000,6,0,0.5,3)	5	4000	6	0	INC_CPSAT_DIST_SUM_0.719_40	FEASIBLE	8.8742465037	9.762928084856062	1800.706	-1	2	120
HRC_bestinc_cpsat_4000:MyLog	R(2,4000,6,0,0.5,4)	2	4000	6	0	INC_CPSAT_ECC_MAX_0.2_800	FEASIBLE	3.716716874	4.512390254128681	1801.407	-1	1	800
HRC_bestinc_cpsat_4000:MyLog	R(3,4000,6,0,0.5,4)	3	4000	6	0	INC_CPSAT_ECC_MAX_0.391_800	FEASIBLE	3.8705939308	6.54299556368111	1801.686	-1	1	800
HRC_bestinc_cpsat_4000:MyLog	R(5,4000,6,0,0.5,4)	5	4000	6	0	INC_CPSAT_ECC_MAX_0.719_800	FEASIBLE	5.5084215053	10.059994240797824	1802.103	-1	1	800
HRC_bestinc_cpsat_4000:MyLog	R(2,4000,6,0,0.5,4)	2	4000	6	0	INC_CPSAT_ECC_MAX_0.2_400	OPTIMAL	4.5123902539	4.512390254128681	661.672	-1	1	400
HRC_bestinc_cpsat_4000:MyLog	R(3,4000,6,0,0.5,4)	3	4000	6	0	INC_CPSAT_ECC_MAX_0.391_400	FEASIBLE	4.3547051534	6.54299556368111	1801.428	-1	1	400
HRC_bestinc_cpsat_4000:MyLog	R(5,4000,6,0,0.5,4)	5	4000	6	0	INC_CPSAT_ECC_MAX_0.719_400	FEASIBLE	5.9392327777	10.059994240797824	1801.347	-1	1	400
HRC_bestinc_cpsat_4000:MyLog	R(2,4000,6,0,0.5,4)	2	4000	6	0	INC_CPSAT_ECC_MAX_0.2_200	OPTIMAL	4.5123902539	4.512390254128681	720.207	-1	1	200
HRC_bestinc_cpsat_4000:MyLog	R(3,4000,6,0,0.5,4)	3	4000	6	0	INC_CPSAT_ECC_MAX_0.391_200	FEASIBLE	5.5323830939	6.54299556368111	1800.967	-1	1	200
HRC_bestinc_cpsat_4000:MyLog	R(5,4000,6,0,0.5,4)	5	4000	6	0	INC_CPSAT_ECC_MAX_0.719_200	FEASIBLE	7.506757211	10.066074168052934	1801.812	-1	1	289
HRC_bestinc_cpsat_4000:MyLog	R(2,4000,6,0,0.5,4)	2	4000	6	0	INC_CPSAT_ECC_MAX_0.2_80	OPTIMAL	4.5123902539	4.512390254128681	1048.501	-1	5	269
HRC_bestinc_cpsat_4000:MyLog	R(3,4000,6,0,0.5,4)	3	4000	6	0	INC_CPSAT_ECC_MAX_0.391_80	FEASIBLE	6.2573538415	6.5516101451751405	1801.922	-1	2	240
HRC_bestinc_cpsat_4000:MyLog	R(5,4000,6,0,0.5,4)	5	4000	6	0	INC_CPSAT_ECC_MAX_0.719_80	FEASIBLE	9.3864036368	10.065355049247081	1801.491	-1	2	240
HRC_bestinc_cpsat_4000:MyLog	R(2,4000,6,0,0.5,4)	2	4000	6	0	INC_CPSAT_ECC_MAX_0.2_40	OPTIMAL	4.5123902539	4.512390254128681	856.589	-1	5	200
HRC_bestinc_cpsat_4000:MyLog	R(3,4000,6,0,0.5,4)	3	4000	6	0	INC_CPSAT_ECC_MAX_0.391_40	FEASIBLE	6.1880020713	6.547760612129686	1800.895	-1	3	160
HRC_bestinc_cpsat_4000:MyLog	R(5,4000,6,0,0.5,4)	5	4000	6	0	INC_CPSAT_ECC_MAX_0.719_40	FEASIBLE	9.6035938501	10.066054646191485	1801.439	-1	3	160
HRC_bestinc_cpsat_4000:MyLog	R(2,4000,6,0,0.5,4)	2	4000	6	0	INC_CPSAT_DIST_SUM_0.2_800	FEASIBLE	3.3791949787	4.519208841302651	1801.503	-1	1	805
HRC_bestinc_cpsat_4000:MyLog	R(3,4000,6,0,0.5,4)	3	4000	6	0	INC_CPSAT_DIST_SUM_0.391_800	FEASIBLE	4.1724855864	6.548391981311577	1801.837	-1	1	815
HRC_bestinc_cpsat_4000:MyLog	R(5,4000,6,0,0.5,4)	5	4000	6	0	INC_CPSAT_DIST_SUM_0.719_800	FEASIBLE	6.2051428532	10.066329454677298	1803.454	-1	1	815
HRC_bestinc_cpsat_4000:MyLog	R(2,4000,6,0,0.5,4)	2	4000	6	0	INC_CPSAT_DIST_SUM_0.2_400	FEASIBLE	4.5089607697	4.512390254128681	1801.011	-1	3	416
HRC_bestinc_cpsat_4000:MyLog	R(3,4000,6,0,0.5,4)	3	4000	6	0	INC_CPSAT_DIST_SUM_0.391_400	FEASIBLE	4.4307451237	6.55181625310533	1801.186	-1	1	421
HRC_bestinc_cpsat_4000:MyLog	R(5,4000,6,0,0.5,4)	5	4000	6	0	INC_CPSAT_DIST_SUM_0.719_400	FEASIBLE	6.298821416	10.067076588593036	1801.512	-1	1	448
HRC_bestinc_cpsat_4000:MyLog	R(2,4000,6,0,0.5,4)	2	4000	6	0	INC_CPSAT_DIST_SUM_0.2_200	OPTIMAL	4.5123902539	4.512390254128681	1362.784	-1	4	432
HRC_bestinc_cpsat_4000:MyLog	R(3,4000,6,0,0.5,4)	3	4000	6	0	INC_CPSAT_DIST_SUM_0.391_200	FEASIBLE	6.4827456179	6.5493412259885115	1800.394	-1	2	296
HRC_bestinc_cpsat_4000:MyLog	R(5,4000,6,0,0.5,4)	5	4000	6	0	INC_CPSAT_DIST_SUM_0.719_200	FEASIBLE	7.0086948591	10.067433129334194	1801.721	-1	1	400
HRC_bestinc_cpsat_4000:MyLog	R(2,4000,6,0,0.5,4)	2	4000	6	0	INC_CPSAT_DIST_SUM_0.2_80	OPTIMAL	4.5123902539	4.512390254128681	1562.426	-1	6	345
HRC_bestinc_cpsat_4000:MyLog	R(3,4000,6,0,0.5,4)	3	4000	6	0	INC_CPSAT_DIST_SUM_0.391_80	FEASIBLE	6.3382447068	6.5532067077204115	1801.101	-1	3	320
HRC_bestinc_cpsat_4000:MyLog	R(5,4000,6,0,0.5,4)	5	4000	6	0	INC_CPSAT_DIST_SUM_0.719_80	FEASIBLE	9.624785783	10.066454977805808	1801.142	-1	2	240
HRC_bestinc_cpsat_4000:MyLog	R(2,4000,6,0,0.5,4)	2	4000	6	0	INC_CPSAT_DIST_SUM_0.2_40	OPTIMAL	4.5123902539	4.512390254128681	1123.975	-1	7	253
HRC_bestinc_cpsat_4000:MyLog	R(3,4000,6,0,0.5,4)	3	4000	6	0	INC_CPSAT_DIST_SUM_0.391_40	FEASIBLE	6.4827401179	6.549661412079691	1801.015	-1	4	179
HRC_bestinc_cpsat_4000:MyLog	R(5,4000,6,0,0.5,4)	5	4000	6	0	INC_CPSAT_DIST_SUM_0.719_40	FEASIBLE	9.7042993055	10.066329454677298	1800.384	-1	3	160
HRC_calib_step_400:MyLog	R(2,400,4,0,0.5,0)	2	400	4	0	INC_SM_ECC_MAX_0.2_80	OPTIMAL	2.800071778668311	2.800071778668311	1.246	-1	1	80
HRC_calib_step_400:MyLog	R(3,400,4,0,0.5,0)	3	400	4	0	INC_SM_ECC_MAX_0.391_80	OPTIMAL	5.399929622554451	5.4004185004002885	9.222	-1	2	82
HRC_calib_step_400:MyLog	R(5,400,4,0,0.5,0)	5	400	4	0	INC_SM_ECC_MAX_0.719_80	OPTIMAL	8.510715245721414	8.511561645794378	192.637	-1	5	139
HRC_calib_step_400:MyLog	R(2,400,4,0,0.5,0)	2	400	4	0	INC_SM_ECC_MAX_0.2_40	OPTIMAL	2.800071778668311	2.800071778668311	0.814	-1	1	40
HRC_calib_step_400:MyLog	R(3,400,4,0,0.5,0)	3	400	4	0	INC_SM_ECC_MAX_0.391_40	OPTIMAL	5.4004185004002885	5.4004185004002885	50.031	-1	6	159
HRC_calib_step_400:MyLog	R(5,400,4,0,0.5,0)	5	400	4	0	INC_SM_ECC_MAX_0.719_40	OPTIMAL	8.510711931746155	8.511561645794378	126.177	-1	5	146
HRC_calib_step_400:MyLog	R(2,400,4,0,0.5,0)	2	400	4	0	INC_SM_ECC_MAX_0.2_20	OPTIMAL	2.799984183272507	2.800071778668311	4.038	-1	6	79
HRC_calib_step_400:MyLog	R(3,400,4,0,0.5,0)	3	400	4	0	INC_SM_ECC_MAX_0.391_20	OPTIMAL	5.399942867933486	5.4004185004002885	13.374	-1	5	100
HRC_calib_step_400:MyLog	R(5,400,4,0,0.5,0)	5	400	4	0	INC_SM_ECC_MAX_0.719_20	OPTIMAL	8.510715579150586	8.511561645794378	122.202	-1	7	104
HRC_calib_step_400:MyLog	R(2,400,4,0,0.5,0)	2	400	4	0	INC_SM_DIST_MAX_0.2_80	OPTIMAL	2.79984657776233	2.800071778668311	2.052	-1	2	81
HRC_calib_step_400:MyLog	R(3,400,4,0,0.5,0)	3	400	4	0	INC_SM_DIST_MAX_0.391_80	OPTIMAL	5.399942217821643	5.4004185004002885	41.629	-1	5	126
HRC_calib_step_400:MyLog	R(5,400,4,0,0.5,0)	5	400	4	0	INC_SM_DIST_MAX_0.719_80	OPTIMAL	8.510722927339355	8.511561645794378	124.025	-1	4	137
HRC_calib_step_400:MyLog	R(2,400,4,0,0.5,0)	2	400	4	0	INC_SM_DIST_MAX_0.2_40	OPTIMAL	2.7998736283865533	2.800071778668311	2.466	-1	4	67
HRC_calib_step_400:MyLog	R(3,400,4,0,0.5,0)	3	400	4	0	INC_SM_DIST_MAX_0.391_40	OPTIMAL	5.399935407699991	5.400418500400288	46.527	-1	5	132
HRC_calib_step_400:MyLog	R(5,400,4,0,0.5,0)	5	400	4	0	INC_SM_DIST_MAX_0.719_40	OPTIMAL	8.51073499786254	8.511561645794378	121.44	-1	5	143
HRC_calib_step_400:MyLog	R(2,400,4,0,0.5,0)	2	400	4	0	INC_SM_DIST_MAX_0.2_20	OPTIMAL	2.799984183272507	2.800071778668311	3.474	-1	6	72
HRC_calib_step_400:MyLog	R(3,400,4,0,0.5,0)	3	400	4	0	INC_SM_DIST_MAX_0.391_20	OPTIMAL	5.400418500400287	5.4004185004002885	12.318	-1	6	105
HRC_calib_step_400:MyLog	R(5,400,4,0,0.5,0)	5	400	4	0	INC_SM_DIST_MAX_0.719_20	OPTIMAL	8.510720799746803	8.511561645794377	156.471	-1	8	105
HRC_calib_step_400:MyLog	R(2,400,4,0,0.5,0)	2	400	4	0	INC_SM_BORD_0.2_80	OPTIMAL	2.8000717786683107	2.800071778668311	5.02	-1	3	123
HRC_calib_step_400:MyLog	R(3,400,4,0,0.5,0)	3	400	4	0	INC_SM_BORD_0.391_80	OPTIMAL	5.399914221407946	5.4004185004002885	20.355	-1	3	130
HRC_calib_step_400:MyLog	R(5,400,4,0,0.5,0)	5	400	4	0	INC_SM_BORD_0.719_80	OPTIMAL	8.510712589588739	8.511561645794378	452.309	-1	6	256
HRC_calib_step_400:MyLog	R(2,400,4,0,0.5,0)	2	400	4	0	INC_SM_BORD_0.2_40	OPTIMAL	2.8000317470019684	2.800071778668311	2.482	-1	3	81
HRC_calib_step_400:MyLog	R(3,400,4,0,0.5,0)	3	400	4	0	INC_SM_BORD_0.391_40	OPTIMAL	5.399903087075967	5.4004185004002885	33.745	-1	5	123
HRC_calib_step_400:MyLog	R(5,400,4,0,0.5,0)	5	400	4	0	INC_SM_BORD_0.719_40	OPTIMAL	8.510711694416063	8.511561645794378	170.341	-1	6	163
HRC_calib_step_400:MyLog	R(2,400,4,0,0.5,0)	2	400	4	0	INC_SM_BORD_0.2_20	OPTIMAL	2.800071778668311	2.800071778668311	3.067	-1	5	81
HRC_calib_step_400:MyLog	R(3,400,4,0,0.5,0)	3	400	4	0	INC_SM_BORD_0.391_20	OPTIMAL	5.399884744604301	5.400418500400288	28.699	-1	9	100
HRC_calib_step_400:MyLog	R(5,400,4,0,0.5,0)	5	400	4	0	INC_SM_BORD_0.719_20	OPTIMAL	8.510711694416063	8.511561645794378	229.433	-1	10	155
HRC_calib_step_400:MyLog	R(2,400,4,0,0.5,1)	2	400	4	0	INC_SM_ECC_MAX_0.2_80	OPTIMAL	3.953328433469013	3.9533284334690157	1.371	-1	1	80
HRC_calib_step_400:MyLog	R(3,400,4,0,0.5,1)	3	400	4	0	INC_SM_ECC_MAX_0.391_80	OPTIMAL	5.108149507382051	5.1086261115517875	1.715	-1	1	80
HRC_calib_step_400:MyLog	R(5,400,4,0,0.5,1)	5	400	4	0	INC_SM_ECC_MAX_0.719_80	OPTIMAL	8.514627048721307	8.515430717056724	27.416	-1	3	115
HRC_calib_step_400:MyLog	R(2,400,4,0,0.5,1)	2	400	4	0	INC_SM_ECC_MAX_0.2_40	OPTIMAL	3.9533284334690135	3.9533284334690157	0.885	-1	1	40
HRC_calib_step_400:MyLog	R(3,400,4,0,0.5,1)	3	400	4	0	INC_SM_ECC_MAX_0.391_40	OPTIMAL	5.108175716896908	5.1086261115517875	1.184	-1	2	47
HRC_calib_step_400:MyLog	R(5,400,4,0,0.5,1)	5	400	4	0	INC_SM_ECC_MAX_0.719_40	OPTIMAL	8.514743089277625	8.515430717056724	166.982	-1	9	179
HRC_calib_step_400:MyLog	R(2,400,4,0,0.5,1)	2	400	4	0	INC_SM_ECC_MAX_0.2_20	OPTIMAL	3.9532351172038505	3.953328433469016	1.512	-1	3	60
HRC_calib_step_400:MyLog	R(3,400,4,0,0.5,1)	3	400	4	0	INC_SM_ECC_MAX_0.391_20	OPTIMAL	5.108127894176221	5.1086261115517875	11.731	-1	9	125
HRC_calib_step_400:MyLog	R(5,400,4,0,0.5,1)	5	400	4	0	INC_SM_ECC_MAX_0.719_20	OPTIMAL	8.51463845616159	8.515430717056724	100.823	-1	9	114
HRC_calib_step_400:MyLog	R(2,400,4,0,0.5,1)	2	400	4	0	INC_SM_DIST_MAX_0.2_80	OPTIMAL	3.9530289555873064	3.9533284334690157	1.099	-1	1	80
HRC_calib_step_400:MyLog	R(3,400,4,0,0.5,1)	3	400	4	0	INC_SM_DIST_MAX_0.391_80	OPTIMAL	5.108626111551788	5.1086261115517875	6.101	-1	4	102
HRC_calib_step_400:MyLog	R(5,400,4,0,0.5,1)	5	400	4	0	INC_SM_DIST_MAX_0.719_80	OPTIMAL	8.51460824311375	8.515430717056724	97.563	-1	5	155
HRC_calib_step_400:MyLog	R(2,400,4,0,0.5,1)	2	400	4	0	INC_SM_DIST_MAX_0.2_40	OPTIMAL	3.9533284334690135	3.9533284334690157	0.657	-1	1	40
HRC_calib_step_400:MyLog	R(3,400,4,0,0.5,1)	3	400	4	0	INC_SM_DIST_MAX_0.391_40	OPTIMAL	5.1086261115517875	5.1086261115517875	4.102	-1	5	71
HRC_calib_step_400:MyLog	R(5,400,4,0,0.5,1)	5	400	4	0	INC_SM_DIST_MAX_0.719_40	OPTIMAL	8.51462711913154	8.515430717056724	88.749	-1	6	142
HRC_calib_step_400:MyLog	R(2,400,4,0,0.5,1)	2	400	4	0	INC_SM_DIST_MAX_0.2_20	OPTIMAL	3.9533284334690135	3.9533284334690135	1.35	-1	3	60
HRC_calib_step_400:MyLog	R(3,400,4,0,0.5,1)	3	400	4	0	INC_SM_DIST_MAX_0.391_20	OPTIMAL	5.108626111551787	5.1086261115517875	15.139	-1	9	127
HRC_calib_step_400:MyLog	R(5,400,4,0,0.5,1)	5	400	4	0	INC_SM_DIST_MAX_0.719_20	OPTIMAL	8.51460299523186	8.515430717056724	67.893	-1	9	120
HRC_calib_step_400:MyLog	R(2,400,4,0,0.5,1)	2	400	4	0	INC_SM_BORD_0.2_80	OPTIMAL	3.9531444021599196	3.953328433469016	2.946	-1	2	152
HRC_calib_step_400:MyLog	R(3,400,4,0,0.5,1)	3	400	4	0	INC_SM_BORD_0.391_80	OPTIMAL	5.108626111551788	5.1086261115517875	8.967	-1	3	162
HRC_calib_step_400:MyLog	R(5,400,4,0,0.5,1)	5	400	4	0	INC_SM_BORD_0.719_80	OPTIMAL	8.514582971739973	8.515430717056724	156.99	-1	5	262
HRC_calib_step_400:MyLog	R(2,400,4,0,0.5,1)	2	400	4	0	INC_SM_BORD_0.2_40	OPTIMAL	3.953050927404864	3.953328433469016	3.312	-1	3	120
HRC_calib_step_400:MyLog	R(3,400,4,0,0.5,1)	3	400	4	0	INC_SM_BORD_0.391_40	OPTIMAL	5.1086261115517875	5.1086261115517875	3.278	-1	3	87
HRC_calib_step_400:MyLog	R(5,400,4,0,0.5,1)	5	400	4	0	INC_SM_BORD_0.719_40	OPTIMAL	8.514579732873797	8.515430717056724	62.985	-1	5	147
HRC_calib_step_400:MyLog	R(2,400,4,0,0.5,1)	2	400	4	0	INC_SM_BORD_0.2_20	OPTIMAL	3.9533284334690166	3.953328433469016	2.712	-1	5	81
HRC_calib_step_400:MyLog	R(3,400,4,0,0.5,1)	3	400	4	0	INC_SM_BORD_0.391_20	OPTIMAL	5.108193099009495	5.1086261115517875	4.858	-1	6	71
HRC_calib_step_400:MyLog	R(5,400,4,0,0.5,1)	5	400	4	0	INC_SM_BORD_0.719_20	OPTIMAL	8.514635814790886	8.515430717056724	78.681	-1	9	134
HRC_calib_step_400:MyLog	R(2,400,4,0,0.5,2)	2	400	4	0	INC_SM_ECC_MAX_0.2_80	OPTIMAL	2.8546837652400354	2.8546837652400354	1.049	-1	1	80
HRC_calib_step_400:MyLog	R(3,400,4,0,0.5,2)	3	400	4	0	INC_SM_ECC_MAX_0.391_80	OPTIMAL	5.696266405841757	5.696803040996661	6.923	-1	3	92
HRC_calib_step_400:MyLog	R(5,400,4,0,0.5,2)	5	400	4	0	INC_SM_ECC_MAX_0.719_80	OPTIMAL	9.81749766777059	9.817497667770587	3.57	-1	1	80
HRC_calib_step_400:MyLog	R(2,400,4,0,0.5,2)	2	400	4	0	INC_SM_ECC_MAX_0.2_40	OPTIMAL	2.854405042556134	2.8546837652400354	3.518	-1	3	113
HRC_calib_step_400:MyLog	R(3,400,4,0,0.5,2)	3	400	4	0	INC_SM_ECC_MAX_0.391_40	OPTIMAL	5.696238876034684	5.69680304099666	51.017	-1	7	128
HRC_calib_step_400:MyLog	R(5,400,4,0,0.5,2)	5	400	4	0	INC_SM_ECC_MAX_0.719_40	OPTIMAL	9.81749766777059	9.817497667770587	0.983	-1	1	40
HRC_calib_step_400:MyLog	R(2,400,4,0,0.5,2)	2	400	4	0	INC_SM_ECC_MAX_0.2_20	OPTIMAL	2.854683765240036	2.8546837652400354	4.433	-1	6	99
HRC_calib_step_400:MyLog	R(3,400,4,0,0.5,2)	3	400	4	0	INC_SM_ECC_MAX_0.391_20	OPTIMAL	5.6962418249476	5.696803040996661	38.548	-1	7	88
HRC_calib_step_400:MyLog	R(5,400,4,0,0.5,2)	5	400	4	0	INC_SM_ECC_MAX_0.719_20	OPTIMAL	9.817497667770587	9.817497667770587	1.324	-1	2	40
HRC_calib_step_400:MyLog	R(2,400,4,0,0.5,2)	2	400	4	0	INC_SM_DIST_MAX_0.2_80	OPTIMAL	2.854421430357063	2.8546837652400354	1.017	-1	1	80
HRC_calib_step_400:MyLog	R(3,400,4,0,0.5,2)	3	400	4	0	INC_SM_DIST_MAX_0.391_80	OPTIMAL	5.69647896973581	5.696803040996661	22.739	-1	4	114
HRC_calib_step_400:MyLog	R(5,400,4,0,0.5,2)	5	400	4	0	INC_SM_DIST_MAX_0.719_80	OPTIMAL	9.817253424729957	9.817497667770587	2.248	-1	1	80
HRC_calib_step_400:MyLog	R(2,400,4,0,0.5,2)	2	400	4	0	INC_SM_DIST_MAX_0.2_40	OPTIMAL	2.8546837652400345	2.8546837652400354	3.398	-1	4	92
HRC_calib_step_400:MyLog	R(3,400,4,0,0.5,2)	3	400	4	0	INC_SM_DIST_MAX_0.391_40	OPTIMAL	5.69680304099666	5.696803040996661	19.06	-1	5	123
HRC_calib_step_400:MyLog	R(5,400,4,0,0.5,2)	5	400	4	0	INC_SM_DIST_MAX_0.719_40	OPTIMAL	9.817322769355295	9.817497667770587	1.113	-1	1	40
HRC_calib_step_400:MyLog	R(2,400,4,0,0.5,2)	2	400	4	0	INC_SM_DIST_MAX_0.2_20	OPTIMAL	2.8545059332359988	2.8546837652400354	6.759	-1	7	119
HRC_calib_step_400:MyLog	R(3,400,4,0,0.5,2)	3	400	4	0	INC_SM_DIST_MAX_0.391_20	OPTIMAL	5.696464374805897	5.696803040996661	12.499	-1	5	76
HRC_calib_step_400:MyLog	R(5,400,4,0,0.5,2)	5	400	4	0	INC_SM_DIST_MAX_0.719_20	OPTIMAL	9.817497667770587	9.817497667770587	1.283	-1	2	40
HRC_calib_step_400:MyLog	R(2,400,4,0,0.5,2)	2	400	4	0	INC_SM_BORD_0.2_80	OPTIMAL	2.8544945277485865	2.8546837652400354	5.625	-1	2	157
HRC_calib_step_400:MyLog	R(3,400,4,0,0.5,2)	3	400	4	0	INC_SM_BORD_0.391_80	OPTIMAL	5.696255217973643	5.696803040996661	37.305	-1	4	137
HRC_calib_step_400:MyLog	R(5,400,4,0,0.5,2)	5	400	4	0	INC_SM_BORD_0.719_80	OPTIMAL	9.817067523879365	9.817497667770587	74.338	-1	4	243
HRC_calib_step_400:MyLog	R(2,400,4,0,0.5,2)	2	400	4	0	INC_SM_BORD_0.2_40	OPTIMAL	2.854428312392256	2.8546837652400354	3.225	-1	3	120
HRC_calib_step_400:MyLog	R(3,400,4,0,0.5,2)	3	400	4	0	INC_SM_BORD_0.391_40	OPTIMAL	5.696322380709989	5.696803040996661	15.434	-1	4	100
HRC_calib_step_400:MyLog	R(5,400,4,0,0.5,2)	5	400	4	0	INC_SM_BORD_0.719_40	OPTIMAL	9.81666567780305	9.817497667770587	36.939	-1	5	165
HRC_calib_step_400:MyLog	R(2,400,4,0,0.5,2)	2	400	4	0	INC_SM_BORD_0.2_20	OPTIMAL	2.8546837652400354	2.8546837652400354	3.917	-1	5	100
HRC_calib_step_400:MyLog	R(3,400,4,0,0.5,2)	3	400	4	0	INC_SM_BORD_0.391_20	OPTIMAL	5.696276222789829	5.696803040996661	20.516	-1	7	97
HRC_calib_step_400:MyLog	R(5,400,4,0,0.5,2)	5	400	4	0	INC_SM_BORD_0.719_20	OPTIMAL	9.817497667770585	9.817497667770587	19.016	-1	8	143
HRC_calib_step_400:MyLog	R(2,400,4,0,0.5,3)	2	400	4	0	INC_SM_ECC_MAX_0.2_80	OPTIMAL	2.719653140727004	2.7198485226241385	1.354	-1	1	80
HRC_calib_step_400:MyLog	R(3,400,4,0,0.5,3)	3	400	4	0	INC_SM_ECC_MAX_0.391_80	OPTIMAL	3.95599737380542	3.9559973738054204	3.345	-1	1	80
HRC_calib_step_400:MyLog	R(5,400,4,0,0.5,3)	5	400	4	0	INC_SM_ECC_MAX_0.719_80	OPTIMAL	9.430379445929946	9.431321348660315	136.354	-1	6	124
HRC_calib_step_400:MyLog	R(2,400,4,0,0.5,3)	2	400	4	0	INC_SM_ECC_MAX_0.2_40	OPTIMAL	2.7198485226241385	2.7198485226241385	2.718	-1	3	74
HRC_calib_step_400:MyLog	R(3,400,4,0,0.5,3)	3	400	4	0	INC_SM_ECC_MAX_0.391_40	OPTIMAL	3.955623451845149	3.9559973738054204	21.699	-1	6	99
HRC_calib_step_400:MyLog	R(5,400,4,0,0.5,3)	5	400	4	0	INC_SM_ECC_MAX_0.719_40	OPTIMAL	9.43060621564498	9.431321348660315	110.024	-1	5	141
HRC_calib_step_400:MyLog	R(2,400,4,0,0.5,3)	2	400	4	0	INC_SM_ECC_MAX_0.2_20	OPTIMAL	2.719595188227956	2.7198485226241385	7.065	-1	6	105
HRC_calib_step_400:MyLog	R(3,400,4,0,0.5,3)	3	400	4	0	INC_SM_ECC_MAX_0.391_20	OPTIMAL	3.9556056739192704	3.9559973738054204	6.385	-1	5	71
HRC_calib_step_400:MyLog	R(5,400,4,0,0.5,3)	5	400	4	0	INC_SM_ECC_MAX_0.719_20	OPTIMAL	9.430381354867226	9.431321348660315	79.103	-1	7	118
HRC_calib_step_400:MyLog	R(2,400,4,0,0.5,3)	2	400	4	0	INC_SM_DIST_MAX_0.2_80	OPTIMAL	2.7198485226241385	2.7198485226241385	2.039	-1	2	85
HRC_calib_step_400:MyLog	R(3,400,4,0,0.5,3)	3	400	4	0	INC_SM_DIST_MAX_0.391_80	OPTIMAL	3.9557397027115284	3.9559973738054204	14.584	-1	3	103
HRC_calib_step_400:MyLog	R(5,400,4,0,0.5,3)	5	400	4	0	INC_SM_DIST_MAX_0.719_80	OPTIMAL	9.430378683889431	9.431321348660315	180.032	-1	5	143
HRC_calib_step_400:MyLog	R(2,400,4,0,0.5,3)	2	400	4	0	INC_SM_DIST_MAX_0.2_40	OPTIMAL	2.7198485226241385	2.7198485226241385	9.78	-1	6	132
HRC_calib_step_400:MyLog	R(3,400,4,0,0.5,3)	3	400	4	0	INC_SM_DIST_MAX_0.391_40	OPTIMAL	3.955604659593684	3.9559973738054204	15.979	-1	4	95
HRC_calib_step_400:MyLog	R(5,400,4,0,0.5,3)	5	400	4	0	INC_SM_DIST_MAX_0.719_40	OPTIMAL	9.430381583388687	9.431321348660315	138.525	-1	5	148
HRC_calib_step_400:MyLog	R(2,400,4,0,0.5,3)	2	400	4	0	INC_SM_DIST_MAX_0.2_20	OPTIMAL	2.7196531407270004	2.7198485226241385	8.07	-1	7	106
HRC_calib_step_400:MyLog	R(3,400,4,0,0.5,3)	3	400	4	0	INC_SM_DIST_MAX_0.391_20	OPTIMAL	3.955615571000767	3.9559973738054195	6.17	-1	5	70
HRC_calib_step_400:MyLog	R(5,400,4,0,0.5,3)	5	400	4	0	INC_SM_DIST_MAX_0.719_20	OPTIMAL	9.430379347460493	9.431321348660315	91.679	-1	6	114
HRC_calib_step_400:MyLog	R(2,400,4,0,0.5,3)	2	400	4	0	INC_SM_BORD_0.2_80	OPTIMAL	2.7196087813334806	2.7198485226241385	4.925	-1	3	108
HRC_calib_step_400:MyLog	R(3,400,4,0,0.5,3)	3	400	4	0	INC_SM_BORD_0.391_80	OPTIMAL	3.9556083069278136	3.9559973738054204	15.07	-1	2	84
HRC_calib_step_400:MyLog	R(5,400,4,0,0.5,3)	5	400	4	0	INC_SM_BORD_0.719_80	OPTIMAL	9.430378671717534	9.431321348660315	197.054	-1	4	245
HRC_calib_step_400:MyLog	R(2,400,4,0,0.5,3)	2	400	4	0	INC_SM_BORD_0.2_40	OPTIMAL	2.7198485226241385	2.7198485226241385	4.344	-1	3	120
HRC_calib_step_400:MyLog	R(3,400,4,0,0.5,3)	3	400	4	0	INC_SM_BORD_0.391_40	OPTIMAL	3.9556543097445847	3.9559973738054204	12.975	-1	3	83
HRC_calib_step_400:MyLog	R(5,400,4,0,0.5,3)	5	400	4	0	INC_SM_BORD_0.719_40	OPTIMAL	9.430379639284306	9.431321348660315	161.725	-1	6	135
HRC_calib_step_400:MyLog	R(2,400,4,0,0.5,3)	2	400	4	0	INC_SM_BORD_0.2_20	OPTIMAL	2.7196905177990587	2.7198485226241385	5.632	-1	6	99
HRC_calib_step_400:MyLog	R(3,400,4,0,0.5,3)	3	400	4	0	INC_SM_BORD_0.391_20	OPTIMAL	3.9558755104433825	3.9559973738054204	17.546	-1	6	86
HRC_calib_step_400:MyLog	R(5,400,4,0,0.5,3)	5	400	4	0	INC_SM_BORD_0.719_20	OPTIMAL	9.430380425400276	9.431321348660315	116.194	-1	8	120
HRC_calib_step_400:MyLog	R(2,400,4,0,0.5,4)	2	400	4	0	INC_SM_ECC_MAX_0.2_80	OPTIMAL	2.8700826770088894	2.8700826770088916	1.428	-1	1	80
HRC_calib_step_400:MyLog	R(3,400,4,0,0.5,4)	3	400	4	0	INC_SM_ECC_MAX_0.391_80	OPTIMAL	5.138730280294172	5.139052390685625	6.588	-1	1	80
HRC_calib_step_400:MyLog	R(5,400,4,0,0.5,4)	5	400	4	0	INC_SM_ECC_MAX_0.719_80	OPTIMAL	9.386401225320226	9.387332102129196	138.032	-1	7	132
HRC_calib_step_400:MyLog	R(2,400,4,0,0.5,4)	2	400	4	0	INC_SM_ECC_MAX_0.2_40	OPTIMAL	2.87008267700889	2.8700826770088916	4.308	-1	4	110
HRC_calib_step_400:MyLog	R(3,400,4,0,0.5,4)	3	400	4	0	INC_SM_ECC_MAX_0.391_40	OPTIMAL	5.139052390685624	5.139052390685625	4.048	-1	3	68
HRC_calib_step_400:MyLog	R(5,400,4,0,0.5,4)	5	400	4	0	INC_SM_ECC_MAX_0.719_40	OPTIMAL	9.38639508729667	9.387332102129195	121.173	-1	5	134
HRC_calib_step_400:MyLog	R(2,400,4,0,0.5,4)	2	400	4	0	INC_SM_ECC_MAX_0.2_20	OPTIMAL	2.869929344759104	2.8700826770088916	4.682	-1	6	95
HRC_calib_step_400:MyLog	R(3,400,4,0,0.5,4)	3	400	4	0	INC_SM_ECC_MAX_0.391_20	OPTIMAL	5.138742256302484	5.139052390685625	6.788	-1	6	106
HRC_calib_step_400:MyLog	R(5,400,4,0,0.5,4)	5	400	4	0	INC_SM_ECC_MAX_0.719_20	OPTIMAL	9.386401862926427	9.387332102129196	138.073	-1	9	113
HRC_calib_step_400:MyLog	R(2,400,4,0,0.5,4)	2	400	4	0	INC_SM_DIST_MAX_0.2_80	OPTIMAL	2.8700425407947465	2.8700826770088916	1.415	-1	1	80
HRC_calib_step_400:MyLog	R(3,400,4,0,0.5,4)	3	400	4	0	INC_SM_DIST_MAX_0.391_80	OPTIMAL	5.138965577075782	5.139052390685625	1.473	-1	1	80
HRC_calib_step_400:MyLog	R(5,400,4,0,0.5,4)	5	400	4	0	INC_SM_DIST_MAX_0.719_80	OPTIMAL	9.386394480253529	9.387332102129196	133.264	-1	5	150
HRC_calib_step_400:MyLog	R(2,400,4,0,0.5,4)	2	400	4	0	INC_SM_DIST_MAX_0.2_40	OPTIMAL	2.8700826770088903	2.8700826770088916	6.055	-1	5	129
HRC_calib_step_400:MyLog	R(3,400,4,0,0.5,4)	3	400	4	0	INC_SM_DIST_MAX_0.391_40	OPTIMAL	5.1387153533775205	5.139052390685625	8.184	-1	5	86
HRC_calib_step_400:MyLog	R(5,400,4,0,0.5,4)	5	400	4	0	INC_SM_DIST_MAX_0.719_40	OPTIMAL	9.386395803971707	9.387332102129196	98.677	-1	5	137
HRC_calib_step_400:MyLog	R(2,400,4,0,0.5,4)	2	400	4	0	INC_SM_DIST_MAX_0.2_20	OPTIMAL	2.87008267700889	2.8700826770088916	7.168	-1	7	89
HRC_calib_step_400:MyLog	R(3,400,4,0,0.5,4)	3	400	4	0	INC_SM_DIST_MAX_0.391_20	OPTIMAL	5.138573566392011	5.139052390685625	11.845	-1	7	110
HRC_calib_step_400:MyLog	R(5,400,4,0,0.5,4)	5	400	4	0	INC_SM_DIST_MAX_0.719_20	OPTIMAL	9.386425106833691	9.387332102129196	48.358	-1	7	110
HRC_calib_step_400:MyLog	R(2,400,4,0,0.5,4)	2	400	4	0	INC_SM_BORD_0.2_80	OPTIMAL	2.8699433559231577	2.8700826770088916	3.198	-1	2	160
HRC_calib_step_400:MyLog	R(3,400,4,0,0.5,4)	3	400	4	0	INC_SM_BORD_0.391_80	OPTIMAL	5.1388123748452825	5.139052390685625	2.792	-1	2	90
HRC_calib_step_400:MyLog	R(5,400,4,0,0.5,4)	5	400	4	0	INC_SM_BORD_0.719_80	OPTIMAL	9.386399593137186	9.387332102129196	693.304	-1	7	327
HRC_calib_step_400:MyLog	R(2,400,4,0,0.5,4)	2	400	4	0	INC_SM_BORD_0.2_40	OPTIMAL	2.8700826770088907	2.8700826770088916	3.276	-1	4	93
HRC_calib_step_400:MyLog	R(3,400,4,0,0.5,4)	3	400	4	0	INC_SM_BORD_0.391_40	OPTIMAL	5.1389230969939685	5.139052390685625	9.773	-1	4	92
HRC_calib_step_400:MyLog	R(5,400,4,0,0.5,4)	5	400	4	0	INC_SM_BORD_0.719_40	OPTIMAL	9.386402321324075	9.387332102129196	95.279	-1	5	177
HRC_calib_step_400:MyLog	R(2,400,4,0,0.5,4)	2	400	4	0	INC_SM_BORD_0.2_20	OPTIMAL	2.8700323415471987	2.8700826770088916	6.072	-1	6	94
HRC_calib_step_400:MyLog	R(3,400,4,0,0.5,4)	3	400	4	0	INC_SM_BORD_0.391_20	OPTIMAL	5.139052390685624	5.139052390685625	3.189	-1	4	80
HRC_calib_step_400:MyLog	R(5,400,4,0,0.5,4)	5	400	4	0	INC_SM_BORD_0.719_20	OPTIMAL	9.38639404372287	9.387332102129196	105.574	-1	8	134
HRC_calib_step_400:MyLog	R(2,400,6,0,0.5,0)	2	400	6	0	INC_SM_ECC_MAX_0.2_80	FEASIBLE	3.679559997227854	3.782148211612918	1801.028	-1	2	109
HRC_calib_step_400:MyLog	R(3,400,6,0,0.5,0)	3	400	6	0	INC_SM_ECC_MAX_0.391_80	FEASIBLE	5.56977521614785	6.482409001579443	1811.852	-1	1	109
HRC_calib_step_400:MyLog	R(5,400,6,0,0.5,0)	5	400	6	0	INC_SM_ECC_MAX_0.719_80	FEASIBLE	8.031100966417755	9.781856472230185	1811.054	-1	1	94
HRC_calib_step_400:MyLog	R(2,400,6,0,0.5,0)	2	400	6	0	INC_SM_ECC_MAX_0.2_40	FEASIBLE	3.781770018361914	3.782148211612918	1801.018	-1	3	80
HRC_calib_step_400:MyLog	R(3,400,6,0,0.5,0)	3	400	6	0	INC_SM_ECC_MAX_0.391_40	FEASIBLE	5.997679822723016	6.462225032189201	1800.893	-1	2	120
HRC_calib_step_400:MyLog	R(5,400,6,0,0.5,0)	5	400	6	0	INC_SM_ECC_MAX_0.719_40	FEASIBLE	9.153391352276511	9.757793768785108	1800.269	-1	2	120
HRC_calib_step_400:MyLog	R(2,400,6,0,0.5,0)	2	400	6	0	INC_SM_ECC_MAX_0.2_20	FEASIBLE	3.752143560202435	3.782148211612918	1800.298	-1	4	77
HRC_calib_step_400:MyLog	R(3,400,6,0,0.5,0)	3	400	6	0	INC_SM_ECC_MAX_0.391_20	FEASIBLE	6.072994769757569	6.452028220074919	1800.654	-1	4	100
HRC_calib_step_400:MyLog	R(5,400,6,0,0.5,0)	5	400	6	0	INC_SM_ECC_MAX_0.719_20	FEASIBLE	9.153391298114146	9.757793768785108	1800.603	-1	3	80
HRC_calib_step_400:MyLog	R(2,400,6,0,0.5,0)	2	400	6	0	INC_SM_DIST_MAX_0.2_80	FEASIBLE	3.754946568572883	3.782148211612918	1804.147	-1	3	127
HRC_calib_step_400:MyLog	R(3,400,6,0,0.5,0)	3	400	6	0	INC_SM_DIST_MAX_0.391_80	FEASIBLE	6.1242269941167535	6.484130175815277	1800.743	-1	2	147
HRC_calib_step_400:MyLog	R(5,400,6,0,0.5,0)	5	400	6	0	INC_SM_DIST_MAX_0.719_80	FEASIBLE	9.489903744452103	9.728791862236163	1807.059	-1	2	133
HRC_calib_step_400:MyLog	R(2,400,6,0,0.5,0)	2	400	6	0	INC_SM_DIST_MAX_0.2_40	OPTIMAL	3.7821482116129124	3.782148211612918	1165.882	-1	3	88
HRC_calib_step_400:MyLog	R(3,400,6,0,0.5,0)	3	400	6	0	INC_SM_DIST_MAX_0.391_40	FEASIBLE	6.072994939875565	6.462225032189201	1800.773	-1	3	160
HRC_calib_step_400:MyLog	R(5,400,6,0,0.5,0)	5	400	6	0	INC_SM_DIST_MAX_0.719_40	FEASIBLE	9.153391352276511	9.757793768785108	1800.751	-1	2	120
HRC_calib_step_400:MyLog	R(2,400,6,0,0.5,0)	2	400	6	0	INC_SM_DIST_MAX_0.2_20	OPTIMAL	3.781946346733704	3.782148211612918	908.041	-1	5	82
HRC_calib_step_400:MyLog	R(3,400,6,0,0.5,0)	3	400	6	0	INC_SM_DIST_MAX_0.391_20	FEASIBLE	6.06822182973909	6.4520282200749195	1801.13	-1	3	80
HRC_calib_step_400:MyLog	R(5,400,6,0,0.5,0)	5	400	6	0	INC_SM_DIST_MAX_0.719_20	FEASIBLE	9.153391298114146	9.757793768785108	1801.036	-1	3	80
HRC_calib_step_400:MyLog	R(2,400,6,0,0.5,0)	2	400	6	0	INC_SM_BORD_0.2_80	FEASIBLE	3.727084074165968	3.782148211612918	1800.983	-1	2	97
HRC_calib_step_400:MyLog	R(3,400,6,0,0.5,0)	3	400	6	0	INC_SM_BORD_0.391_80	FEASIBLE	5.953308689683012	6.463779049856521	1808.757	-1	2	180
HRC_calib_step_400:MyLog	R(5,400,6,0,0.5,0)	5	400	6	0	INC_SM_BORD_0.719_80	FEASIBLE	9.649828810982163	9.709213919215777	1801.234	-1	3	244
HRC_calib_step_400:MyLog	R(2,400,6,0,0.5,0)	2	400	6	0	INC_SM_BORD_0.2_40	FEASIBLE	3.560352633255015	3.81335507693954	1813.308	-1	3	122
HRC_calib_step_400:MyLog	R(3,400,6,0,0.5,0)	3	400	6	0	INC_SM_BORD_0.391_40	FEASIBLE	5.848062619127997	6.483029990652163	1825.722	-1	2	103
HRC_calib_step_400:MyLog	R(5,400,6,0,0.5,0)	5	400	6	0	INC_SM_BORD_0.719_40	FEASIBLE	9.674827556565882	9.699676727197048	1800.312	-1	5	165
HRC_calib_step_400:MyLog	R(2,400,6,0,0.5,0)	2	400	6	0	INC_SM_BORD_0.2_20	FEASIBLE	3.6941026260853342	3.8048765372018205	1800.753	-1	5	114
HRC_calib_step_400:MyLog	R(3,400,6,0,0.5,0)	3	400	6	0	INC_SM_BORD_0.391_20	FEASIBLE	6.023742270508027	6.483029990652163	1801.076	-1	3	80
HRC_calib_step_400:MyLog	R(5,400,6,0,0.5,0)	5	400	6	0	INC_SM_BORD_0.719_20	FEASIBLE	6.219719033799931	9.793401822122764	1815.154	-1	5	120
HRC_calib_step_400:MyLog	R(2,400,6,0,0.5,1)	2	400	6	0	INC_SM_ECC_MAX_0.2_80	OPTIMAL	4.077332331386243	4.077739777569727	339.148	-1	4	176
HRC_calib_step_400:MyLog	R(3,400,6,0,0.5,1)	3	400	6	0	INC_SM_ECC_MAX_0.391_80	FEASIBLE	5.440886534909292	5.787812174454888	1804.208	-1	1	86
HRC_calib_step_400:MyLog	R(5,400,6,0,0.5,1)	5	400	6	0	INC_SM_ECC_MAX_0.719_80	FEASIBLE	7.462049167813181	9.92743032945047	1805.367	-1	1	108
HRC_calib_step_400:MyLog	R(2,400,6,0,0.5,1)	2	400	6	0	INC_SM_ECC_MAX_0.2_40	FEASIBLE	3.7358489299964526	4.083920859261105	1800.265	-1	3	148
HRC_calib_step_400:MyLog	R(3,400,6,0,0.5,1)	3	400	6	0	INC_SM_ECC_MAX_0.391_40	FEASIBLE	5.209732201620118	5.792751275547353	1800.664	-1	2	115
HRC_calib_step_400:MyLog	R(5,400,6,0,0.5,1)	5	400	6	0	INC_SM_ECC_MAX_0.719_40	FEASIBLE	9.254450053131135	9.95256403036123	1800.403	-1	1	80
HRC_calib_step_400:MyLog	R(2,400,6,0,0.5,1)	2	400	6	0	INC_SM_ECC_MAX_0.2_20	FEASIBLE	3.7108622437753724	4.283585704946015	1800.97	-1	4	100
HRC_calib_step_400:MyLog	R(3,400,6,0,0.5,1)	3	400	6	0	INC_SM_ECC_MAX_0.391_20	FEASIBLE	5.3734834197445025	5.776712302182049	1808.17	-1	3	80
HRC_calib_step_400:MyLog	R(5,400,6,0,0.5,1)	5	400	6	0	INC_SM_ECC_MAX_0.719_20	FEASIBLE	9.304129581112266	9.934737233643407	1815.389	-1	3	80
HRC_calib_step_400:MyLog	R(2,400,6,0,0.5,1)	2	400	6	0	INC_SM_DIST_MAX_0.2_80	FEASIBLE	3.9846892031250674	4.237303899127856	1812.889	-1	2	145
HRC_calib_step_400:MyLog	R(3,400,6,0,0.5,1)	3	400	6	0	INC_SM_DIST_MAX_0.391_80	FEASIBLE	5.473085315749287	5.820553327982849	1800.418	-1	1	131
HRC_calib_step_400:MyLog	R(5,400,6,0,0.5,1)	5	400	6	0	INC_SM_DIST_MAX_0.719_80	FEASIBLE	7.536473413334791	9.90049747661703	1805.689	-1	1	123
HRC_calib_step_400:MyLog	R(2,400,6,0,0.5,1)	2	400	6	0	INC_SM_DIST_MAX_0.2_40	FEASIBLE	3.799974705121682	4.211612024828131	1810.95	-1	3	160
HRC_calib_step_400:MyLog	R(3,400,6,0,0.5,1)	3	400	6	0	INC_SM_DIST_MAX_0.391_40	FEASIBLE	5.587515340950014	5.75670771663197	1800.309	-1	4	149
HRC_calib_step_400:MyLog	R(5,400,6,0,0.5,1)	5	400	6	0	INC_SM_DIST_MAX_0.719_40	FEASIBLE	9.244382909808373	9.95256403036123	1800.448	-1	1	80
HRC_calib_step_400:MyLog	R(2,400,6,0,0.5,1)	2	400	6	0	INC_SM_DIST_MAX_0.2_20	FEASIBLE	3.8490341774224373	4.172855865372867	1810.22	-1	5	120
HRC_calib_step_400:MyLog	R(3,400,6,0,0.5,1)	3	400	6	0	INC_SM_DIST_MAX_0.391_20	FEASIBLE	5.411364971015844	5.763955259299379	1800.344	-1	4	100
HRC_calib_step_400:MyLog	R(5,400,6,0,0.5,1)	5	400	6	0	INC_SM_DIST_MAX_0.719_20	FEASIBLE	9.304129581112266	9.934737233643407	1817.268	-1	3	80
HRC_calib_step_400:MyLog	R(2,400,6,0,0.5,1)	2	400	6	0	INC_SM_BORD_0.2_80	FEASIBLE	3.040652428414808	4.360847247359665	1804.497	-1	2	240
HRC_calib_step_400:MyLog	R(3,400,6,0,0.5,1)	3	400	6	0	INC_SM_BORD_0.391_80	FEASIBLE	5.211315726516426	5.818794505455074	1809.17	-1	1	115
HRC_calib_step_400:MyLog	R(5,400,6,0,0.5,1)	5	400	6	0	INC_SM_BORD_0.719_80	FEASIBLE	7.751651982362801	9.92743032945047	1808.844	-1	2	200
HRC_calib_step_400:MyLog	R(2,400,6,0,0.5,1)	2	400	6	0	INC_SM_BORD_0.2_40	FEASIBLE	3.085070734188213	4.113495531095161	1810.585	-1	3	149
HRC_calib_step_400:MyLog	R(3,400,6,0,0.5,1)	3	400	6	0	INC_SM_BORD_0.391_40	FEASIBLE	5.502481425251326	5.820553327982849	1800.328	-1	2	104
HRC_calib_step_400:MyLog	R(5,400,6,0,0.5,1)	5	400	6	0	INC_SM_BORD_0.719_40	FEASIBLE	9.749193918141305	9.90500960567637	1800.107	-1	5	192
HRC_calib_step_400:MyLog	R(2,400,6,0,0.5,1)	2	400	6	0	INC_SM_BORD_0.2_20	FEASIBLE	3.7262374477559237	4.12948987346063	1813.464	-1	6	138
HRC_calib_step_400:MyLog	R(3,400,6,0,0.5,1)	3	400	6	0	INC_SM_BORD_0.391_20	FEASIBLE	5.6715558306021885	5.775071107413444	1800.825	-1	4	77
HRC_calib_step_400:MyLog	R(5,400,6,0,0.5,1)	5	400	6	0	INC_SM_BORD_0.719_20	FEASIBLE	7.828477603620326	9.95256403036123	1800.504	-1	4	100
HRC_calib_step_400:MyLog	R(2,400,6,0,0.5,2)	2	400	6	0	INC_SM_ECC_MAX_0.2_80	FEASIBLE	3.724784912789704	3.7709087897214766	1800.412	-1	2	95
HRC_calib_step_400:MyLog	R(3,400,6,0,0.5,2)	3	400	6	0	INC_SM_ECC_MAX_0.391_80	FEASIBLE	5.879209818325899	5.9670173450128035	1801.018	-1	3	129
HRC_calib_step_400:MyLog	R(5,400,6,0,0.5,2)	5	400	6	0	INC_SM_ECC_MAX_0.719_80	FEASIBLE	9.363514278412268	11.129005688471644	1826.644	-1	1	144
HRC_calib_step_400:MyLog	R(2,400,6,0,0.5,2)	2	400	6	0	INC_SM_ECC_MAX_0.2_40	FEASIBLE	3.5734510375200426	3.8136791725495685	1800.715	-1	3	136
HRC_calib_step_400:MyLog	R(3,400,6,0,0.5,2)	3	400	6	0	INC_SM_ECC_MAX_0.391_40	FEASIBLE	5.8093587381737315	5.97400924360253	1801.047	-1	3	148
HRC_calib_step_400:MyLog	R(5,400,6,0,0.5,2)	5	400	6	0	INC_SM_ECC_MAX_0.719_40	FEASIBLE	10.253933819150312	11.130055353847167	1810.904	-1	2	120
HRC_calib_step_400:MyLog	R(2,400,6,0,0.5,2)	2	400	6	0	INC_SM_ECC_MAX_0.2_20	FEASIBLE	3.6108349025420696	3.784072189956182	1800.796	-1	5	115
HRC_calib_step_400:MyLog	R(3,400,6,0,0.5,2)	3	400	6	0	INC_SM_ECC_MAX_0.391_20	FEASIBLE	5.790912079988212	5.976004854606071	1800.399	-1	4	100
HRC_calib_step_400:MyLog	R(5,400,6,0,0.5,2)	5	400	6	0	INC_SM_ECC_MAX_0.719_20	FEASIBLE	10.253929591536096	11.130055353847167	1807.855	-1	3	80
HRC_calib_step_400:MyLog	R(2,400,6,0,0.5,2)	2	400	6	0	INC_SM_DIST_MAX_0.2_80	FEASIBLE	3.763819008404769	3.7709087897214757	1800.149	-1	4	114
HRC_calib_step_400:MyLog	R(3,400,6,0,0.5,2)	3	400	6	0	INC_SM_DIST_MAX_0.391_80	FEASIBLE	5.7832060123037206	6.015980650460893	1800.233	-1	2	145
HRC_calib_step_400:MyLog	R(5,400,6,0,0.5,2)	5	400	6	0	INC_SM_DIST_MAX_0.719_80	FEASIBLE	8.786118787320277	11.131672815380036	1811.508	-1	1	114
HRC_calib_step_400:MyLog	R(2,400,6,0,0.5,2)	2	400	6	0	INC_SM_DIST_MAX_0.2_40	FEASIBLE	3.7443897557969024	3.793296077354303	1807.693	-1	6	204
HRC_calib_step_400:MyLog	R(3,400,6,0,0.5,2)	3	400	6	0	INC_SM_DIST_MAX_0.391_40	FEASIBLE	5.65610147781584	5.976741449654286	1800.707	-1	3	134
HRC_calib_step_400:MyLog	R(5,400,6,0,0.5,2)	5	400	6	0	INC_SM_DIST_MAX_0.719_40	FEASIBLE	10.253933819150312	11.130055353847167	1811.403	-1	2	120
HRC_calib_step_400:MyLog	R(2,400,6,0,0.5,2)	2	400	6	0	INC_SM_DIST_MAX_0.2_20	FEASIBLE	3.7362557218583263	3.770908789721477	1800.919	-1	8	134
HRC_calib_step_400:MyLog	R(3,400,6,0,0.5,2)	3	400	6	0	INC_SM_DIST_MAX_0.391_20	FEASIBLE	5.775707379736796	6.013890870628245	1800.702	-1	5	112
HRC_calib_step_400:MyLog	R(5,400,6,0,0.5,2)	5	400	6	0	INC_SM_DIST_MAX_0.719_20	FEASIBLE	10.253929591536096	11.130055353847167	1800.5	-1	3	80
HRC_calib_step_400:MyLog	R(2,400,6,0,0.5,2)	2	400	6	0	INC_SM_BORD_0.2_80	FEASIBLE	3.3462878946651933	3.770908789721477	1805.962	-1	2	160
HRC_calib_step_400:MyLog	R(3,400,6,0,0.5,2)	3	400	6	0	INC_SM_BORD_0.391_80	FEASIBLE	5.554240338042816	5.977446898761161	1801.018	-1	2	168
HRC_calib_step_400:MyLog	R(5,400,6,0,0.5,2)	5	400	6	0	INC_SM_BORD_0.719_80	FEASIBLE	8.695091295508652	11.132892670497197	1800.899	-1	3	309
HRC_calib_step_400:MyLog	R(2,400,6,0,0.5,2)	2	400	6	0	INC_SM_BORD_0.2_40	FEASIBLE	3.6129229052974448	3.812566175068166	1800.755	-1	3	153
HRC_calib_step_400:MyLog	R(3,400,6,0,0.5,2)	3	400	6	0	INC_SM_BORD_0.391_40	FEASIBLE	5.897995136896954	5.972063499014979	1800.226	-1	3	93
HRC_calib_step_400:MyLog	R(5,400,6,0,0.5,2)	5	400	6	0	INC_SM_BORD_0.719_40	FEASIBLE	8.276220917813776	11.132892670497197	1800.401	-1	4	200
HRC_calib_step_400:MyLog	R(2,400,6,0,0.5,2)	2	400	6	0	INC_SM_BORD_0.2_20	FEASIBLE	3.6691873131328663	3.7874058699349624	1800.821	-1	6	140
HRC_calib_step_400:MyLog	R(3,400,6,0,0.5,2)	3	400	6	0	INC_SM_BORD_0.391_20	FEASIBLE	5.836506140257678	6.060050901701837	1800.349	-1	4	100
HRC_calib_step_400:MyLog	R(5,400,6,0,0.5,2)	5	400	6	0	INC_SM_BORD_0.719_20	FEASIBLE	4.530729336017907	11.139769469147984	1800.909	-1	3	80
HRC_calib_step_400:MyLog	R(2,400,6,0,0.5,3)	2	400	6	0	INC_SM_ECC_MAX_0.2_80	OPTIMAL	3.936267951056061	3.936660904161162	722.207	-1	3	98
HRC_calib_step_400:MyLog	R(3,400,6,0,0.5,3)	3	400	6	0	INC_SM_ECC_MAX_0.391_80	FEASIBLE	5.460928159732449	5.972557127856668	1800.408	-1	1	95
HRC_calib_step_400:MyLog	R(5,400,6,0,0.5,3)	5	400	6	0	INC_SM_ECC_MAX_0.719_80	FEASIBLE	8.232782551562748	9.684351819551425	1811.883	-1	1	108
HRC_calib_step_400:MyLog	R(2,400,6,0,0.5,3)	2	400	6	0	INC_SM_ECC_MAX_0.2_40	FEASIBLE	3.781969249620136	3.995804766629119	1800.395	-1	4	179
HRC_calib_step_400:MyLog	R(3,400,6,0,0.5,3)	3	400	6	0	INC_SM_ECC_MAX_0.391_40	FEASIBLE	5.674508724841758	5.995702634133603	1800.465	-1	2	107
HRC_calib_step_400:MyLog	R(5,400,6,0,0.5,3)	5	400	6	0	INC_SM_ECC_MAX_0.719_40	FEASIBLE	8.213270778827221	9.68558124620685	1804.27	-1	1	80
HRC_calib_step_400:MyLog	R(2,400,6,0,0.5,3)	2	400	6	0	INC_SM_ECC_MAX_0.2_20	FEASIBLE	3.8506112204538505	3.9373492979231868	1800.232	-1	5	103
HRC_calib_step_400:MyLog	R(3,400,6,0,0.5,3)	3	400	6	0	INC_SM_ECC_MAX_0.391_20	OPTIMAL	5.950306433263578	5.950899075706109	615.948	-1	6	100
HRC_calib_step_400:MyLog	R(5,400,6,0,0.5,3)	5	400	6	0	INC_SM_ECC_MAX_0.719_20	FEASIBLE	9.288150480806268	9.694079841918823	1801.041	-1	4	100
HRC_calib_step_400:MyLog	R(2,400,6,0,0.5,3)	2	400	6	0	INC_SM_DIST_MAX_0.2_80	FEASIBLE	3.8701338560961056	3.949368931556066	1800.946	-1	3	135
HRC_calib_step_400:MyLog	R(3,400,6,0,0.5,3)	3	400	6	0	INC_SM_DIST_MAX_0.391_80	FEASIBLE	5.917133709343427	5.992121106046099	1800.999	-1	3	117
HRC_calib_step_400:MyLog	R(5,400,6,0,0.5,3)	5	400	6	0	INC_SM_DIST_MAX_0.719_80	FEASIBLE	7.888113764379841	9.689022650099218	1806.342	-1	1	116
HRC_calib_step_400:MyLog	R(2,400,6,0,0.5,3)	2	400	6	0	INC_SM_DIST_MAX_0.2_40	FEASIBLE	3.9321266575498646	3.9366609041611635	1804.973	-1	5	164
HRC_calib_step_400:MyLog	R(3,400,6,0,0.5,3)	3	400	6	0	INC_SM_DIST_MAX_0.391_40	FEASIBLE	5.672623667497101	5.984329103489585	1800.58	-1	2	120
HRC_calib_step_400:MyLog	R(5,400,6,0,0.5,3)	5	400	6	0	INC_SM_DIST_MAX_0.719_40	FEASIBLE	8.221105288381834	9.71808098010965	1810.82	-1	1	80
HRC_calib_step_400:MyLog	R(2,400,6,0,0.5,3)	2	400	6	0	INC_SM_DIST_MAX_0.2_20	FEASIBLE	3.8927388725136214	3.946553942910385	1800.633	-1	6	113
HRC_calib_step_400:MyLog	R(3,400,6,0,0.5,3)	3	400	6	0	INC_SM_DIST_MAX_0.391_20	FEASIBLE	5.91500047751475	5.972862007846908	1800.648	-1	5	114
HRC_calib_step_400:MyLog	R(5,400,6,0,0.5,3)	5	400	6	0	INC_SM_DIST_MAX_0.719_20	FEASIBLE	9.03306636448472	9.698248132895419	1814.907	-1	3	80
HRC_calib_step_400:MyLog	R(2,400,6,0,0.5,3)	2	400	6	0	INC_SM_BORD_0.2_80	OPTIMAL	3.936268035833753	3.9366609041611635	400.778	-1	2	160
HRC_calib_step_400:MyLog	R(3,400,6,0,0.5,3)	3	400	6	0	INC_SM_BORD_0.391_80	FEASIBLE	5.8836761525959576	5.950899075706108	1800.128	-1	3	166
HRC_calib_step_400:MyLog	R(5,400,6,0,0.5,3)	5	400	6	0	INC_SM_BORD_0.719_80	FEASIBLE	7.36831137420149	9.685059999443668	1805.816	-1	2	188
HRC_calib_step_400:MyLog	R(2,400,6,0,0.5,3)	2	400	6	0	INC_SM_BORD_0.2_40	OPTIMAL	3.9362816209913896	3.9366609041611635	79.817	-1	4	150
HRC_calib_step_400:MyLog	R(3,400,6,0,0.5,3)	3	400	6	0	INC_SM_BORD_0.391_40	FEASIBLE	5.728573433979123	6.0021750272360475	1812.733	-1	3	134
HRC_calib_step_400:MyLog	R(5,400,6,0,0.5,3)	5	400	6	0	INC_SM_BORD_0.719_40	FEASIBLE	9.281667449779853	9.649092077267031	1800.669	-1	5	216
HRC_calib_step_400:MyLog	R(2,400,6,0,0.5,3)	2	400	6	0	INC_SM_BORD_0.2_20	FEASIBLE	3.7606580990303504	3.9852922295329716	1813.115	-1	5	104
HRC_calib_step_400:MyLog	R(3,400,6,0,0.5,3)	3	400	6	0	INC_SM_BORD_0.391_20	FEASIBLE	5.808824123273043	5.950899075706109	1800.272	-1	5	101
HRC_calib_step_400:MyLog	R(5,400,6,0,0.5,3)	5	400	6	0	INC_SM_BORD_0.719_20	FEASIBLE	7.6727047842201905	9.719606575800988	1800.71	-1	5	120
HRC_calib_step_400:MyLog	R(2,400,6,0,0.5,4)	2	400	6	0	INC_SM_ECC_MAX_0.2_80	FEASIBLE	4.346398718733826	4.430478131123628	1800.799	-1	3	119
HRC_calib_step_400:MyLog	R(3,400,6,0,0.5,4)	3	400	6	0	INC_SM_ECC_MAX_0.391_80	FEASIBLE	5.5759497391040975	6.474844991615195	1816.839	-1	1	113
HRC_calib_step_400:MyLog	R(5,400,6,0,0.5,4)	5	400	6	0	INC_SM_ECC_MAX_0.719_80	FEASIBLE	9.159521452038865	10.008311611717225	1800.423	-1	1	142
HRC_calib_step_400:MyLog	R(2,400,6,0,0.5,4)	2	400	6	0	INC_SM_ECC_MAX_0.2_40	FEASIBLE	4.387835070464073	4.409154484686355	1800.932	-1	3	82
HRC_calib_step_400:MyLog	R(3,400,6,0,0.5,4)	3	400	6	0	INC_SM_ECC_MAX_0.391_40	FEASIBLE	6.1019707805913725	6.500184813259141	1800.611	-1	2	120
HRC_calib_step_400:MyLog	R(5,400,6,0,0.5,4)	5	400	6	0	INC_SM_ECC_MAX_0.719_40	FEASIBLE	9.305772399583866	9.993554089373692	1800.624	-1	2	117
HRC_calib_step_400:MyLog	R(2,400,6,0,0.5,4)	2	400	6	0	INC_SM_ECC_MAX_0.2_20	FEASIBLE	4.402746568765307	4.409154484686355	1801.218	-1	5	80
HRC_calib_step_400:MyLog	R(3,400,6,0,0.5,4)	3	400	6	0	INC_SM_ECC_MAX_0.391_20	FEASIBLE	6.122559334240125	6.470845233872851	1800.654	-1	4	86
HRC_calib_step_400:MyLog	R(5,400,6,0,0.5,4)	5	400	6	0	INC_SM_ECC_MAX_0.719_20	FEASIBLE	9.31544177220062	9.993554089373692	1805.292	-1	3	80
HRC_calib_step_400:MyLog	R(2,400,6,0,0.5,4)	2	400	6	0	INC_SM_DIST_MAX_0.2_80	FEASIBLE	4.350181052848148	4.435835656714471	1800.753	-1	2	116
HRC_calib_step_400:MyLog	R(3,400,6,0,0.5,4)	3	400	6	0	INC_SM_DIST_MAX_0.391_80	FEASIBLE	6.272913318434486	6.524362496898576	1813.079	-1	2	131
HRC_calib_step_400:MyLog	R(5,400,6,0,0.5,4)	5	400	6	0	INC_SM_DIST_MAX_0.719_80	FEASIBLE	8.970690169945	10.030139216476705	1800.22	-1	1	128
HRC_calib_step_400:MyLog	R(2,400,6,0,0.5,4)	2	400	6	0	INC_SM_DIST_MAX_0.2_40	FEASIBLE	4.2358135531695496	4.435283995911506	1800.85	-1	4	156
HRC_calib_step_400:MyLog	R(3,400,6,0,0.5,4)	3	400	6	0	INC_SM_DIST_MAX_0.391_40	OPTIMAL	6.457164927459843	6.45781032129563	1272.346	-1	4	159
HRC_calib_step_400:MyLog	R(5,400,6,0,0.5,4)	5	400	6	0	INC_SM_DIST_MAX_0.719_40	FEASIBLE	9.305772399583866	9.993554089373692	1800.259	-1	2	117
HRC_calib_step_400:MyLog	R(2,400,6,0,0.5,4)	2	400	6	0	INC_SM_DIST_MAX_0.2_20	FEASIBLE	4.408713571901532	4.409154484686356	1800.681	-1	6	85
HRC_calib_step_400:MyLog	R(3,400,6,0,0.5,4)	3	400	6	0	INC_SM_DIST_MAX_0.391_20	FEASIBLE	5.903018003732588	6.53477681527809	1800.75	-1	3	80
HRC_calib_step_400:MyLog	R(5,400,6,0,0.5,4)	5	400	6	0	INC_SM_DIST_MAX_0.719_20	FEASIBLE	9.600947208843609	9.987929675063718	1800.447	-1	4	99
HRC_calib_step_400:MyLog	R(2,400,6,0,0.5,4)	2	400	6	0	INC_SM_BORD_0.2_80	FEASIBLE	4.13927084121937	4.430478131123628	1804.949	-1	2	160
HRC_calib_step_400:MyLog	R(3,400,6,0,0.5,4)	3	400	6	0	INC_SM_BORD_0.391_80	OPTIMAL	6.457170902849615	6.45781032129563	982.244	-1	3	178
HRC_calib_step_400:MyLog	R(5,400,6,0,0.5,4)	5	400	6	0	INC_SM_BORD_0.719_80	FEASIBLE	7.865498621951053	10.040187898908606	1806.593	-1	2	240
HRC_calib_step_400:MyLog	R(2,400,6,0,0.5,4)	2	400	6	0	INC_SM_BORD_0.2_40	FEASIBLE	4.3458975974638685	4.436880442194623	1800.375	-1	3	150
HRC_calib_step_400:MyLog	R(3,400,6,0,0.5,4)	3	400	6	0	INC_SM_BORD_0.391_40	FEASIBLE	5.363837410940251	6.472122578574903	1811.326	-1	3	129
HRC_calib_step_400:MyLog	R(5,400,6,0,0.5,4)	5	400	6	0	INC_SM_BORD_0.719_40	FEASIBLE	8.204930801990145	10.040187898908606	1808.046	-1	3	160
HRC_calib_step_400:MyLog	R(2,400,6,0,0.5,4)	2	400	6	0	INC_SM_BORD_0.2_20	FEASIBLE	4.402674532599038	4.409154484686355	1800.337	-1	5	92
HRC_calib_step_400:MyLog	R(3,400,6,0,0.5,4)	3	400	6	0	INC_SM_BORD_0.391_20	FEASIBLE	5.377173436333842	6.47338088023757	1812.242	-1	5	102
HRC_calib_step_400:MyLog	R(5,400,6,0,0.5,4)	5	400	6	0	INC_SM_BORD_0.719_20	FEASIBLE	8.548485371057453	10.040187898908606	1800.999	-1	5	120
HRC_calib_step_sum_400:MyLog	R(2,400,4,0,0.5,0)	2	400	4	0	INC_SM_ECC_SUM_0.2_80	OPTIMAL	2.800071778668311	2.800071778668311	1.398	-1	1	80
HRC_calib_step_sum_400:MyLog	R(3,400,4,0,0.5,0)	3	400	4	0	INC_SM_ECC_SUM_0.391_80	OPTIMAL	5.399942350246661	5.4004185004002885	12.104	-1	2	95
HRC_calib_step_sum_400:MyLog	R(5,400,4,0,0.5,0)	5	400	4	0	INC_SM_ECC_SUM_0.719_80	OPTIMAL	8.510711076796131	8.511561645794378	86.313	-1	3	103
HRC_calib_step_sum_400:MyLog	R(2,400,4,0,0.5,0)	2	400	4	0	INC_SM_ECC_SUM_0.2_40	OPTIMAL	2.800071778668311	2.800071778668311	1.366	-1	2	50
HRC_calib_step_sum_400:MyLog	R(3,400,4,0,0.5,0)	3	400	4	0	INC_SM_ECC_SUM_0.391_40	OPTIMAL	5.399891932414447	5.4004185004002885	39.168	-1	5	130
HRC_calib_step_sum_400:MyLog	R(5,400,4,0,0.5,0)	5	400	4	0	INC_SM_ECC_SUM_0.719_40	OPTIMAL	8.510717703825307	8.511561645794378	80.09	-1	4	95
HRC_calib_step_sum_400:MyLog	R(2,400,4,0,0.5,0)	2	400	4	0	INC_SM_ECC_SUM_0.2_20	OPTIMAL	2.7999312834794896	2.800071778668311	3.502	-1	5	70
HRC_calib_step_sum_400:MyLog	R(3,400,4,0,0.5,0)	3	400	4	0	INC_SM_ECC_SUM_0.391_20	OPTIMAL	5.399984749850109	5.4004185004002885	11.122	-1	5	72
HRC_calib_step_sum_400:MyLog	R(5,400,4,0,0.5,0)	5	400	4	0	INC_SM_ECC_SUM_0.719_20	OPTIMAL	8.510717831299615	8.511561645794378	54.838	-1	5	93
HRC_calib_step_sum_400:MyLog	R(2,400,4,0,0.5,0)	2	400	4	0	INC_SM_DIST_SUM_0.2_80	OPTIMAL	2.800071778668311	2.800071778668311	2.069	-1	2	88
HRC_calib_step_sum_400:MyLog	R(3,400,4,0,0.5,0)	3	400	4	0	INC_SM_DIST_SUM_0.391_80	OPTIMAL	5.399899802490045	5.4004185004002885	40.672	-1	5	104
HRC_calib_step_sum_400:MyLog	R(5,400,4,0,0.5,0)	5	400	4	0	INC_SM_DIST_SUM_0.719_80	OPTIMAL	8.51071572577826	8.511561645794378	192.746	-1	5	128
HRC_calib_step_sum_400:MyLog	R(2,400,4,0,0.5,0)	2	400	4	0	INC_SM_DIST_SUM_0.2_40	OPTIMAL	2.800071778668311	2.800071778668311	2.348	-1	4	53
HRC_calib_step_sum_400:MyLog	R(3,400,4,0,0.5,0)	3	400	4	0	INC_SM_DIST_SUM_0.391_40	OPTIMAL	5.400035185065581	5.4004185004002885	50.51	-1	7	141
HRC_calib_step_sum_400:MyLog	R(5,400,4,0,0.5,0)	5	400	4	0	INC_SM_DIST_SUM_0.719_40	OPTIMAL	8.510715020952437	8.511561645794378	119.94	-1	5	111
HRC_calib_step_sum_400:MyLog	R(2,400,4,0,0.5,0)	2	400	4	0	INC_SM_DIST_SUM_0.2_20	OPTIMAL	2.800035746016095	2.800071778668311	3.712	-1	6	74
HRC_calib_step_sum_400:MyLog	R(3,400,4,0,0.5,0)	3	400	4	0	INC_SM_DIST_SUM_0.391_20	OPTIMAL	5.399883948405746	5.4004185004002885	41.346	-1	9	108
HRC_calib_step_sum_400:MyLog	R(5,400,4,0,0.5,0)	5	400	4	0	INC_SM_DIST_SUM_0.719_20	OPTIMAL	8.510726062069901	8.511561645794378	100.716	-1	7	94
HRC_calib_step_sum_400:MyLog	R(2,400,4,0,0.5,1)	2	400	4	0	INC_SM_ECC_SUM_0.2_80	OPTIMAL	3.953328433469016	3.9533284334690157	2.052	-1	2	82
HRC_calib_step_sum_400:MyLog	R(3,400,4,0,0.5,1)	3	400	4	0	INC_SM_ECC_SUM_0.391_80	OPTIMAL	5.1086261115517875	5.1086261115517875	2.928	-1	2	92
HRC_calib_step_sum_400:MyLog	R(5,400,4,0,0.5,1)	5	400	4	0	INC_SM_ECC_SUM_0.719_80	OPTIMAL	8.514590178944637	8.515430717056724	88.8	-1	5	130
HRC_calib_step_sum_400:MyLog	R(2,400,4,0,0.5,1)	2	400	4	0	INC_SM_ECC_SUM_0.2_40	OPTIMAL	3.953328433469016	3.9533284334690157	1.289	-1	2	70
HRC_calib_step_sum_400:MyLog	R(3,400,4,0,0.5,1)	3	400	4	0	INC_SM_ECC_SUM_0.391_40	OPTIMAL	5.1086261115517875	5.1086261115517875	4.746	-1	5	70
HRC_calib_step_sum_400:MyLog	R(5,400,4,0,0.5,1)	5	400	4	0	INC_SM_ECC_SUM_0.719_40	OPTIMAL	8.514619955481447	8.515430717056724	130.054	-1	8	138
HRC_calib_step_sum_400:MyLog	R(2,400,4,0,0.5,1)	2	400	4	0	INC_SM_ECC_SUM_0.2_20	OPTIMAL	3.953305376992832	3.9533284334690157	1.413	-1	3	60
HRC_calib_step_sum_400:MyLog	R(3,400,4,0,0.5,1)	3	400	4	0	INC_SM_ECC_SUM_0.391_20	OPTIMAL	5.108150253095931	5.1086261115517875	5.739	-1	7	75
HRC_calib_step_sum_400:MyLog	R(5,400,4,0,0.5,1)	5	400	4	0	INC_SM_ECC_SUM_0.719_20	OPTIMAL	8.51460831522201	8.515430717056724	142.204	-1	11	132
HRC_calib_step_sum_400:MyLog	R(2,400,4,0,0.5,1)	2	400	4	0	INC_SM_DIST_SUM_0.2_80	OPTIMAL	3.9533284334690135	3.9533284334690157	1.11	-1	1	80
HRC_calib_step_sum_400:MyLog	R(3,400,4,0,0.5,1)	3	400	4	0	INC_SM_DIST_SUM_0.391_80	OPTIMAL	5.108626111551788	5.1086261115517875	5.121	-1	4	94
HRC_calib_step_sum_400:MyLog	R(5,400,4,0,0.5,1)	5	400	4	0	INC_SM_DIST_SUM_0.719_80	OPTIMAL	8.51460817876268	8.515430717056724	142.801	-1	8	132
HRC_calib_step_sum_400:MyLog	R(2,400,4,0,0.5,1)	2	400	4	0	INC_SM_DIST_SUM_0.2_40	OPTIMAL	3.9533284334690144	3.9533284334690157	0.603	-1	1	40
HRC_calib_step_sum_400:MyLog	R(3,400,4,0,0.5,1)	3	400	4	0	INC_SM_DIST_SUM_0.391_40	OPTIMAL	5.108626111551788	5.1086261115517875	10.607	-1	7	117
HRC_calib_step_sum_400:MyLog	R(5,400,4,0,0.5,1)	5	400	4	0	INC_SM_DIST_SUM_0.719_40	OPTIMAL	8.514582563787929	8.515430717056724	114.449	-1	7	169
HRC_calib_step_sum_400:MyLog	R(2,400,4,0,0.5,1)	2	400	4	0	INC_SM_DIST_SUM_0.2_20	OPTIMAL	3.9533284334690135	3.9533284334690157	1.424	-1	3	60
HRC_calib_step_sum_400:MyLog	R(3,400,4,0,0.5,1)	3	400	4	0	INC_SM_DIST_SUM_0.391_20	OPTIMAL	5.108626111551788	5.1086261115517875	12.668	-1	9	121
HRC_calib_step_sum_400:MyLog	R(5,400,4,0,0.5,1)	5	400	4	0	INC_SM_DIST_SUM_0.719_20	OPTIMAL	8.514666913887801	8.515430717056724	119.524	-1	10	125
HRC_calib_step_sum_400:MyLog	R(2,400,4,0,0.5,2)	2	400	4	0	INC_SM_ECC_SUM_0.2_80	OPTIMAL	2.8546837652400354	2.8546837652400354	2.691	-1	2	113
HRC_calib_step_sum_400:MyLog	R(3,400,4,0,0.5,2)	3	400	4	0	INC_SM_ECC_SUM_0.391_80	OPTIMAL	5.696380074128204	5.696803040996661	17.695	-1	3	93
HRC_calib_step_sum_400:MyLog	R(5,400,4,0,0.5,2)	5	400	4	0	INC_SM_ECC_SUM_0.719_80	OPTIMAL	9.816878173572306	9.817497667770587	7.549	-1	2	134
HRC_calib_step_sum_400:MyLog	R(2,400,4,0,0.5,2)	2	400	4	0	INC_SM_ECC_SUM_0.2_40	OPTIMAL	2.85445964523171	2.8546837652400354	8.502	-1	5	145
HRC_calib_step_sum_400:MyLog	R(3,400,4,0,0.5,2)	3	400	4	0	INC_SM_ECC_SUM_0.391_40	OPTIMAL	5.696266153072132	5.696803040996661	25.662	-1	5	101
HRC_calib_step_sum_400:MyLog	R(5,400,4,0,0.5,2)	5	400	4	0	INC_SM_ECC_SUM_0.719_40	OPTIMAL	9.816921252070784	9.817497667770587	5.498	-1	3	108
HRC_calib_step_sum_400:MyLog	R(2,400,4,0,0.5,2)	2	400	4	0	INC_SM_ECC_SUM_0.2_20	OPTIMAL	2.8545013700518163	2.8546837652400354	5.045	-1	6	102
HRC_calib_step_sum_400:MyLog	R(3,400,4,0,0.5,2)	3	400	4	0	INC_SM_ECC_SUM_0.391_20	OPTIMAL	5.696377781244977	5.696803040996661	13.785	-1	6	69
HRC_calib_step_sum_400:MyLog	R(5,400,4,0,0.5,2)	5	400	4	0	INC_SM_ECC_SUM_0.719_20	OPTIMAL	9.816537667008449	9.817497667770587	8.926	-1	6	101
HRC_calib_step_sum_400:MyLog	R(2,400,4,0,0.5,2)	2	400	4	0	INC_SM_DIST_SUM_0.2_80	OPTIMAL	2.8545166734077188	2.8546837652400354	1.406	-1	1	80
HRC_calib_step_sum_400:MyLog	R(3,400,4,0,0.5,2)	3	400	4	0	INC_SM_DIST_SUM_0.391_80	OPTIMAL	5.69624540250434	5.696803040996661	18.826	-1	3	84
HRC_calib_step_sum_400:MyLog	R(5,400,4,0,0.5,2)	5	400	4	0	INC_SM_DIST_SUM_0.719_80	OPTIMAL	9.816703798033153	9.817497667770587	2.165	-1	1	80
HRC_calib_step_sum_400:MyLog	R(2,400,4,0,0.5,2)	2	400	4	0	INC_SM_DIST_SUM_0.2_40	OPTIMAL	2.854476981516724	2.8546837652400345	3.926	-1	4	85
HRC_calib_step_sum_400:MyLog	R(3,400,4,0,0.5,2)	3	400	4	0	INC_SM_DIST_SUM_0.391_40	OPTIMAL	5.69632135954897	5.696803040996661	32.667	-1	5	134
HRC_calib_step_sum_400:MyLog	R(5,400,4,0,0.5,2)	5	400	4	0	INC_SM_DIST_SUM_0.719_40	OPTIMAL	9.816522039547369	9.817497667770587	2.248	-1	2	56
HRC_calib_step_sum_400:MyLog	R(2,400,4,0,0.5,2)	2	400	4	0	INC_SM_DIST_SUM_0.2_20	OPTIMAL	2.854496904698909	2.8546837652400354	6.849	-1	7	108
HRC_calib_step_sum_400:MyLog	R(3,400,4,0,0.5,2)	3	400	4	0	INC_SM_DIST_SUM_0.391_20	OPTIMAL	5.696236730316985	5.696803040996661	19.438	-1	6	97
HRC_calib_step_sum_400:MyLog	R(5,400,4,0,0.5,2)	5	400	4	0	INC_SM_DIST_SUM_0.719_20	OPTIMAL	9.817497667770585	9.817497667770587	2.403	-1	3	56
HRC_calib_step_sum_400:MyLog	R(2,400,4,0,0.5,3)	2	400	4	0	INC_SM_ECC_SUM_0.2_80	OPTIMAL	2.719848522624138	2.7198485226241385	1.141	-1	1	80
HRC_calib_step_sum_400:MyLog	R(3,400,4,0,0.5,3)	3	400	4	0	INC_SM_ECC_SUM_0.391_80	OPTIMAL	3.955639408666699	3.9559973738054204	14.229	-1	3	88
HRC_calib_step_sum_400:MyLog	R(5,400,4,0,0.5,3)	5	400	4	0	INC_SM_ECC_SUM_0.719_80	OPTIMAL	9.43038911002982	9.431321348660315	66.258	-1	4	111
HRC_calib_step_sum_400:MyLog	R(2,400,4,0,0.5,3)	2	400	4	0	INC_SM_ECC_SUM_0.2_40	OPTIMAL	2.719653140727005	2.7198485226241385	2.558	-1	3	84
HRC_calib_step_sum_400:MyLog	R(3,400,4,0,0.5,3)	3	400	4	0	INC_SM_ECC_SUM_0.391_40	OPTIMAL	3.955639964734947	3.9559973738054204	9.706	-1	4	91
HRC_calib_step_sum_400:MyLog	R(5,400,4,0,0.5,3)	5	400	4	0	INC_SM_ECC_SUM_0.719_40	OPTIMAL	9.430379739986531	9.431321348660315	40.062	-1	3	94
HRC_calib_step_sum_400:MyLog	R(2,400,4,0,0.5,3)	2	400	4	0	INC_SM_ECC_SUM_0.2_20	OPTIMAL	2.7196329838543982	2.7198485226241385	3.542	-1	4	80
HRC_calib_step_sum_400:MyLog	R(3,400,4,0,0.5,3)	3	400	4	0	INC_SM_ECC_SUM_0.391_20	OPTIMAL	3.9557639277516103	3.9559973738054204	8.348	-1	5	77
HRC_calib_step_sum_400:MyLog	R(5,400,4,0,0.5,3)	5	400	4	0	INC_SM_ECC_SUM_0.719_20	OPTIMAL	9.43039502471032	9.431321348660315	61.249	-1	6	92
HRC_calib_step_sum_400:MyLog	R(2,400,4,0,0.5,3)	2	400	4	0	INC_SM_DIST_SUM_0.2_80	OPTIMAL	2.7196538566817208	2.7198485226241385	1.285	-1	1	80
HRC_calib_step_sum_400:MyLog	R(3,400,4,0,0.5,3)	3	400	4	0	INC_SM_DIST_SUM_0.391_80	OPTIMAL	3.9556866410395726	3.9559973738054204	16.194	-1	4	92
HRC_calib_step_sum_400:MyLog	R(5,400,4,0,0.5,3)	5	400	4	0	INC_SM_DIST_SUM_0.719_80	OPTIMAL	9.430388707080441	9.431321348660315	135.466	-1	6	118
HRC_calib_step_sum_400:MyLog	R(2,400,4,0,0.5,3)	2	400	4	0	INC_SM_DIST_SUM_0.2_40	OPTIMAL	2.7196531407270044	2.7198485226241385	3.758	-1	5	68
HRC_calib_step_sum_400:MyLog	R(3,400,4,0,0.5,3)	3	400	4	0	INC_SM_DIST_SUM_0.391_40	OPTIMAL	3.955605233685094	3.9559973738054204	17.014	-1	5	92
HRC_calib_step_sum_400:MyLog	R(5,400,4,0,0.5,3)	5	400	4	0	INC_SM_DIST_SUM_0.719_40	OPTIMAL	9.430382526006255	9.431321348660315	188.513	-1	7	164
HRC_calib_step_sum_400:MyLog	R(2,400,4,0,0.5,3)	2	400	4	0	INC_SM_DIST_SUM_0.2_20	OPTIMAL	2.71979574200445	2.7198485226241385	5.749	-1	6	105
HRC_calib_step_sum_400:MyLog	R(3,400,4,0,0.5,3)	3	400	4	0	INC_SM_DIST_SUM_0.391_20	OPTIMAL	3.9556018164757916	3.9559973738054204	19.836	-1	6	87
HRC_calib_step_sum_400:MyLog	R(5,400,4,0,0.5,3)	5	400	4	0	INC_SM_DIST_SUM_0.719_20	OPTIMAL	9.430387284019385	9.431321348660315	130.212	-1	9	116
HRC_calib_step_sum_400:MyLog	R(2,400,4,0,0.5,4)	2	400	4	0	INC_SM_ECC_SUM_0.2_80	OPTIMAL	2.87008267700889	2.8700826770088916	1.092	-1	1	80
HRC_calib_step_sum_400:MyLog	R(3,400,4,0,0.5,4)	3	400	4	0	INC_SM_ECC_SUM_0.391_80	OPTIMAL	5.139052390685624	5.139052390685625	9.589	-1	3	90
HRC_calib_step_sum_400:MyLog	R(5,400,4,0,0.5,4)	5	400	4	0	INC_SM_ECC_SUM_0.719_80	OPTIMAL	9.386434190823755	9.387332102129196	125.413	-1	5	112
HRC_calib_step_sum_400:MyLog	R(2,400,4,0,0.5,4)	2	400	4	0	INC_SM_ECC_SUM_0.2_40	OPTIMAL	2.8698572453392646	2.8700826770088916	3.108	-1	5	64
HRC_calib_step_sum_400:MyLog	R(3,400,4,0,0.5,4)	3	400	4	0	INC_SM_ECC_SUM_0.391_40	OPTIMAL	5.1386680610569275	5.139052390685625	5.064	-1	3	87
HRC_calib_step_sum_400:MyLog	R(5,400,4,0,0.5,4)	5	400	4	0	INC_SM_ECC_SUM_0.719_40	OPTIMAL	9.386400343473927	9.387332102129196	147.092	-1	6	123
HRC_calib_step_sum_400:MyLog	R(2,400,4,0,0.5,4)	2	400	4	0	INC_SM_ECC_SUM_0.2_20	OPTIMAL	2.869907587917145	2.8700826770088916	5.233	-1	6	92
HRC_calib_step_sum_400:MyLog	R(3,400,4,0,0.5,4)	3	400	4	0	INC_SM_ECC_SUM_0.391_20	OPTIMAL	5.138855080012124	5.139052390685625	4.982	-1	5	85
HRC_calib_step_sum_400:MyLog	R(5,400,4,0,0.5,4)	5	400	4	0	INC_SM_ECC_SUM_0.719_20	OPTIMAL	9.386395471099778	9.387332102129196	66.249	-1	8	111
HRC_calib_step_sum_400:MyLog	R(2,400,4,0,0.5,4)	2	400	4	0	INC_SM_DIST_SUM_0.2_80	OPTIMAL	2.869803427953536	2.8700826770088916	3.16	-1	2	81
HRC_calib_step_sum_400:MyLog	R(3,400,4,0,0.5,4)	3	400	4	0	INC_SM_DIST_SUM_0.391_80	OPTIMAL	5.139052390685624	5.139052390685624	7.135	-1	4	96
HRC_calib_step_sum_400:MyLog	R(5,400,4,0,0.5,4)	5	400	4	0	INC_SM_DIST_SUM_0.719_80	OPTIMAL	9.386431935040212	9.387332102129196	92.165	-1	4	120
HRC_calib_step_sum_400:MyLog	R(2,400,4,0,0.5,4)	2	400	4	0	INC_SM_DIST_SUM_0.2_40	OPTIMAL	2.87008267700889	2.87008267700889	7.413	-1	6	104
HRC_calib_step_sum_400:MyLog	R(3,400,4,0,0.5,4)	3	400	4	0	INC_SM_DIST_SUM_0.391_40	OPTIMAL	5.139052390685624	5.139052390685624	5.116	-1	5	65
HRC_calib_step_sum_400:MyLog	R(5,400,4,0,0.5,4)	5	400	4	0	INC_SM_DIST_SUM_0.719_40	OPTIMAL	9.386398191483469	9.387332102129196	56.389	-1	4	160
HRC_calib_step_sum_400:MyLog	R(2,400,4,0,0.5,4)	2	400	4	0	INC_SM_DIST_SUM_0.2_20	OPTIMAL	2.87008267700889	2.8700826770088916	5.539	-1	7	94
HRC_calib_step_sum_400:MyLog	R(3,400,4,0,0.5,4)	3	400	4	0	INC_SM_DIST_SUM_0.391_20	OPTIMAL	5.13889471668492	5.139052390685625	6.046	-1	6	94
HRC_calib_step_sum_400:MyLog	R(5,400,4,0,0.5,4)	5	400	4	0	INC_SM_DIST_SUM_0.719_20	OPTIMAL	9.38640475519559	9.387332102129196	70.215	-1	7	105
HRC_calib_step_sum_400:MyLog	R(2,400,6,0,0.5,0)	2	400	6	0	INC_SM_ECC_SUM_0.2_80	FEASIBLE	3.753615451104021	3.782148211612918	1800.412	-1	3	105
HRC_calib_step_sum_400:MyLog	R(3,400,6,0,0.5,0)	3	400	6	0	INC_SM_ECC_SUM_0.391_80	FEASIBLE	5.995161736911175	6.457139405875056	1827.456	-1	1	87
HRC_calib_step_sum_400:MyLog	R(5,400,6,0,0.5,0)	5	400	6	0	INC_SM_ECC_SUM_0.719_80	FEASIBLE	8.664378836597987	9.804755487686545	1807.71	-1	1	121
HRC_calib_step_sum_400:MyLog	R(2,400,6,0,0.5,0)	2	400	6	0	INC_SM_ECC_SUM_0.2_40	FEASIBLE	3.7290823414536245	3.782148211612918	1801.163	-1	3	107
HRC_calib_step_sum_400:MyLog	R(3,400,6,0,0.5,0)	3	400	6	0	INC_SM_ECC_SUM_0.391_40	FEASIBLE	5.813775060868441	6.457139405875056	1809.129	-1	2	88
HRC_calib_step_sum_400:MyLog	R(5,400,6,0,0.5,0)	5	400	6	0	INC_SM_ECC_SUM_0.719_40	FEASIBLE	8.513976145302111	9.751579724149888	1809.522	-1	2	90
HRC_calib_step_sum_400:MyLog	R(2,400,6,0,0.5,0)	2	400	6	0	INC_SM_ECC_SUM_0.2_20	OPTIMAL	3.781770155805618	3.782148211612918	1142.445	-1	4	63
HRC_calib_step_sum_400:MyLog	R(3,400,6,0,0.5,0)	3	400	6	0	INC_SM_ECC_SUM_0.391_20	FEASIBLE	5.9761329625397925	6.48436173154651	1801.243	-1	4	100
HRC_calib_step_sum_400:MyLog	R(5,400,6,0,0.5,0)	5	400	6	0	INC_SM_ECC_SUM_0.719_20	FEASIBLE	8.540709554305378	9.769472936549903	1800.937	-1	3	80
HRC_calib_step_sum_400:MyLog	R(2,400,6,0,0.5,0)	2	400	6	0	INC_SM_DIST_SUM_0.2_80	FEASIBLE	3.6012915576446902	3.80487653720182	1800.802	-1	2	125
HRC_calib_step_sum_400:MyLog	R(3,400,6,0,0.5,0)	3	400	6	0	INC_SM_DIST_SUM_0.391_80	FEASIBLE	5.767845672649845	6.4655984171494945	1808.03	-1	1	98
HRC_calib_step_sum_400:MyLog	R(5,400,6,0,0.5,0)	5	400	6	0	INC_SM_DIST_SUM_0.719_80	FEASIBLE	7.826543230072222	9.766630754613029	1806.663	-1	1	100
HRC_calib_step_sum_400:MyLog	R(2,400,6,0,0.5,0)	2	400	6	0	INC_SM_DIST_SUM_0.2_40	FEASIBLE	3.770862326607896	3.782148211612918	1800.823	-1	3	89
HRC_calib_step_sum_400:MyLog	R(3,400,6,0,0.5,0)	3	400	6	0	INC_SM_DIST_SUM_0.391_40	FEASIBLE	6.035455584251521	6.462225032189202	1801.148	-1	2	120
HRC_calib_step_sum_400:MyLog	R(5,400,6,0,0.5,0)	5	400	6	0	INC_SM_DIST_SUM_0.719_40	FEASIBLE	9.153391581046137	9.757793768785108	1800.441	-1	2	120
HRC_calib_step_sum_400:MyLog	R(2,400,6,0,0.5,0)	2	400	6	0	INC_SM_DIST_SUM_0.2_20	FEASIBLE	3.7612780099739105	3.782148211612918	1800.533	-1	4	63
HRC_calib_step_sum_400:MyLog	R(3,400,6,0,0.5,0)	3	400	6	0	INC_SM_DIST_SUM_0.391_20	FEASIBLE	6.038955960716202	6.462225032189202	1800.391	-1	4	100
HRC_calib_step_sum_400:MyLog	R(5,400,6,0,0.5,0)	5	400	6	0	INC_SM_DIST_SUM_0.719_20	FEASIBLE	9.153391241826682	9.757793768785108	1801.167	-1	3	80
HRC_calib_step_sum_400:MyLog	R(2,400,6,0,0.5,1)	2	400	6	0	INC_SM_ECC_SUM_0.2_80	FEASIBLE	3.8707744837459037	4.107021368868686	1809.892	-1	2	189
HRC_calib_step_sum_400:MyLog	R(3,400,6,0,0.5,1)	3	400	6	0	INC_SM_ECC_SUM_0.391_80	FEASIBLE	5.376575944583424	5.811546962787665	1815.22	-1	1	90
HRC_calib_step_sum_400:MyLog	R(5,400,6,0,0.5,1)	5	400	6	0	INC_SM_ECC_SUM_0.719_80	FEASIBLE	7.417319212112842	9.951790310017262	1810.689	-1	1	116
HRC_calib_step_sum_400:MyLog	R(2,400,6,0,0.5,1)	2	400	6	0	INC_SM_ECC_SUM_0.2_40	FEASIBLE	3.8554959990006155	4.099915201626574	1807.704	-1	3	160
HRC_calib_step_sum_400:MyLog	R(3,400,6,0,0.5,1)	3	400	6	0	INC_SM_ECC_SUM_0.391_40	FEASIBLE	5.430135452758511	5.820553327982849	1800.719	-1	2	120
HRC_calib_step_sum_400:MyLog	R(5,400,6,0,0.5,1)	5	400	6	0	INC_SM_ECC_SUM_0.719_40	FEASIBLE	7.935858798415601	9.92743032945047	1811.099	-1	2	112
HRC_calib_step_sum_400:MyLog	R(2,400,6,0,0.5,1)	2	400	6	0	INC_SM_ECC_SUM_0.2_20	FEASIBLE	3.870038529980581	4.312610895792656	1804.792	-1	5	120
HRC_calib_step_sum_400:MyLog	R(3,400,6,0,0.5,1)	3	400	6	0	INC_SM_ECC_SUM_0.391_20	FEASIBLE	5.516405909180555	5.7909924530195775	1812.168	-1	4	88
HRC_calib_step_sum_400:MyLog	R(5,400,6,0,0.5,1)	5	400	6	0	INC_SM_ECC_SUM_0.719_20	FEASIBLE	8.62798208193737	9.95256403036123	1820.945	-1	3	80
HRC_calib_step_sum_400:MyLog	R(2,400,6,0,0.5,1)	2	400	6	0	INC_SM_DIST_SUM_0.2_80	FEASIBLE	4.066167761358347	4.077739777569727	1809.072	-1	5	251
HRC_calib_step_sum_400:MyLog	R(3,400,6,0,0.5,1)	3	400	6	0	INC_SM_DIST_SUM_0.391_80	FEASIBLE	5.72224571354057	5.777243404917915	1819.463	-1	3	96
HRC_calib_step_sum_400:MyLog	R(5,400,6,0,0.5,1)	5	400	6	0	INC_SM_DIST_SUM_0.719_80	FEASIBLE	8.065755457724485	9.928877316551613	1808.736	-1	1	111
HRC_calib_step_sum_400:MyLog	R(2,400,6,0,0.5,1)	2	400	6	0	INC_SM_DIST_SUM_0.2_40	FEASIBLE	3.761903906405933	4.360847247359663	1800.312	-1	3	158
HRC_calib_step_sum_400:MyLog	R(3,400,6,0,0.5,1)	3	400	6	0	INC_SM_DIST_SUM_0.391_40	FEASIBLE	5.740629654649177	5.758882805591515	1800.162	-1	5	156
HRC_calib_step_sum_400:MyLog	R(5,400,6,0,0.5,1)	5	400	6	0	INC_SM_DIST_SUM_0.719_40	FEASIBLE	9.336403045668611	9.935510953987375	1811.27	-1	2	120
HRC_calib_step_sum_400:MyLog	R(2,400,6,0,0.5,1)	2	400	6	0	INC_SM_DIST_SUM_0.2_20	FEASIBLE	3.8048258271779836	4.164039018763938	1812.158	-1	5	120
HRC_calib_step_sum_400:MyLog	R(3,400,6,0,0.5,1)	3	400	6	0	INC_SM_DIST_SUM_0.391_20	FEASIBLE	5.4491112284943375	5.792751275547353	1812.277	-1	4	100
HRC_calib_step_sum_400:MyLog	R(5,400,6,0,0.5,1)	5	400	6	0	INC_SM_DIST_SUM_0.719_20	FEASIBLE	9.281458534891627	9.935510953987375	1801.38	-1	2	60
HRC_calib_step_sum_400:MyLog	R(2,400,6,0,0.5,2)	2	400	6	0	INC_SM_ECC_SUM_0.2_80	FEASIBLE	3.724817362650403	3.784381705276354	1800.443	-1	2	96
HRC_calib_step_sum_400:MyLog	R(3,400,6,0,0.5,2)	3	400	6	0	INC_SM_ECC_SUM_0.391_80	FEASIBLE	5.5690786007775	5.972404683037393	1800.9	-1	2	137
HRC_calib_step_sum_400:MyLog	R(5,400,6,0,0.5,2)	5	400	6	0	INC_SM_ECC_SUM_0.719_80	FEASIBLE	8.288389861744353	11.143009046656168	1808.739	-1	1	136
HRC_calib_step_sum_400:MyLog	R(2,400,6,0,0.5,2)	2	400	6	0	INC_SM_ECC_SUM_0.2_40	FEASIBLE	3.7172377040628892	3.774700774308449	1801.004	-1	5	186
HRC_calib_step_sum_400:MyLog	R(3,400,6,0,0.5,2)	3	400	6	0	INC_SM_ECC_SUM_0.391_40	FEASIBLE	5.765483539806307	5.992832499873763	1800.576	-1	3	139
HRC_calib_step_sum_400:MyLog	R(5,400,6,0,0.5,2)	5	400	6	0	INC_SM_ECC_SUM_0.719_40	FEASIBLE	10.015696824810034	11.116916585835694	1801.08	-1	2	120
HRC_calib_step_sum_400:MyLog	R(2,400,6,0,0.5,2)	2	400	6	0	INC_SM_ECC_SUM_0.2_20	FEASIBLE	3.6889785970302986	3.790264908867701	1800.283	-1	6	140
HRC_calib_step_sum_400:MyLog	R(3,400,6,0,0.5,2)	3	400	6	0	INC_SM_ECC_SUM_0.391_20	FEASIBLE	5.753271138814913	6.058884404351363	1800.262	-1	4	100
HRC_calib_step_sum_400:MyLog	R(5,400,6,0,0.5,2)	5	400	6	0	INC_SM_ECC_SUM_0.719_20	FEASIBLE	10.411609040099385	11.116916585835694	1800.145	-1	3	80
HRC_calib_step_sum_400:MyLog	R(2,400,6,0,0.5,2)	2	400	6	0	INC_SM_DIST_SUM_0.2_80	OPTIMAL	3.770536048331313	3.7709087897214766	56.858	-1	3	94
HRC_calib_step_sum_400:MyLog	R(3,400,6,0,0.5,2)	3	400	6	0	INC_SM_DIST_SUM_0.391_80	FEASIBLE	5.865084534937488	5.9730126961989995	1801.138	-1	2	101
HRC_calib_step_sum_400:MyLog	R(5,400,6,0,0.5,2)	5	400	6	0	INC_SM_DIST_SUM_0.719_80	FEASIBLE	8.395090317390691	11.141269898556814	1810.685	-1	1	123
HRC_calib_step_sum_400:MyLog	R(2,400,6,0,0.5,2)	2	400	6	0	INC_SM_DIST_SUM_0.2_40	FEASIBLE	3.4246712430988206	3.7709087897214757	1811.856	-1	3	147
HRC_calib_step_sum_400:MyLog	R(3,400,6,0,0.5,2)	3	400	6	0	INC_SM_DIST_SUM_0.391_40	FEASIBLE	5.687391629513894	6.058884404351363	1800.469	-1	3	148
HRC_calib_step_sum_400:MyLog	R(5,400,6,0,0.5,2)	5	400	6	0	INC_SM_DIST_SUM_0.719_40	FEASIBLE	9.423997854378708	11.143009046656168	1800.664	-1	2	120
HRC_calib_step_sum_400:MyLog	R(2,400,6,0,0.5,2)	2	400	6	0	INC_SM_DIST_SUM_0.2_20	FEASIBLE	3.6843671792818884	3.784381705276354	1800.293	-1	5	106
HRC_calib_step_sum_400:MyLog	R(3,400,6,0,0.5,2)	3	400	6	0	INC_SM_DIST_SUM_0.391_20	FEASIBLE	5.839979008689503	6.019645203544757	1800.353	-1	4	93
HRC_calib_step_sum_400:MyLog	R(5,400,6,0,0.5,2)	5	400	6	0	INC_SM_DIST_SUM_0.719_20	FEASIBLE	9.713455500172484	11.129361263678428	1808.795	-1	3	80
HRC_calib_step_sum_400:MyLog	R(2,400,6,0,0.5,3)	2	400	6	0	INC_SM_ECC_SUM_0.2_80	FEASIBLE	3.892738602193538	3.9373492979231868	1800.646	-1	2	85
HRC_calib_step_sum_400:MyLog	R(3,400,6,0,0.5,3)	3	400	6	0	INC_SM_ECC_SUM_0.391_80	FEASIBLE	5.822516066645625	5.9538448519067515	1812.608	-1	2	101
HRC_calib_step_sum_400:MyLog	R(5,400,6,0,0.5,3)	5	400	6	0	INC_SM_ECC_SUM_0.719_80	FEASIBLE	9.37142905277924	9.701951036235085	1808.072	-1	2	130
HRC_calib_step_sum_400:MyLog	R(2,400,6,0,0.5,3)	2	400	6	0	INC_SM_ECC_SUM_0.2_40	FEASIBLE	3.912023509545391	3.9871684527835236	1800.097	-1	6	209
HRC_calib_step_sum_400:MyLog	R(3,400,6,0,0.5,3)	3	400	6	0	INC_SM_ECC_SUM_0.391_40	FEASIBLE	5.908228136800748	5.956944616581872	1800.589	-1	4	129
HRC_calib_step_sum_400:MyLog	R(5,400,6,0,0.5,3)	5	400	6	0	INC_SM_ECC_SUM_0.719_40	FEASIBLE	8.985599337953168	9.682818533543808	1805.526	-1	2	105
HRC_calib_step_sum_400:MyLog	R(2,400,6,0,0.5,3)	2	400	6	0	INC_SM_ECC_SUM_0.2_20	FEASIBLE	3.83508461412349	3.9758522882977516	1800.524	-1	5	120
HRC_calib_step_sum_400:MyLog	R(3,400,6,0,0.5,3)	3	400	6	0	INC_SM_ECC_SUM_0.391_20	FEASIBLE	5.702962234682784	6.010847331419927	1800.414	-1	3	80
HRC_calib_step_sum_400:MyLog	R(5,400,6,0,0.5,3)	5	400	6	0	INC_SM_ECC_SUM_0.719_20	FEASIBLE	9.238598595563428	9.714623347414527	1800.347	-1	3	80
HRC_calib_step_sum_400:MyLog	R(2,400,6,0,0.5,3)	2	400	6	0	INC_SM_DIST_SUM_0.2_80	FEASIBLE	3.893127771066557	3.9373492979231868	1801.001	-1	3	184
HRC_calib_step_sum_400:MyLog	R(3,400,6,0,0.5,3)	3	400	6	0	INC_SM_DIST_SUM_0.391_80	FEASIBLE	5.484564348210662	5.984992286752053	1800.144	-1	1	91
HRC_calib_step_sum_400:MyLog	R(5,400,6,0,0.5,3)	5	400	6	0	INC_SM_DIST_SUM_0.719_80	FEASIBLE	8.69667385425064	9.689022650099218	1809.887	-1	1	118
HRC_calib_step_sum_400:MyLog	R(2,400,6,0,0.5,3)	2	400	6	0	INC_SM_DIST_SUM_0.2_40	OPTIMAL	3.936286774090939	3.9366609041611635	481.252	-1	4	160
HRC_calib_step_sum_400:MyLog	R(3,400,6,0,0.5,3)	3	400	6	0	INC_SM_DIST_SUM_0.391_40	FEASIBLE	5.832954443799264	5.979909822586478	1800.987	-1	3	108
HRC_calib_step_sum_400:MyLog	R(5,400,6,0,0.5,3)	5	400	6	0	INC_SM_DIST_SUM_0.719_40	FEASIBLE	9.387422851816282	9.682309497626559	1801.167	-1	3	138
HRC_calib_step_sum_400:MyLog	R(2,400,6,0,0.5,3)	2	400	6	0	INC_SM_DIST_SUM_0.2_20	FEASIBLE	3.92771430959446	3.9373492979231868	1800.659	-1	8	118
HRC_calib_step_sum_400:MyLog	R(3,400,6,0,0.5,3)	3	400	6	0	INC_SM_DIST_SUM_0.391_20	FEASIBLE	5.739416674176718	5.987030329949724	1800.641	-1	3	80
HRC_calib_step_sum_400:MyLog	R(5,400,6,0,0.5,3)	5	400	6	0	INC_SM_DIST_SUM_0.719_20	FEASIBLE	9.003151221116955	9.682309497626559	1811.974	-1	3	80
HRC_calib_step_sum_400:MyLog	R(2,400,6,0,0.5,4)	2	400	6	0	INC_SM_ECC_SUM_0.2_80	OPTIMAL	4.408713863383101	4.409154484686355	1024.014	-1	2	88
HRC_calib_step_sum_400:MyLog	R(3,400,6,0,0.5,4)	3	400	6	0	INC_SM_ECC_SUM_0.391_80	FEASIBLE	6.187616342613419	6.489062830830192	1800.15	-1	2	129
HRC_calib_step_sum_400:MyLog	R(5,400,6,0,0.5,4)	5	400	6	0	INC_SM_ECC_SUM_0.719_80	FEASIBLE	9.50092818069892	9.995196445029723	1805.008	-1	2	158
HRC_calib_step_sum_400:MyLog	R(2,400,6,0,0.5,4)	2	400	6	0	INC_SM_ECC_SUM_0.2_40	FEASIBLE	4.399393453710552	4.409154484686355	1800.993	-1	4	114
HRC_calib_step_sum_400:MyLog	R(3,400,6,0,0.5,4)	3	400	6	0	INC_SM_ECC_SUM_0.391_40	OPTIMAL	6.457167919229181	6.45781032129563	895.859	-1	5	179
HRC_calib_step_sum_400:MyLog	R(5,400,6,0,0.5,4)	5	400	6	0	INC_SM_ECC_SUM_0.719_40	FEASIBLE	8.9993298942169	10.029173232201043	1800.669	-1	2	120
HRC_calib_step_sum_400:MyLog	R(2,400,6,0,0.5,4)	2	400	6	0	INC_SM_ECC_SUM_0.2_20	OPTIMAL	4.4087172796558525	4.409154484686356	1233.707	-1	5	83
HRC_calib_step_sum_400:MyLog	R(3,400,6,0,0.5,4)	3	400	6	0	INC_SM_ECC_SUM_0.391_20	FEASIBLE	6.148533330869234	6.524362496898576	1801.058	-1	4	96
HRC_calib_step_sum_400:MyLog	R(5,400,6,0,0.5,4)	5	400	6	0	INC_SM_ECC_SUM_0.719_20	FEASIBLE	9.545386588385341	10.037861178110463	1800.808	-1	4	99
HRC_calib_step_sum_400:MyLog	R(2,400,6,0,0.5,4)	2	400	6	0	INC_SM_DIST_SUM_0.2_80	OPTIMAL	4.408713790768134	4.409154484686356	781.723	-1	3	121
HRC_calib_step_sum_400:MyLog	R(3,400,6,0,0.5,4)	3	400	6	0	INC_SM_DIST_SUM_0.391_80	FEASIBLE	5.43696845429249	6.495547171595862	1810.393	-1	1	108
HRC_calib_step_sum_400:MyLog	R(5,400,6,0,0.5,4)	5	400	6	0	INC_SM_DIST_SUM_0.719_80	FEASIBLE	9.05351192461343	10.012344156302582	1806.818	-1	1	114
HRC_calib_step_sum_400:MyLog	R(2,400,6,0,0.5,4)	2	400	6	0	INC_SM_DIST_SUM_0.2_40	OPTIMAL	4.40871739144592	4.409154484686356	1199.393	-1	4	157
HRC_calib_step_sum_400:MyLog	R(3,400,6,0,0.5,4)	3	400	6	0	INC_SM_DIST_SUM_0.391_40	FEASIBLE	5.966984198703449	6.5119589845389765	1801.163	-1	2	119
HRC_calib_step_sum_400:MyLog	R(5,400,6,0,0.5,4)	5	400	6	0	INC_SM_DIST_SUM_0.719_40	FEASIBLE	9.169914917066059	10.012344156302582	1800.49	-1	2	120
HRC_calib_step_sum_400:MyLog	R(2,400,6,0,0.5,4)	2	400	6	0	INC_SM_DIST_SUM_0.2_20	FEASIBLE	4.3462222921440645	4.409154484686355	1800.65	-1	5	88
HRC_calib_step_sum_400:MyLog	R(3,400,6,0,0.5,4)	3	400	6	0	INC_SM_DIST_SUM_0.391_20	FEASIBLE	5.859807289849378	6.53477681527809	1800.487	-1	3	80
HRC_calib_step_sum_400:MyLog	R(5,400,6,0,0.5,4)	5	400	6	0	INC_SM_DIST_SUM_0.719_20	FEASIBLE	9.229999947024861	9.975614181767035	1800.689	-1	3	80
HRC_calib_step_1000:MyLog	R(2,1000,4,0,0.5,0)	2	1000	4	0	INC_SM_ECC_MAX_0.2_200	OPTIMAL	2.8623761808593366	2.8626514885021965	13.007	-1	1	200
HRC_calib_step_1000:MyLog	R(3,1000,4,0,0.5,0)	3	1000	4	0	INC_SM_ECC_MAX_0.391_200	OPTIMAL	5.462565458622623	5.463109669210068	28.877	-1	1	200
HRC_calib_step_1000:MyLog	R(5,1000,4,0,0.5,0)	5	1000	4	0	INC_SM_ECC_MAX_0.719_200	OPTIMAL	8.578108171044274	8.578963576022042	66.022	-1	1	200
HRC_calib_step_1000:MyLog	R(2,1000,4,0,0.5,0)	2	1000	4	0	INC_SM_ECC_MAX_0.2_100	OPTIMAL	2.8623989708481448	2.8626514885021965	5.91	-1	1	100
HRC_calib_step_1000:MyLog	R(3,1000,4,0,0.5,0)	3	1000	4	0	INC_SM_ECC_MAX_0.391_100	OPTIMAL	5.4625838625462695	5.463109669210068	16.296	-1	1	100
HRC_calib_step_1000:MyLog	R(5,1000,4,0,0.5,0)	5	1000	4	0	INC_SM_ECC_MAX_0.719_100	OPTIMAL	8.578110189517917	8.578963576022042	144.207	-1	5	130
HRC_calib_step_1000:MyLog	R(2,1000,4,0,0.5,0)	2	1000	4	0	INC_SM_ECC_MAX_0.2_50	OPTIMAL	2.8626514885021965	2.8626514885021965	0.848	-1	1	50
HRC_calib_step_1000:MyLog	R(3,1000,4,0,0.5,0)	3	1000	4	0	INC_SM_ECC_MAX_0.391_50	OPTIMAL	5.462621882091522	5.463109669210068	48.903	-1	5	170
HRC_calib_step_1000:MyLog	R(5,1000,4,0,0.5,0)	5	1000	4	0	INC_SM_ECC_MAX_0.719_50	OPTIMAL	8.578112384648552	8.578963576022042	282.135	-1	5	206
HRC_calib_step_1000:MyLog	R(2,1000,4,0,0.5,0)	2	1000	4	0	INC_SM_DIST_MAX_0.2_200	OPTIMAL	2.8623920574311192	2.8626514885021965	16.41	-1	2	200
HRC_calib_step_1000:MyLog	R(3,1000,4,0,0.5,0)	3	1000	4	0	INC_SM_DIST_MAX_0.391_200	OPTIMAL	5.462575362669019	5.463109669210068	65.267	-1	2	201
HRC_calib_step_1000:MyLog	R(5,1000,4,0,0.5,0)	5	1000	4	0	INC_SM_DIST_MAX_0.719_200	OPTIMAL	8.578108938864155	8.578963576022042	240.542	-1	3	219
HRC_calib_step_1000:MyLog	R(2,1000,4,0,0.5,0)	2	1000	4	0	INC_SM_DIST_MAX_0.2_100	OPTIMAL	2.8623842177110834	2.8626514885021965	6.693	-1	1	100
HRC_calib_step_1000:MyLog	R(3,1000,4,0,0.5,0)	3	1000	4	0	INC_SM_DIST_MAX_0.391_100	OPTIMAL	5.462599737943261	5.463109669210068	105.259	-1	4	231
HRC_calib_step_1000:MyLog	R(5,1000,4,0,0.5,0)	5	1000	4	0	INC_SM_DIST_MAX_0.719_100	OPTIMAL	8.578106396940486	8.578963576022042	354.334	-1	5	263
HRC_calib_step_1000:MyLog	R(2,1000,4,0,0.5,0)	2	1000	4	0	INC_SM_DIST_MAX_0.2_50	OPTIMAL	2.86244859527618	2.8626514885021965	23.184	-1	6	161
HRC_calib_step_1000:MyLog	R(3,1000,4,0,0.5,0)	3	1000	4	0	INC_SM_DIST_MAX_0.391_50	OPTIMAL	5.462566575988921	5.463109669210068	74.178	-1	5	250
HRC_calib_step_1000:MyLog	R(5,1000,4,0,0.5,0)	5	1000	4	0	INC_SM_DIST_MAX_0.719_50	OPTIMAL	8.57810919861966	8.578963576022042	242.625	-1	6	169
HRC_calib_step_1000:MyLog	R(2,1000,4,0,0.5,0)	2	1000	4	0	INC_SM_BORD_0.2_200	OPTIMAL	2.8624562054461062	2.8626514885021965	7.365	-1	1	200
HRC_calib_step_1000:MyLog	R(3,1000,4,0,0.5,0)	3	1000	4	0	INC_SM_BORD_0.391_200	OPTIMAL	5.463109669210068	5.463109669210068	36.289	-1	2	210
HRC_calib_step_1000:MyLog	R(5,1000,4,0,0.5,0)	5	1000	4	0	INC_SM_BORD_0.719_200	OPTIMAL	8.578106656175972	8.578963576022042	918.597	-1	3	408
HRC_calib_step_1000:MyLog	R(2,1000,4,0,0.5,0)	2	1000	4	0	INC_SM_BORD_0.2_100	OPTIMAL	2.8626514885021965	2.8626514885021965	15.543	-1	5	119
HRC_calib_step_1000:MyLog	R(3,1000,4,0,0.5,0)	3	1000	4	0	INC_SM_BORD_0.391_100	OPTIMAL	5.4625698348168665	5.463109669210068	44.377	-1	3	128
HRC_calib_step_1000:MyLog	R(5,1000,4,0,0.5,0)	5	1000	4	0	INC_SM_BORD_0.719_100	OPTIMAL	8.578111483220205	8.578963576022042	148.296	-1	3	221
HRC_calib_step_1000:MyLog	R(2,1000,4,0,0.5,0)	2	1000	4	0	INC_SM_BORD_0.2_50	OPTIMAL	2.8623799600479316	2.8626514885021965	15.641	-1	4	151
HRC_calib_step_1000:MyLog	R(3,1000,4,0,0.5,0)	3	1000	4	0	INC_SM_BORD_0.391_50	OPTIMAL	5.462583361212014	5.463109669210068	28.743	-1	4	117
HRC_calib_step_1000:MyLog	R(5,1000,4,0,0.5,0)	5	1000	4	0	INC_SM_BORD_0.719_50	OPTIMAL	8.578106094522738	8.578963576022042	100.231	-1	4	171
HRC_calib_step_1000:MyLog	R(2,1000,4,0,0.5,1)	2	1000	4	0	INC_SM_ECC_MAX_0.2_200	OPTIMAL	3.980989124671526	3.9809891246715248	5.348	-1	1	200
HRC_calib_step_1000:MyLog	R(3,1000,4,0,0.5,1)	3	1000	4	0	INC_SM_ECC_MAX_0.391_200	OPTIMAL	5.186115191917841	5.1861151919178425	5.877	-1	1	200
HRC_calib_step_1000:MyLog	R(5,1000,4,0,0.5,1)	5	1000	4	0	INC_SM_ECC_MAX_0.719_200	OPTIMAL	8.645597992265715	8.646419305778103	34.801	-1	1	200
HRC_calib_step_1000:MyLog	R(2,1000,4,0,0.5,1)	2	1000	4	0	INC_SM_ECC_MAX_0.2_100	OPTIMAL	3.9809891246715265	3.9809891246715248	1.41	-1	1	100
HRC_calib_step_1000:MyLog	R(3,1000,4,0,0.5,1)	3	1000	4	0	INC_SM_ECC_MAX_0.391_100	OPTIMAL	5.186115191917842	5.1861151919178425	1.824	-1	1	100
HRC_calib_step_1000:MyLog	R(5,1000,4,0,0.5,1)	5	1000	4	0	INC_SM_ECC_MAX_0.719_100	OPTIMAL	8.645599315852087	8.646419305778103	18.496	-1	1	100
HRC_calib_step_1000:MyLog	R(2,1000,4,0,0.5,1)	2	1000	4	0	INC_SM_ECC_MAX_0.2_50	OPTIMAL	3.980989124671526	3.9809891246715248	0.949	-1	1	50
HRC_calib_step_1000:MyLog	R(3,1000,4,0,0.5,1)	3	1000	4	0	INC_SM_ECC_MAX_0.391_50	OPTIMAL	5.186115191917841	5.1861151919178425	3.4	-1	2	100
HRC_calib_step_1000:MyLog	R(5,1000,4,0,0.5,1)	5	1000	4	0	INC_SM_ECC_MAX_0.719_50	OPTIMAL	8.645555414688037	8.646419305778103	339.676	-1	8	276
HRC_calib_step_1000:MyLog	R(2,1000,4,0,0.5,1)	2	1000	4	0	INC_SM_DIST_MAX_0.2_200	OPTIMAL	3.9809234505320488	3.9809891246715248	4.99	-1	1	200
HRC_calib_step_1000:MyLog	R(3,1000,4,0,0.5,1)	3	1000	4	0	INC_SM_DIST_MAX_0.391_200	OPTIMAL	5.185684153219025	5.1861151919178425	18.983	-1	3	205
HRC_calib_step_1000:MyLog	R(5,1000,4,0,0.5,1)	5	1000	4	0	INC_SM_DIST_MAX_0.719_200	OPTIMAL	8.64555508362146	8.646419305778103	137.799	-1	3	229
HRC_calib_step_1000:MyLog	R(2,1000,4,0,0.5,1)	2	1000	4	0	INC_SM_DIST_MAX_0.2_100	OPTIMAL	3.9807404997906493	3.9809891246715248	1.668	-1	1	100
HRC_calib_step_1000:MyLog	R(3,1000,4,0,0.5,1)	3	1000	4	0	INC_SM_DIST_MAX_0.391_100	OPTIMAL	5.185973525468832	5.1861151919178425	21.889	-1	6	176
HRC_calib_step_1000:MyLog	R(5,1000,4,0,0.5,1)	5	1000	4	0	INC_SM_DIST_MAX_0.719_100	OPTIMAL	8.645578889399731	8.646419305778103	482.135	-1	9	264
HRC_calib_step_1000:MyLog	R(2,1000,4,0,0.5,1)	2	1000	4	0	INC_SM_DIST_MAX_0.2_50	OPTIMAL	3.980989124671526	3.9809891246715248	0.694	-1	1	50
HRC_calib_step_1000:MyLog	R(3,1000,4,0,0.5,1)	3	1000	4	0	INC_SM_DIST_MAX_0.391_50	OPTIMAL	5.185765204575721	5.1861151919178425	28.657	-1	9	175
HRC_calib_step_1000:MyLog	R(5,1000,4,0,0.5,1)	5	1000	4	0	INC_SM_DIST_MAX_0.719_50	OPTIMAL	8.645574546549993	8.646419305778103	177.073	-1	7	223
HRC_calib_step_1000:MyLog	R(2,1000,4,0,0.5,1)	2	1000	4	0	INC_SM_BORD_0.2_200	OPTIMAL	3.9806054142661598	3.980989124671525	8.114	-1	2	207
HRC_calib_step_1000:MyLog	R(3,1000,4,0,0.5,1)	3	1000	4	0	INC_SM_BORD_0.391_200	OPTIMAL	5.1859735254688335	5.1861151919178425	20.591	-1	3	224
HRC_calib_step_1000:MyLog	R(5,1000,4,0,0.5,1)	5	1000	4	0	INC_SM_BORD_0.719_200	OPTIMAL	8.645562113316197	8.646419305778103	879.028	-1	5	414
HRC_calib_step_1000:MyLog	R(2,1000,4,0,0.5,1)	2	1000	4	0	INC_SM_BORD_0.2_100	OPTIMAL	3.9809891246715248	3.980989124671525	3.025	-1	2	118
HRC_calib_step_1000:MyLog	R(3,1000,4,0,0.5,1)	3	1000	4	0	INC_SM_BORD_0.391_100	OPTIMAL	5.185691534419522	5.1861151919178425	40.145	-1	5	216
HRC_calib_step_1000:MyLog	R(5,1000,4,0,0.5,1)	5	1000	4	0	INC_SM_BORD_0.719_100	OPTIMAL	8.645574855031942	8.646419305778103	404.468	-1	6	317
HRC_calib_step_1000:MyLog	R(2,1000,4,0,0.5,1)	2	1000	4	0	INC_SM_BORD_0.2_50	OPTIMAL	3.9809891246715248	3.9809891246715248	3.44	-1	3	137
HRC_calib_step_1000:MyLog	R(3,1000,4,0,0.5,1)	3	1000	4	0	INC_SM_BORD_0.391_50	OPTIMAL	5.1861151919178425	5.1861151919178425	10.999	-1	6	119
HRC_calib_step_1000:MyLog	R(5,1000,4,0,0.5,1)	5	1000	4	0	INC_SM_BORD_0.719_50	OPTIMAL	8.645560278516589	8.646419305778103	145.526	-1	6	208
HRC_calib_step_1000:MyLog	R(2,1000,4,0,0.5,2)	2	1000	4	0	INC_SM_ECC_MAX_0.2_200	OPTIMAL	2.878762496906076	2.8790303874159227	11.045	-1	1	200
HRC_calib_step_1000:MyLog	R(3,1000,4,0,0.5,2)	3	1000	4	0	INC_SM_ECC_MAX_0.391_200	OPTIMAL	5.715219253597136	5.715755701991133	21.966	-1	1	200
HRC_calib_step_1000:MyLog	R(5,1000,4,0,0.5,2)	5	1000	4	0	INC_SM_ECC_MAX_0.719_200	OPTIMAL	9.92048557469968	9.920939679146768	33.324	-1	1	200
HRC_calib_step_1000:MyLog	R(2,1000,4,0,0.5,2)	2	1000	4	0	INC_SM_ECC_MAX_0.2_100	OPTIMAL	2.8788139212828128	2.8790303874159227	1.985	-1	1	100
HRC_calib_step_1000:MyLog	R(3,1000,4,0,0.5,2)	3	1000	4	0	INC_SM_ECC_MAX_0.391_100	OPTIMAL	5.715755701991132	5.715755701991133	2.36	-1	1	100
HRC_calib_step_1000:MyLog	R(5,1000,4,0,0.5,2)	5	1000	4	0	INC_SM_ECC_MAX_0.719_100	OPTIMAL	9.92093967914677	9.920939679146766	4.667	-1	1	100
HRC_calib_step_1000:MyLog	R(2,1000,4,0,0.5,2)	2	1000	4	0	INC_SM_ECC_MAX_0.2_50	OPTIMAL	2.878745405403678	2.8790303874159227	0.756	-1	1	50
HRC_calib_step_1000:MyLog	R(3,1000,4,0,0.5,2)	3	1000	4	0	INC_SM_ECC_MAX_0.391_50	OPTIMAL	5.715211284001194	5.715755701991133	36.237	-1	5	183
HRC_calib_step_1000:MyLog	R(5,1000,4,0,0.5,2)	5	1000	4	0	INC_SM_ECC_MAX_0.719_50	OPTIMAL	9.92093967914677	9.920939679146768	1.281	-1	1	50
HRC_calib_step_1000:MyLog	R(2,1000,4,0,0.5,2)	2	1000	4	0	INC_SM_DIST_MAX_0.2_200	OPTIMAL	2.878969941894893	2.8790303874159227	4.141	-1	1	200
HRC_calib_step_1000:MyLog	R(3,1000,4,0,0.5,2)	3	1000	4	0	INC_SM_DIST_MAX_0.391_200	OPTIMAL	5.715755701991133	5.715755701991133	31.528	-1	1	200
HRC_calib_step_1000:MyLog	R(5,1000,4,0,0.5,2)	5	1000	4	0	INC_SM_DIST_MAX_0.719_200	OPTIMAL	9.92036394215258	9.920939679146766	36.167	-1	1	200
HRC_calib_step_1000:MyLog	R(2,1000,4,0,0.5,2)	2	1000	4	0	INC_SM_DIST_MAX_0.2_100	OPTIMAL	2.8787563444809394	2.8790303874159227	5.491	-1	3	115
HRC_calib_step_1000:MyLog	R(3,1000,4,0,0.5,2)	3	1000	4	0	INC_SM_DIST_MAX_0.391_100	OPTIMAL	5.715195404334945	5.715755701991133	56.176	-1	4	179
HRC_calib_step_1000:MyLog	R(5,1000,4,0,0.5,2)	5	1000	4	0	INC_SM_DIST_MAX_0.719_100	OPTIMAL	9.920062178450019	9.920939679146768	13.893	-1	1	100
HRC_calib_step_1000:MyLog	R(2,1000,4,0,0.5,2)	2	1000	4	0	INC_SM_DIST_MAX_0.2_50	OPTIMAL	2.878762131633195	2.8790303874159227	38.336	-1	7	238
HRC_calib_step_1000:MyLog	R(3,1000,4,0,0.5,2)	3	1000	4	0	INC_SM_DIST_MAX_0.391_50	OPTIMAL	5.715755701991134	5.715755701991133	26.349	-1	4	200
HRC_calib_step_1000:MyLog	R(5,1000,4,0,0.5,2)	5	1000	4	0	INC_SM_DIST_MAX_0.719_50	OPTIMAL	9.920362217691283	9.920939679146766	4.285	-1	1	50
HRC_calib_step_1000:MyLog	R(2,1000,4,0,0.5,2)	2	1000	4	0	INC_SM_BORD_0.2_200	OPTIMAL	2.878762424531988	2.8790303874159227	16.626	-1	2	215
HRC_calib_step_1000:MyLog	R(3,1000,4,0,0.5,2)	3	1000	4	0	INC_SM_BORD_0.391_200	OPTIMAL	5.715201880280918	5.715755701991133	59.927	-1	2	212
HRC_calib_step_1000:MyLog	R(5,1000,4,0,0.5,2)	5	1000	4	0	INC_SM_BORD_0.719_200	OPTIMAL	9.92022913406806	9.920939679146768	187.208	-1	3	403
HRC_calib_step_1000:MyLog	R(2,1000,4,0,0.5,2)	2	1000	4	0	INC_SM_BORD_0.2_100	OPTIMAL	2.8787661189782536	2.8790303874159227	12.546	-1	2	200
HRC_calib_step_1000:MyLog	R(3,1000,4,0,0.5,2)	3	1000	4	0	INC_SM_BORD_0.391_100	OPTIMAL	5.715189574008347	5.715755701991133	47.69	-1	3	176
HRC_calib_step_1000:MyLog	R(5,1000,4,0,0.5,2)	5	1000	4	0	INC_SM_BORD_0.719_100	OPTIMAL	9.92022319156014	9.920939679146768	119.474	-1	4	306
HRC_calib_step_1000:MyLog	R(2,1000,4,0,0.5,2)	2	1000	4	0	INC_SM_BORD_0.2_50	OPTIMAL	2.878781509101338	2.8790303874159227	8.556	-1	4	200
HRC_calib_step_1000:MyLog	R(3,1000,4,0,0.5,2)	3	1000	4	0	INC_SM_BORD_0.391_50	OPTIMAL	5.715755701991134	5.715755701991133	25.032	-1	4	118
HRC_calib_step_1000:MyLog	R(5,1000,4,0,0.5,2)	5	1000	4	0	INC_SM_BORD_0.719_50	OPTIMAL	9.920553359165899	9.920939679146766	17.151	-1	4	188
HRC_calib_step_1000:MyLog	R(2,1000,4,0,0.5,3)	2	1000	4	0	INC_SM_ECC_MAX_0.2_200	OPTIMAL	2.7464963421399475	2.74676982684441	6.903	-1	1	200
HRC_calib_step_1000:MyLog	R(3,1000,4,0,0.5,3)	3	1000	4	0	INC_SM_ECC_MAX_0.391_200	OPTIMAL	3.9888279900952353	3.989224704302379	13.584	-1	1	200
HRC_calib_step_1000:MyLog	R(5,1000,4,0,0.5,3)	5	1000	4	0	INC_SM_ECC_MAX_0.719_200	OPTIMAL	9.469128926048528	9.470072738469977	81.91	-1	1	200
HRC_calib_step_1000:MyLog	R(2,1000,4,0,0.5,3)	2	1000	4	0	INC_SM_ECC_MAX_0.2_100	OPTIMAL	2.7465369656106335	2.74676982684441	3.061	-1	1	100
HRC_calib_step_1000:MyLog	R(3,1000,4,0,0.5,3)	3	1000	4	0	INC_SM_ECC_MAX_0.391_100	OPTIMAL	3.988841408207974	3.989224704302379	5.094	-1	1	100
HRC_calib_step_1000:MyLog	R(5,1000,4,0,0.5,3)	5	1000	4	0	INC_SM_ECC_MAX_0.719_100	OPTIMAL	9.469133263038875	9.470072738469977	371.56	-1	5	219
HRC_calib_step_1000:MyLog	R(2,1000,4,0,0.5,3)	2	1000	4	0	INC_SM_ECC_MAX_0.2_50	OPTIMAL	2.7466510865193534	2.74676982684441	1.7	-1	2	59
HRC_calib_step_1000:MyLog	R(3,1000,4,0,0.5,3)	3	1000	4	0	INC_SM_ECC_MAX_0.391_50	OPTIMAL	3.9892247043023783	3.989224704302379	9.108	-1	3	130
HRC_calib_step_1000:MyLog	R(5,1000,4,0,0.5,3)	5	1000	4	0	INC_SM_ECC_MAX_0.719_50	OPTIMAL	9.469132790153632	9.470072738469977	484.175	-1	8	214
HRC_calib_step_1000:MyLog	R(2,1000,4,0,0.5,3)	2	1000	4	0	INC_SM_DIST_MAX_0.2_200	OPTIMAL	2.7465001246233953	2.74676982684441	7.738	-1	1	200
HRC_calib_step_1000:MyLog	R(3,1000,4,0,0.5,3)	3	1000	4	0	INC_SM_DIST_MAX_0.391_200	OPTIMAL	3.988828698756048	3.989224704302379	44.992	-1	2	207
HRC_calib_step_1000:MyLog	R(5,1000,4,0,0.5,3)	5	1000	4	0	INC_SM_DIST_MAX_0.719_200	OPTIMAL	9.469279376673988	9.470072738469977	389.313	-1	4	264
HRC_calib_step_1000:MyLog	R(2,1000,4,0,0.5,3)	2	1000	4	0	INC_SM_DIST_MAX_0.2_100	OPTIMAL	2.7465028737110355	2.74676982684441	3.739	-1	2	102
HRC_calib_step_1000:MyLog	R(3,1000,4,0,0.5,3)	3	1000	4	0	INC_SM_DIST_MAX_0.391_100	OPTIMAL	3.9888432007602073	3.9892247043023787	60.255	-1	5	213
HRC_calib_step_1000:MyLog	R(5,1000,4,0,0.5,3)	5	1000	4	0	INC_SM_DIST_MAX_0.719_100	OPTIMAL	9.469128254584765	9.470072738469977	1196.153	-1	8	305
HRC_calib_step_1000:MyLog	R(2,1000,4,0,0.5,3)	2	1000	4	0	INC_SM_DIST_MAX_0.2_50	OPTIMAL	2.746507553966163	2.74676982684441	15.591	-1	5	155
HRC_calib_step_1000:MyLog	R(3,1000,4,0,0.5,3)	3	1000	4	0	INC_SM_DIST_MAX_0.391_50	OPTIMAL	3.9892247043023787	3.989224704302379	35.537	-1	5	161
HRC_calib_step_1000:MyLog	R(5,1000,4,0,0.5,3)	5	1000	4	0	INC_SM_DIST_MAX_0.719_50	OPTIMAL	9.469127247276855	9.470072738469977	447.218	-1	8	214
HRC_calib_step_1000:MyLog	R(2,1000,4,0,0.5,3)	2	1000	4	0	INC_SM_BORD_0.2_200	OPTIMAL	2.746533530497772	2.74676982684441	7.972	-1	1	200
HRC_calib_step_1000:MyLog	R(3,1000,4,0,0.5,3)	3	1000	4	0	INC_SM_BORD_0.391_200	OPTIMAL	3.9892247043023787	3.989224704302379	43.865	-1	2	205
HRC_calib_step_1000:MyLog	R(5,1000,4,0,0.5,3)	5	1000	4	0	INC_SM_BORD_0.719_200	OPTIMAL	9.469126565499103	9.470072738469977	613.977	-1	3	402
HRC_calib_step_1000:MyLog	R(2,1000,4,0,0.5,3)	2	1000	4	0	INC_SM_BORD_0.2_100	OPTIMAL	2.7465003082410524	2.74676982684441	19.979	-1	3	204
HRC_calib_step_1000:MyLog	R(3,1000,4,0,0.5,3)	3	1000	4	0	INC_SM_BORD_0.391_100	OPTIMAL	3.988828761902415	3.989224704302379	34.865	-1	3	135
HRC_calib_step_1000:MyLog	R(5,1000,4,0,0.5,3)	5	1000	4	0	INC_SM_BORD_0.719_100	OPTIMAL	9.469978888770227	9.470072738469977	501.999	-1	6	228
HRC_calib_step_1000:MyLog	R(2,1000,4,0,0.5,3)	2	1000	4	0	INC_SM_BORD_0.2_50	OPTIMAL	2.7465975407460412	2.74676982684441	9.689	-1	4	154
HRC_calib_step_1000:MyLog	R(3,1000,4,0,0.5,3)	3	1000	4	0	INC_SM_BORD_0.391_50	OPTIMAL	3.9888436374922307	3.989224704302379	4.702	-1	2	100
HRC_calib_step_1000:MyLog	R(5,1000,4,0,0.5,3)	5	1000	4	0	INC_SM_BORD_0.719_50	OPTIMAL	9.469128367486418	9.470072738469977	329.573	-1	7	174
HRC_calib_step_1000:MyLog	R(2,1000,4,0,0.5,4)	2	1000	4	0	INC_SM_ECC_MAX_0.2_200	OPTIMAL	2.890331594729573	2.8904663342934587	8.206	-1	1	200
HRC_calib_step_1000:MyLog	R(3,1000,4,0,0.5,4)	3	1000	4	0	INC_SM_ECC_MAX_0.391_200	OPTIMAL	5.208009103615511	5.208525872825286	26.505	-1	1	200
HRC_calib_step_1000:MyLog	R(5,1000,4,0,0.5,4)	5	1000	4	0	INC_SM_ECC_MAX_0.719_200	OPTIMAL	9.434039152753211	9.434971429761505	117.961	-1	1	200
HRC_calib_step_1000:MyLog	R(2,1000,4,0,0.5,4)	2	1000	4	0	INC_SM_ECC_MAX_0.2_100	OPTIMAL	2.8904663342934596	2.8904663342934587	2.865	-1	1	100
HRC_calib_step_1000:MyLog	R(3,1000,4,0,0.5,4)	3	1000	4	0	INC_SM_ECC_MAX_0.391_100	OPTIMAL	5.208019864850842	5.208525872825286	9.499	-1	1	100
HRC_calib_step_1000:MyLog	R(5,1000,4,0,0.5,4)	5	1000	4	0	INC_SM_ECC_MAX_0.719_100	OPTIMAL	9.434028133020295	9.434971429761505	443.772	-1	8	221
HRC_calib_step_1000:MyLog	R(2,1000,4,0,0.5,4)	2	1000	4	0	INC_SM_ECC_MAX_0.2_50	OPTIMAL	2.8902446046843613	2.8904663342934587	0.894	-1	1	50
HRC_calib_step_1000:MyLog	R(3,1000,4,0,0.5,4)	3	1000	4	0	INC_SM_ECC_MAX_0.391_50	OPTIMAL	5.2080099344626785	5.208525872825286	33.849	-1	4	123
HRC_calib_step_1000:MyLog	R(5,1000,4,0,0.5,4)	5	1000	4	0	INC_SM_ECC_MAX_0.719_50	OPTIMAL	9.43402815451291	9.434971429761505	334.663	-1	7	211
HRC_calib_step_1000:MyLog	R(2,1000,4,0,0.5,4)	2	1000	4	0	INC_SM_DIST_MAX_0.2_200	OPTIMAL	2.890466334293459	2.8904663342934587	6.475	-1	1	200
HRC_calib_step_1000:MyLog	R(3,1000,4,0,0.5,4)	3	1000	4	0	INC_SM_DIST_MAX_0.391_200	OPTIMAL	5.208013565903902	5.208525872825286	58.472	-1	2	270
HRC_calib_step_1000:MyLog	R(5,1000,4,0,0.5,4)	5	1000	4	0	INC_SM_DIST_MAX_0.719_200	OPTIMAL	9.434471819703724	9.435413449484674	301.646	-1	4	229
HRC_calib_step_1000:MyLog	R(2,1000,4,0,0.5,4)	2	1000	4	0	INC_SM_DIST_MAX_0.2_100	OPTIMAL	2.8904663342934582	2.8904663342934587	2.587	-1	1	100
HRC_calib_step_1000:MyLog	R(3,1000,4,0,0.5,4)	3	1000	4	0	INC_SM_DIST_MAX_0.391_100	OPTIMAL	5.208088422469271	5.208525872825286	88.341	-1	4	293
HRC_calib_step_1000:MyLog	R(5,1000,4,0,0.5,4)	5	1000	4	0	INC_SM_DIST_MAX_0.719_100	OPTIMAL	9.434028146849228	9.434971429761505	436.896	-1	6	257
HRC_calib_step_1000:MyLog	R(2,1000,4,0,0.5,4)	2	1000	4	0	INC_SM_DIST_MAX_0.2_50	OPTIMAL	2.890270607291789	2.8904663342934587	15.796	-1	5	175
HRC_calib_step_1000:MyLog	R(3,1000,4,0,0.5,4)	3	1000	4	0	INC_SM_DIST_MAX_0.391_50	OPTIMAL	5.20806938059302	5.208525872825286	47.319	-1	5	216
HRC_calib_step_1000:MyLog	R(5,1000,4,0,0.5,4)	5	1000	4	0	INC_SM_DIST_MAX_0.719_50	OPTIMAL	9.434028124443612	9.434971429761505	174.915	-1	5	171
HRC_calib_step_1000:MyLog	R(2,1000,4,0,0.5,4)	2	1000	4	0	INC_SM_BORD_0.2_200	OPTIMAL	2.890184483595379	2.8904663342934587	16.363	-1	2	204
HRC_calib_step_1000:MyLog	R(3,1000,4,0,0.5,4)	3	1000	4	0	INC_SM_BORD_0.391_200	OPTIMAL	5.2080185797342	5.208525872825286	62.648	-1	3	215
HRC_calib_step_1000:MyLog	R(5,1000,4,0,0.5,4)	5	1000	4	0	INC_SM_BORD_0.719_200	OPTIMAL	9.434099694995828	9.434971429761505	799.324	-1	4	601
HRC_calib_step_1000:MyLog	R(2,1000,4,0,0.5,4)	2	1000	4	0	INC_SM_BORD_0.2_100	OPTIMAL	2.8902115226500715	2.8904663342934587	9.144	-1	2	200
HRC_calib_step_1000:MyLog	R(3,1000,4,0,0.5,4)	3	1000	4	0	INC_SM_BORD_0.391_100	OPTIMAL	5.208012239018252	5.208525872825286	42.67	-1	4	139
HRC_calib_step_1000:MyLog	R(5,1000,4,0,0.5,4)	5	1000	4	0	INC_SM_BORD_0.719_100	OPTIMAL	9.434028550403667	9.434971429761505	740.151	-1	5	314
HRC_calib_step_1000:MyLog	R(2,1000,4,0,0.5,4)	2	1000	4	0	INC_SM_BORD_0.2_50	OPTIMAL	2.890286234272016	2.8904663342934587	8.668	-1	4	165
HRC_calib_step_1000:MyLog	R(3,1000,4,0,0.5,4)	3	1000	4	0	INC_SM_BORD_0.391_50	OPTIMAL	5.208007444338122	5.208525872825286	55.581	-1	5	154
HRC_calib_step_1000:MyLog	R(5,1000,4,0,0.5,4)	5	1000	4	0	INC_SM_BORD_0.719_50	OPTIMAL	9.434028440317228	9.434971429761505	483.076	-1	8	235
HRC_calib_step_1000:MyLog	R(2,1000,6,0,0.5,0)	2	1000	6	0	INC_SM_ECC_MAX_0.2_200	FEASIBLE	2.608780694423592	3.887007020230408	1807.882	-1	1	200
HRC_calib_step_1000:MyLog	R(3,1000,6,0,0.5,0)	3	1000	6	0	INC_SM_ECC_MAX_0.391_200	FEASIBLE	6.500388216036541	6.502065792503357	1800.593	-1	2	202
HRC_calib_step_1000:MyLog	R(5,1000,6,0,0.5,0)	5	1000	6	0	INC_SM_ECC_MAX_0.719_200	FEASIBLE	9.772897667709188	9.82461517896794	1800.959	-1	2	222
HRC_calib_step_1000:MyLog	R(2,1000,6,0,0.5,0)	2	1000	6	0	INC_SM_ECC_MAX_0.2_100	FEASIBLE	3.734936726040651	3.896903719758109	1800.764	-1	1	164
HRC_calib_step_1000:MyLog	R(3,1000,6,0,0.5,0)	3	1000	6	0	INC_SM_ECC_MAX_0.391_100	FEASIBLE	4.822747937491595	6.528229792943871	1810.838	-1	1	156
HRC_calib_step_1000:MyLog	R(5,1000,6,0,0.5,0)	5	1000	6	0	INC_SM_ECC_MAX_0.719_100	FEASIBLE	7.065883312063144	9.842998114771488	1806.441	-1	1	146
HRC_calib_step_1000:MyLog	R(2,1000,6,0,0.5,0)	2	1000	6	0	INC_SM_ECC_MAX_0.2_50	OPTIMAL	3.8765821727417076	3.8769694271372757	256.647	-1	4	174
HRC_calib_step_1000:MyLog	R(3,1000,6,0,0.5,0)	3	1000	6	0	INC_SM_ECC_MAX_0.391_50	FEASIBLE	6.201547549889057	6.51999672629034	1807.58	-1	3	170
HRC_calib_step_1000:MyLog	R(5,1000,6,0,0.5,0)	5	1000	6	0	INC_SM_ECC_MAX_0.719_50	FEASIBLE	9.319806328954815	9.846606713591633	1801.202	-1	2	150
HRC_calib_step_1000:MyLog	R(2,1000,6,0,0.5,0)	2	1000	6	0	INC_SM_DIST_MAX_0.2_200	FEASIBLE	2.7858748827977795	3.887007020230408	1807.195	-1	1	200
HRC_calib_step_1000:MyLog	R(3,1000,6,0,0.5,0)	3	1000	6	0	INC_SM_DIST_MAX_0.391_200	FEASIBLE	4.808278113011582	6.520076378364532	1807.4	-1	1	210
HRC_calib_step_1000:MyLog	R(5,1000,6,0,0.5,0)	5	1000	6	0	INC_SM_DIST_MAX_0.719_200	FEASIBLE	9.687581463963209	9.823199632333475	1800.511	-1	2	247
HRC_calib_step_1000:MyLog	R(2,1000,6,0,0.5,0)	2	1000	6	0	INC_SM_DIST_MAX_0.2_100	FEASIBLE	3.6969962287384517	3.887261138733921	1800.46	-1	2	193
HRC_calib_step_1000:MyLog	R(3,1000,6,0,0.5,0)	3	1000	6	0	INC_SM_DIST_MAX_0.391_100	FEASIBLE	5.715793118990443	6.531593388231781	1809.058	-1	1	196
HRC_calib_step_1000:MyLog	R(5,1000,6,0,0.5,0)	5	1000	6	0	INC_SM_DIST_MAX_0.719_100	FEASIBLE	7.842063996960883	9.84867060963965	1805.79	-1	1	200
HRC_calib_step_1000:MyLog	R(2,1000,6,0,0.5,0)	2	1000	6	0	INC_SM_DIST_MAX_0.2_50	FEASIBLE	3.6572048589431847	3.896903719758109	1801.071	-1	2	150
HRC_calib_step_1000:MyLog	R(3,1000,6,0,0.5,0)	3	1000	6	0	INC_SM_DIST_MAX_0.391_50	FEASIBLE	6.070503802431263	6.527587936379996	1800.365	-1	2	150
HRC_calib_step_1000:MyLog	R(5,1000,6,0,0.5,0)	5	1000	6	0	INC_SM_DIST_MAX_0.719_50	FEASIBLE	9.105018780504636	9.84879746150048	1800.438	-1	1	100
HRC_calib_step_1000:MyLog	R(2,1000,6,0,0.5,0)	2	1000	6	0	INC_SM_BORD_0.2_200	FEASIBLE	2.641819726036486	3.887845268679401	1807.883	-1	1	202
HRC_calib_step_1000:MyLog	R(3,1000,6,0,0.5,0)	3	1000	6	0	INC_SM_BORD_0.391_200	FEASIBLE	6.494207603484105	6.510985300198602	1800.336	-1	3	327
HRC_calib_step_1000:MyLog	R(5,1000,6,0,0.5,0)	5	1000	6	0	INC_SM_BORD_0.719_200	FEASIBLE	6.685476718787119	9.838925834547453	1802.353	-1	2	424
HRC_calib_step_1000:MyLog	R(2,1000,6,0,0.5,0)	2	1000	6	0	INC_SM_BORD_0.2_100	FEASIBLE	3.691649958439899	3.8877209417411125	1801.029	-1	3	309
HRC_calib_step_1000:MyLog	R(3,1000,6,0,0.5,0)	3	1000	6	0	INC_SM_BORD_0.391_100	FEASIBLE	5.977672912244627	6.536487406553446	1800.862	-1	2	300
HRC_calib_step_1000:MyLog	R(5,1000,6,0,0.5,0)	5	1000	6	0	INC_SM_BORD_0.719_100	FEASIBLE	9.45413679480321	9.834541238577776	1801.28	-1	3	322
HRC_calib_step_1000:MyLog	R(2,1000,6,0,0.5,0)	2	1000	6	0	INC_SM_BORD_0.2_50	FEASIBLE	3.8057937401699666	3.887007020230408	1807.13	-1	4	203
HRC_calib_step_1000:MyLog	R(3,1000,6,0,0.5,0)	3	1000	6	0	INC_SM_BORD_0.391_50	FEASIBLE	5.702390165270575	6.536487406553447	1817.854	-1	2	150
HRC_calib_step_1000:MyLog	R(5,1000,6,0,0.5,0)	5	1000	6	0	INC_SM_BORD_0.719_50	FEASIBLE	9.701923580379539	9.823199632333475	1800.939	-1	4	223
HRC_calib_step_1000:MyLog	R(2,1000,6,0,0.5,1)	2	1000	6	0	INC_SM_ECC_MAX_0.2_200	OPTIMAL	4.160380358740588	4.1607946669462965	183.672	-1	1	200
HRC_calib_step_1000:MyLog	R(3,1000,6,0,0.5,1)	3	1000	6	0	INC_SM_ECC_MAX_0.391_200	OPTIMAL	5.806914077774956	5.807488520048823	691.146	-1	1	200
HRC_calib_step_1000:MyLog	R(5,1000,6,0,0.5,1)	5	1000	6	0	INC_SM_ECC_MAX_0.719_200	FEASIBLE	6.156279234287748	10.006540432838747	1804.316	-1	1	200
HRC_calib_step_1000:MyLog	R(2,1000,6,0,0.5,1)	2	1000	6	0	INC_SM_ECC_MAX_0.2_100	FEASIBLE	3.553838229328644	4.208434280839933	1810.898	-1	1	142
HRC_calib_step_1000:MyLog	R(3,1000,6,0,0.5,1)	3	1000	6	0	INC_SM_ECC_MAX_0.391_100	FEASIBLE	5.1396128530880265	5.824820480928096	1816.569	-1	1	120
HRC_calib_step_1000:MyLog	R(5,1000,6,0,0.5,1)	5	1000	6	0	INC_SM_ECC_MAX_0.719_100	FEASIBLE	7.941912534087772	10.029928747281556	1812.87	-1	1	158
HRC_calib_step_1000:MyLog	R(2,1000,6,0,0.5,1)	2	1000	6	0	INC_SM_ECC_MAX_0.2_50	FEASIBLE	3.8852023319191877	4.337892053404232	1804.898	-1	2	150
HRC_calib_step_1000:MyLog	R(3,1000,6,0,0.5,1)	3	1000	6	0	INC_SM_ECC_MAX_0.391_50	FEASIBLE	5.478596267629574	5.834470710223003	1800.142	-1	2	150
HRC_calib_step_1000:MyLog	R(5,1000,6,0,0.5,1)	5	1000	6	0	INC_SM_ECC_MAX_0.719_50	FEASIBLE	9.026521065967712	10.017231873534651	1800.677	-1	1	100
HRC_calib_step_1000:MyLog	R(2,1000,6,0,0.5,1)	2	1000	6	0	INC_SM_DIST_MAX_0.2_200	FEASIBLE	4.158978778285889	4.1607946669462965	1809.977	-1	2	201
HRC_calib_step_1000:MyLog	R(3,1000,6,0,0.5,1)	3	1000	6	0	INC_SM_DIST_MAX_0.391_200	FEASIBLE	4.34377731785815	5.832684062962186	1807.7	-1	1	209
HRC_calib_step_1000:MyLog	R(5,1000,6,0,0.5,1)	5	1000	6	0	INC_SM_DIST_MAX_0.719_200	FEASIBLE	9.953624952493875	10.020712919574834	1804.15	-1	2	242
HRC_calib_step_1000:MyLog	R(2,1000,6,0,0.5,1)	2	1000	6	0	INC_SM_DIST_MAX_0.2_100	OPTIMAL	4.160378985953807	4.160794666946296	1061.425	-1	5	333
HRC_calib_step_1000:MyLog	R(3,1000,6,0,0.5,1)	3	1000	6	0	INC_SM_DIST_MAX_0.391_100	FEASIBLE	5.039936481722987	5.842235033394296	1814.454	-1	1	144
HRC_calib_step_1000:MyLog	R(5,1000,6,0,0.5,1)	5	1000	6	0	INC_SM_DIST_MAX_0.719_100	FEASIBLE	7.4394529991694265	10.030771013625294	1806.645	-1	1	192
HRC_calib_step_1000:MyLog	R(2,1000,6,0,0.5,1)	2	1000	6	0	INC_SM_DIST_MAX_0.2_50	FEASIBLE	3.793213040646321	4.309737486371523	1800.188	-1	3	200
HRC_calib_step_1000:MyLog	R(3,1000,6,0,0.5,1)	3	1000	6	0	INC_SM_DIST_MAX_0.391_50	FEASIBLE	5.432263691825407	5.832200854390071	1800.862	-1	2	150
HRC_calib_step_1000:MyLog	R(5,1000,6,0,0.5,1)	5	1000	6	0	INC_SM_DIST_MAX_0.719_50	FEASIBLE	8.747286120275525	10.017231873534651	1800.501	-1	1	100
HRC_calib_step_1000:MyLog	R(2,1000,6,0,0.5,1)	2	1000	6	0	INC_SM_BORD_0.2_200	FEASIBLE	4.160378620786259	4.160794666946296	1800.418	-1	3	400
HRC_calib_step_1000:MyLog	R(3,1000,6,0,0.5,1)	3	1000	6	0	INC_SM_BORD_0.391_200	FEASIBLE	3.629224152353251	5.837443004030737	1805.169	-1	1	205
HRC_calib_step_1000:MyLog	R(5,1000,6,0,0.5,1)	5	1000	6	0	INC_SM_BORD_0.719_200	FEASIBLE	9.274919697428638	10.036501194363002	1801.397	-1	2	457
HRC_calib_step_1000:MyLog	R(2,1000,6,0,0.5,1)	2	1000	6	0	INC_SM_BORD_0.2_100	OPTIMAL	4.160381428708375	4.160794666946296	943.959	-1	4	400
HRC_calib_step_1000:MyLog	R(3,1000,6,0,0.5,1)	3	1000	6	0	INC_SM_BORD_0.391_100	FEASIBLE	5.297493152910117	5.833959676917846	1812.309	-1	1	117
HRC_calib_step_1000:MyLog	R(5,1000,6,0,0.5,1)	5	1000	6	0	INC_SM_BORD_0.719_100	FEASIBLE	9.519554011968488	10.023453037916061	1802.346	-1	3	338
HRC_calib_step_1000:MyLog	R(2,1000,6,0,0.5,1)	2	1000	6	0	INC_SM_BORD_0.2_50	OPTIMAL	4.160378761026508	4.1607946669462965	1057.723	-1	6	252
HRC_calib_step_1000:MyLog	R(3,1000,6,0,0.5,1)	3	1000	6	0	INC_SM_BORD_0.391_50	FEASIBLE	5.534492604232758	5.843414932742486	1800.928	-1	2	150
HRC_calib_step_1000:MyLog	R(5,1000,6,0,0.5,1)	5	1000	6	0	INC_SM_BORD_0.719_50	FEASIBLE	6.825782802817151	10.036501194363002	1805.517	-1	3	200
HRC_calib_step_1000:MyLog	R(2,1000,6,0,0.5,2)	2	1000	6	0	INC_SM_ECC_MAX_0.2_200	OPTIMAL	3.8419833595916812	3.8423675117860068	201.082	-1	1	200
HRC_calib_step_1000:MyLog	R(3,1000,6,0,0.5,2)	3	1000	6	0	INC_SM_ECC_MAX_0.391_200	OPTIMAL	6.049167877990712	6.049772429699466	291.766	-1	1	200
HRC_calib_step_1000:MyLog	R(5,1000,6,0,0.5,2)	5	1000	6	0	INC_SM_ECC_MAX_0.719_200	FEASIBLE	7.240317692677807	11.156703337026345	1800.474	-1	1	225
HRC_calib_step_1000:MyLog	R(2,1000,6,0,0.5,2)	2	1000	6	0	INC_SM_ECC_MAX_0.2_100	FEASIBLE	3.8295826152925008	3.8505057709329	1806.426	-1	2	127
HRC_calib_step_1000:MyLog	R(3,1000,6,0,0.5,2)	3	1000	6	0	INC_SM_ECC_MAX_0.391_100	FEASIBLE	5.95423555016843	6.070311257803934	1800.428	-1	2	165
HRC_calib_step_1000:MyLog	R(5,1000,6,0,0.5,2)	5	1000	6	0	INC_SM_ECC_MAX_0.719_100	FEASIBLE	11.014107812547222	11.153762705035266	1801.444	-1	4	294
HRC_calib_step_1000:MyLog	R(2,1000,6,0,0.5,2)	2	1000	6	0	INC_SM_ECC_MAX_0.2_50	FEASIBLE	3.663156651117877	3.850210183958895	1810.333	-1	3	194
HRC_calib_step_1000:MyLog	R(3,1000,6,0,0.5,2)	3	1000	6	0	INC_SM_ECC_MAX_0.391_50	FEASIBLE	5.844800226937384	6.077945583328054	1801.106	-1	3	200
HRC_calib_step_1000:MyLog	R(5,1000,6,0,0.5,2)	5	1000	6	0	INC_SM_ECC_MAX_0.719_50	FEASIBLE	9.751267761300797	11.161731628680396	1800.717	-1	1	100
HRC_calib_step_1000:MyLog	R(2,1000,6,0,0.5,2)	2	1000	6	0	INC_SM_DIST_MAX_0.2_200	FEASIBLE	3.1686701229529297	3.8423675117860068	1804.875	-1	1	200
HRC_calib_step_1000:MyLog	R(3,1000,6,0,0.5,2)	3	1000	6	0	INC_SM_DIST_MAX_0.391_200	FEASIBLE	5.978992152758519	6.076320075179204	1800.673	-1	2	258
HRC_calib_step_1000:MyLog	R(5,1000,6,0,0.5,2)	5	1000	6	0	INC_SM_DIST_MAX_0.719_200	FEASIBLE	10.631238977976148	11.14959305923649	1800.501	-1	1	218
HRC_calib_step_1000:MyLog	R(2,1000,6,0,0.5,2)	2	1000	6	0	INC_SM_DIST_MAX_0.2_100	FEASIBLE	3.8386591253583178	3.8423675117860068	1801.088	-1	6	274
HRC_calib_step_1000:MyLog	R(3,1000,6,0,0.5,2)	3	1000	6	0	INC_SM_DIST_MAX_0.391_100	FEASIBLE	5.838675770477898	6.076320075179204	1800.983	-1	2	219
HRC_calib_step_1000:MyLog	R(5,1000,6,0,0.5,2)	5	1000	6	0	INC_SM_DIST_MAX_0.719_100	FEASIBLE	7.9305161758403875	11.158448777147438	1809.266	-1	1	200
HRC_calib_step_1000:MyLog	R(2,1000,6,0,0.5,2)	2	1000	6	0	INC_SM_DIST_MAX_0.2_50	FEASIBLE	3.61873654060543	3.8485174781658125	1805.611	-1	4	250
HRC_calib_step_1000:MyLog	R(3,1000,6,0,0.5,2)	3	1000	6	0	INC_SM_DIST_MAX_0.391_50	FEASIBLE	5.733956937245694	6.060814475700767	1801.176	-1	3	175
HRC_calib_step_1000:MyLog	R(5,1000,6,0,0.5,2)	5	1000	6	0	INC_SM_DIST_MAX_0.719_50	FEASIBLE	9.742261609448986	11.161731628680396	1800.465	-1	1	100
HRC_calib_step_1000:MyLog	R(2,1000,6,0,0.5,2)	2	1000	6	0	INC_SM_BORD_0.2_200	FEASIBLE	3.6701502832272714	3.851604949742012	1804.573	-1	2	401
HRC_calib_step_1000:MyLog	R(3,1000,6,0,0.5,2)	3	1000	6	0	INC_SM_BORD_0.391_200	FEASIBLE	5.188982258604618	6.076320075179204	1800.342	-1	1	210
HRC_calib_step_1000:MyLog	R(5,1000,6,0,0.5,2)	5	1000	6	0	INC_SM_BORD_0.719_200	FEASIBLE	8.001326742930242	11.161731628680396	1800.944	-1	1	400
HRC_calib_step_1000:MyLog	R(2,1000,6,0,0.5,2)	2	1000	6	0	INC_SM_BORD_0.2_100	FEASIBLE	3.3579783312823097	3.857163086351494	1802.272	-1	2	300
HRC_calib_step_1000:MyLog	R(3,1000,6,0,0.5,2)	3	1000	6	0	INC_SM_BORD_0.391_100	FEASIBLE	5.808482594291313	6.062007390615091	1800.9	-1	2	203
HRC_calib_step_1000:MyLog	R(5,1000,6,0,0.5,2)	5	1000	6	0	INC_SM_BORD_0.719_100	FEASIBLE	10.887345887823072	11.139331901096604	1800.649	-1	3	301
HRC_calib_step_1000:MyLog	R(2,1000,6,0,0.5,2)	2	1000	6	0	INC_SM_BORD_0.2_50	FEASIBLE	3.5005449182796657	4.06116498041264	1801.119	-1	4	250
HRC_calib_step_1000:MyLog	R(3,1000,6,0,0.5,2)	3	1000	6	0	INC_SM_BORD_0.391_50	FEASIBLE	5.819686188678828	6.083313808570539	1801.267	-1	2	150
HRC_calib_step_1000:MyLog	R(5,1000,6,0,0.5,2)	5	1000	6	0	INC_SM_BORD_0.719_50	FEASIBLE	10.93865492860733	11.145755468045778	1802.492	-1	4	219
HRC_calib_step_1000:MyLog	R(2,1000,6,0,0.5,3)	2	1000	6	0	INC_SM_ECC_MAX_0.2_200	FEASIBLE	2.905974876159342	4.00392787895111	1812.126	-1	1	200
HRC_calib_step_1000:MyLog	R(3,1000,6,0,0.5,3)	3	1000	6	0	INC_SM_ECC_MAX_0.391_200	FEASIBLE	4.242996565144783	6.008161076667365	1806.184	-1	1	200
HRC_calib_step_1000:MyLog	R(5,1000,6,0,0.5,3)	5	1000	6	0	INC_SM_ECC_MAX_0.719_200	FEASIBLE	6.773840540618353	9.725563121552257	1800.348	-1	1	207
HRC_calib_step_1000:MyLog	R(2,1000,6,0,0.5,3)	2	1000	6	0	INC_SM_ECC_MAX_0.2_100	OPTIMAL	4.003527838845914	4.00392787895111	371.96	-1	4	254
HRC_calib_step_1000:MyLog	R(3,1000,6,0,0.5,3)	3	1000	6	0	INC_SM_ECC_MAX_0.391_100	FEASIBLE	5.201657324152654	6.0089414240347505	1805.114	-1	1	124
HRC_calib_step_1000:MyLog	R(5,1000,6,0,0.5,3)	5	1000	6	0	INC_SM_ECC_MAX_0.719_100	FEASIBLE	9.652337030980334	9.72306311992795	1801.202	-1	4	261
HRC_calib_step_1000:MyLog	R(2,1000,6,0,0.5,3)	2	1000	6	0	INC_SM_ECC_MAX_0.2_50	FEASIBLE	3.845269298085795	4.017933563163932	1800.192	-1	3	200
HRC_calib_step_1000:MyLog	R(3,1000,6,0,0.5,3)	3	1000	6	0	INC_SM_ECC_MAX_0.391_50	FEASIBLE	5.773426046896384	6.016704646380692	1800.517	-1	2	150
HRC_calib_step_1000:MyLog	R(5,1000,6,0,0.5,3)	5	1000	6	0	INC_SM_ECC_MAX_0.719_50	FEASIBLE	8.874534407307758	9.72497266343777	1800.663	-1	1	100
HRC_calib_step_1000:MyLog	R(2,1000,6,0,0.5,3)	2	1000	6	0	INC_SM_DIST_MAX_0.2_200	OPTIMAL	4.003527926410003	4.00392787895111	142.08	-1	1	200
HRC_calib_step_1000:MyLog	R(3,1000,6,0,0.5,3)	3	1000	6	0	INC_SM_DIST_MAX_0.391_200	FEASIBLE	4.081774783601164	6.014960689327252	1807.273	-1	1	210
HRC_calib_step_1000:MyLog	R(5,1000,6,0,0.5,3)	5	1000	6	0	INC_SM_DIST_MAX_0.719_200	FEASIBLE	9.58858491858185	9.726060768457002	1800.921	-1	2	254
HRC_calib_step_1000:MyLog	R(2,1000,6,0,0.5,3)	2	1000	6	0	INC_SM_DIST_MAX_0.2_100	FEASIBLE	3.9257843619112744	4.006868451583054	1805.226	-1	2	196
HRC_calib_step_1000:MyLog	R(3,1000,6,0,0.5,3)	3	1000	6	0	INC_SM_DIST_MAX_0.391_100	FEASIBLE	5.3417468894011355	6.025920780280945	1807.291	-1	1	171
HRC_calib_step_1000:MyLog	R(5,1000,6,0,0.5,3)	5	1000	6	0	INC_SM_DIST_MAX_0.719_100	FEASIBLE	8.282531827351356	9.72947936755305	1812.42	-1	1	179
HRC_calib_step_1000:MyLog	R(2,1000,6,0,0.5,3)	2	1000	6	0	INC_SM_DIST_MAX_0.2_50	FEASIBLE	3.804173227055074	4.006868451583054	1800.087	-1	4	211
HRC_calib_step_1000:MyLog	R(3,1000,6,0,0.5,3)	3	1000	6	0	INC_SM_DIST_MAX_0.391_50	OPTIMAL	6.005176472206053	6.005776879245012	1089.946	-1	5	209
HRC_calib_step_1000:MyLog	R(5,1000,6,0,0.5,3)	5	1000	6	0	INC_SM_DIST_MAX_0.719_50	FEASIBLE	9.21259076859194	9.72497266343777	1800.637	-1	2	150
HRC_calib_step_1000:MyLog	R(2,1000,6,0,0.5,3)	2	1000	6	0	INC_SM_BORD_0.2_200	FEASIBLE	3.7141995069822906	4.00392787895111	1800.397	-1	2	400
HRC_calib_step_1000:MyLog	R(3,1000,6,0,0.5,3)	3	1000	6	0	INC_SM_BORD_0.391_200	FEASIBLE	4.38133877050516	6.030553966130857	1806.853	-1	1	242
HRC_calib_step_1000:MyLog	R(5,1000,6,0,0.5,3)	5	1000	6	0	INC_SM_BORD_0.719_200	FEASIBLE	4.656765015535906	9.751611344076169	1800.713	-1	1	400
HRC_calib_step_1000:MyLog	R(2,1000,6,0,0.5,3)	2	1000	6	0	INC_SM_BORD_0.2_100	FEASIBLE	3.4682079522594944	4.11599662469514	1805.777	-1	2	300
HRC_calib_step_1000:MyLog	R(3,1000,6,0,0.5,3)	3	1000	6	0	INC_SM_BORD_0.391_100	OPTIMAL	6.005177056656885	6.005776879245012	836.936	-1	3	205
HRC_calib_step_1000:MyLog	R(5,1000,6,0,0.5,3)	5	1000	6	0	INC_SM_BORD_0.719_100	FEASIBLE	5.657679525293974	9.751611344076169	1807.033	-1	2	300
HRC_calib_step_1000:MyLog	R(2,1000,6,0,0.5,3)	2	1000	6	0	INC_SM_BORD_0.2_50	FEASIBLE	3.488329647819011	4.172072297883495	1820.743	-1	3	200
HRC_calib_step_1000:MyLog	R(3,1000,6,0,0.5,3)	3	1000	6	0	INC_SM_BORD_0.391_50	FEASIBLE	5.336215900683718	6.030553966130857	1806.78	-1	2	150
HRC_calib_step_1000:MyLog	R(5,1000,6,0,0.5,3)	5	1000	6	0	INC_SM_BORD_0.719_50	FEASIBLE	6.543346128716093	9.751611344076169	1808.615	-1	2	150
HRC_calib_step_1000:MyLog	R(2,1000,6,0,0.5,4)	2	1000	6	0	INC_SM_ECC_MAX_0.2_200	FEASIBLE	3.9684986644049745	4.48998139712422	1800.176	-1	1	200
HRC_calib_step_1000:MyLog	R(3,1000,6,0,0.5,4)	3	1000	6	0	INC_SM_ECC_MAX_0.391_200	OPTIMAL	6.504817852369859	6.505464913161132	1023.367	-1	2	208
HRC_calib_step_1000:MyLog	R(5,1000,6,0,0.5,4)	5	1000	6	0	INC_SM_ECC_MAX_0.719_200	FEASIBLE	5.45541533995403	10.035031351149074	1800.329	-1	1	217
HRC_calib_step_1000:MyLog	R(2,1000,6,0,0.5,4)	2	1000	6	0	INC_SM_ECC_MAX_0.2_100	FEASIBLE	4.422749144116675	4.48998139712422	1800.621	-1	2	117
HRC_calib_step_1000:MyLog	R(3,1000,6,0,0.5,4)	3	1000	6	0	INC_SM_ECC_MAX_0.391_100	FEASIBLE	5.221466726173502	6.518535394223369	1809.778	-1	1	152
HRC_calib_step_1000:MyLog	R(5,1000,6,0,0.5,4)	5	1000	6	0	INC_SM_ECC_MAX_0.719_100	FEASIBLE	7.840251964954967	10.053849295680491	1807.945	-1	1	186
HRC_calib_step_1000:MyLog	R(2,1000,6,0,0.5,4)	2	1000	6	0	INC_SM_ECC_MAX_0.2_50	FEASIBLE	4.468347913775965	4.486002619807401	1800.781	-1	4	162
HRC_calib_step_1000:MyLog	R(3,1000,6,0,0.5,4)	3	1000	6	0	INC_SM_ECC_MAX_0.391_50	FEASIBLE	6.174522262100725	6.51063980365024	1800.663	-1	2	150
HRC_calib_step_1000:MyLog	R(5,1000,6,0,0.5,4)	5	1000	6	0	INC_SM_ECC_MAX_0.719_50	FEASIBLE	9.332251733801282	10.022308156367536	1800.974	-1	2	150
HRC_calib_step_1000:MyLog	R(2,1000,6,0,0.5,4)	2	1000	6	0	INC_SM_DIST_MAX_0.2_200	FEASIBLE	3.4705855964335894	4.48998139712422	1808.849	-1	1	200
HRC_calib_step_1000:MyLog	R(3,1000,6,0,0.5,4)	3	1000	6	0	INC_SM_DIST_MAX_0.391_200	FEASIBLE	4.356862481655372	6.520320413450183	1807.847	-1	1	219
HRC_calib_step_1000:MyLog	R(5,1000,6,0,0.5,4)	5	1000	6	0	INC_SM_DIST_MAX_0.719_200	FEASIBLE	6.701977574647082	10.03969753423408	1800.935	-1	1	248
HRC_calib_step_1000:MyLog	R(2,1000,6,0,0.5,4)	2	1000	6	0	INC_SM_DIST_MAX_0.2_100	FEASIBLE	4.456103743114872	4.486002619807401	1800.611	-1	2	117
HRC_calib_step_1000:MyLog	R(3,1000,6,0,0.5,4)	3	1000	6	0	INC_SM_DIST_MAX_0.391_100	FEASIBLE	5.505169674527784	6.54315459472012	1805.636	-1	1	200
HRC_calib_step_1000:MyLog	R(5,1000,6,0,0.5,4)	5	1000	6	0	INC_SM_DIST_MAX_0.719_100	FEASIBLE	8.12834610676698	10.030320569885207	1800.416	-1	1	200
HRC_calib_step_1000:MyLog	R(2,1000,6,0,0.5,4)	2	1000	6	0	INC_SM_DIST_MAX_0.2_50	FEASIBLE	4.3708347593599575	4.504817702403116	1806.099	-1	3	165
HRC_calib_step_1000:MyLog	R(3,1000,6,0,0.5,4)	3	1000	6	0	INC_SM_DIST_MAX_0.391_50	FEASIBLE	6.490114978450373	6.505464913161132	1800.903	-1	5	171
HRC_calib_step_1000:MyLog	R(5,1000,6,0,0.5,4)	5	1000	6	0	INC_SM_DIST_MAX_0.719_50	FEASIBLE	9.332251733801282	10.039684532443303	1800.759	-1	2	150
HRC_calib_step_1000:MyLog	R(2,1000,6,0,0.5,4)	2	1000	6	0	INC_SM_BORD_0.2_200	FEASIBLE	3.930857364484381	4.48998139712422	1816.124	-1	1	201
HRC_calib_step_1000:MyLog	R(3,1000,6,0,0.5,4)	3	1000	6	0	INC_SM_BORD_0.391_200	FEASIBLE	5.79487342486624	6.520320413450183	1804.786	-1	2	403
HRC_calib_step_1000:MyLog	R(5,1000,6,0,0.5,4)	5	1000	6	0	INC_SM_BORD_0.719_200	FEASIBLE	6.297633634627785	10.055205648069293	1800.628	-1	1	400
HRC_calib_step_1000:MyLog	R(2,1000,6,0,0.5,4)	2	1000	6	0	INC_SM_BORD_0.2_100	FEASIBLE	4.473313706311551	4.48998139712422	1806.766	-1	4	303
HRC_calib_step_1000:MyLog	R(3,1000,6,0,0.5,4)	3	1000	6	0	INC_SM_BORD_0.391_100	FEASIBLE	5.152169093890064	6.525755381308072	1807.813	-1	2	203
HRC_calib_step_1000:MyLog	R(5,1000,6,0,0.5,4)	5	1000	6	0	INC_SM_BORD_0.719_100	FEASIBLE	9.532111388997036	10.032460787713227	1800.999	-1	3	314
HRC_calib_step_1000:MyLog	R(2,1000,6,0,0.5,4)	2	1000	6	0	INC_SM_BORD_0.2_50	OPTIMAL	4.485557463890675	4.486002619807401	796.748	-1	3	123
HRC_calib_step_1000:MyLog	R(3,1000,6,0,0.5,4)	3	1000	6	0	INC_SM_BORD_0.391_50	FEASIBLE	5.665155651942326	6.54315459472012	1800.871	-1	3	200
HRC_calib_step_1000:MyLog	R(5,1000,6,0,0.5,4)	5	1000	6	0	INC_SM_BORD_0.719_50	FEASIBLE	9.176509404004626	10.03969753423408	1801.523	-1	4	250
HRC_calib_step_sum_1000:MyLog	R(2,1000,4,0,0.5,0)	2	1000	4	0	INC_SM_ECC_SUM_0.2_200	OPTIMAL	2.862367503631391	2.8626514885021965	9.32	-1	1	200
HRC_calib_step_sum_1000:MyLog	R(3,1000,4,0,0.5,0)	3	1000	4	0	INC_SM_ECC_SUM_0.391_200	OPTIMAL	5.462572940050013	5.463109669210068	79.052	-1	2	212
HRC_calib_step_sum_1000:MyLog	R(5,1000,4,0,0.5,0)	5	1000	4	0	INC_SM_ECC_SUM_0.719_200	OPTIMAL	8.578108869197912	8.578963576022042	234.442	-1	2	210
HRC_calib_step_sum_1000:MyLog	R(2,1000,4,0,0.5,0)	2	1000	4	0	INC_SM_ECC_SUM_0.2_100	OPTIMAL	2.8623834614508246	2.8626514885021965	6.007	-1	2	101
HRC_calib_step_sum_1000:MyLog	R(3,1000,4,0,0.5,0)	3	1000	4	0	INC_SM_ECC_SUM_0.391_100	OPTIMAL	5.463109669210068	5.463109669210068	33.858	-1	3	122
HRC_calib_step_sum_1000:MyLog	R(5,1000,4,0,0.5,0)	5	1000	4	0	INC_SM_ECC_SUM_0.719_100	FEASIBLE	8.578105680324544	8.578963576022042	1800.611	-1	28	150
HRC_calib_step_sum_1000:MyLog	R(2,1000,4,0,0.5,0)	2	1000	4	0	INC_SM_ECC_SUM_0.2_50	OPTIMAL	2.8623949661132073	2.8626514885021965	12.51	-1	4	144
HRC_calib_step_sum_1000:MyLog	R(3,1000,4,0,0.5,0)	3	1000	4	0	INC_SM_ECC_SUM_0.391_50	OPTIMAL	5.462566237960863	5.463109669210068	23.911	-1	3	100
HRC_calib_step_sum_1000:MyLog	R(5,1000,4,0,0.5,0)	5	1000	4	0	INC_SM_ECC_SUM_0.719_50	OPTIMAL	8.578106278568558	8.578963576022042	75.658	-1	3	134
HRC_calib_step_sum_1000:MyLog	R(2,1000,4,0,0.5,0)	2	1000	4	0	INC_SM_DIST_SUM_0.2_200	OPTIMAL	2.8624151656685344	2.8626514885021965	8.144	-1	1	200
HRC_calib_step_sum_1000:MyLog	R(3,1000,4,0,0.5,0)	3	1000	4	0	INC_SM_DIST_SUM_0.391_200	OPTIMAL	5.462635908386877	5.463109669210068	122.229	-1	4	216
HRC_calib_step_sum_1000:MyLog	R(5,1000,4,0,0.5,0)	5	1000	4	0	INC_SM_DIST_SUM_0.719_200	OPTIMAL	8.578105932273653	8.578963576022042	349.292	-1	3	209
HRC_calib_step_sum_1000:MyLog	R(2,1000,4,0,0.5,0)	2	1000	4	0	INC_SM_DIST_SUM_0.2_100	OPTIMAL	2.862395900212728	2.8626514885021965	50.145	-1	6	217
HRC_calib_step_sum_1000:MyLog	R(3,1000,4,0,0.5,0)	3	1000	4	0	INC_SM_DIST_SUM_0.391_100	OPTIMAL	5.462565529393407	5.463109669210068	38.673	-1	4	118
HRC_calib_step_sum_1000:MyLog	R(5,1000,4,0,0.5,0)	5	1000	4	0	INC_SM_DIST_SUM_0.719_100	OPTIMAL	8.578116559897913	8.57896357602204	351.92	-1	7	175
HRC_calib_step_sum_1000:MyLog	R(2,1000,4,0,0.5,0)	2	1000	4	0	INC_SM_DIST_SUM_0.2_50	OPTIMAL	2.862651488502196	2.8626514885021965	20.316	-1	6	168
HRC_calib_step_sum_1000:MyLog	R(3,1000,4,0,0.5,0)	3	1000	4	0	INC_SM_DIST_SUM_0.391_50	OPTIMAL	5.462862715385264	5.463109669210068	69.674	-1	7	136
HRC_calib_step_sum_1000:MyLog	R(5,1000,4,0,0.5,0)	5	1000	4	0	INC_SM_DIST_SUM_0.719_50	OPTIMAL	8.578107387575024	8.578963576022042	327.413	-1	6	207
HRC_calib_step_sum_1000:MyLog	R(2,1000,4,0,0.5,1)	2	1000	4	0	INC_SM_ECC_SUM_0.2_200	OPTIMAL	3.980989124671526	3.980989124671525	4.009	-1	1	200
HRC_calib_step_sum_1000:MyLog	R(3,1000,4,0,0.5,1)	3	1000	4	0	INC_SM_ECC_SUM_0.391_200	OPTIMAL	5.185691534419524	5.1861151919178425	17.565	-1	3	205
HRC_calib_step_sum_1000:MyLog	R(5,1000,4,0,0.5,1)	5	1000	4	0	INC_SM_ECC_SUM_0.719_200	OPTIMAL	8.645568823012802	8.646419305778101	305.881	-1	5	232
HRC_calib_step_sum_1000:MyLog	R(2,1000,4,0,0.5,1)	2	1000	4	0	INC_SM_ECC_SUM_0.2_100	OPTIMAL	3.9807111942211924	3.9809891246715248	2.892	-1	2	108
HRC_calib_step_sum_1000:MyLog	R(3,1000,4,0,0.5,1)	3	1000	4	0	INC_SM_ECC_SUM_0.391_100	OPTIMAL	5.185691534419523	5.1861151919178425	11.107	-1	5	125
HRC_calib_step_sum_1000:MyLog	R(5,1000,4,0,0.5,1)	5	1000	4	0	INC_SM_ECC_SUM_0.719_100	OPTIMAL	8.645560156652536	8.646419305778103	197.646	-1	5	192
HRC_calib_step_sum_1000:MyLog	R(2,1000,4,0,0.5,1)	2	1000	4	0	INC_SM_ECC_SUM_0.2_50	OPTIMAL	3.980866056979446	3.9809891246715248	1.622	-1	2	97
HRC_calib_step_sum_1000:MyLog	R(3,1000,4,0,0.5,1)	3	1000	4	0	INC_SM_ECC_SUM_0.391_50	OPTIMAL	5.185687925084624	5.1861151919178425	9.148	-1	6	119
HRC_calib_step_sum_1000:MyLog	R(5,1000,4,0,0.5,1)	5	1000	4	0	INC_SM_ECC_SUM_0.719_50	OPTIMAL	8.645556641308755	8.6464193057781	94.363	-1	7	152
HRC_calib_step_sum_1000:MyLog	R(2,1000,4,0,0.5,1)	2	1000	4	0	INC_SM_DIST_SUM_0.2_200	OPTIMAL	3.9809891246715265	3.9809891246715248	4.549	-1	1	200
HRC_calib_step_sum_1000:MyLog	R(3,1000,4,0,0.5,1)	3	1000	4	0	INC_SM_DIST_SUM_0.391_200	OPTIMAL	5.185840251798464	5.1861151919178425	31.936	-1	5	215
HRC_calib_step_sum_1000:MyLog	R(5,1000,4,0,0.5,1)	5	1000	4	0	INC_SM_DIST_SUM_0.719_200	OPTIMAL	8.645555710237526	8.646419305778101	362.825	-1	6	251
HRC_calib_step_sum_1000:MyLog	R(2,1000,4,0,0.5,1)	2	1000	4	0	INC_SM_DIST_SUM_0.2_100	OPTIMAL	3.980989124671526	3.9809891246715248	1.368	-1	1	100
HRC_calib_step_sum_1000:MyLog	R(3,1000,4,0,0.5,1)	3	1000	4	0	INC_SM_DIST_SUM_0.391_100	OPTIMAL	5.185691534419522	5.1861151919178425	14.141	-1	6	132
HRC_calib_step_sum_1000:MyLog	R(5,1000,4,0,0.5,1)	5	1000	4	0	INC_SM_DIST_SUM_0.719_100	OPTIMAL	8.64557305146899	8.646419305778103	365.962	-1	9	218
HRC_calib_step_sum_1000:MyLog	R(2,1000,4,0,0.5,1)	2	1000	4	0	INC_SM_DIST_SUM_0.2_50	OPTIMAL	3.980746327504834	3.9809891246715248	0.739	-1	1	50
HRC_calib_step_sum_1000:MyLog	R(3,1000,4,0,0.5,1)	3	1000	4	0	INC_SM_DIST_SUM_0.391_50	OPTIMAL	5.185695191481711	5.1861151919178425	32.624	-1	12	166
HRC_calib_step_sum_1000:MyLog	R(5,1000,4,0,0.5,1)	5	1000	4	0	INC_SM_DIST_SUM_0.719_50	OPTIMAL	8.645557459220784	8.646419305778103	310.002	-1	9	213
HRC_calib_step_sum_1000:MyLog	R(2,1000,4,0,0.5,2)	2	1000	4	0	INC_SM_ECC_SUM_0.2_200	OPTIMAL	2.8790303874159227	2.8790303874159227	4.406	-1	1	200
HRC_calib_step_sum_1000:MyLog	R(3,1000,4,0,0.5,2)	3	1000	4	0	INC_SM_ECC_SUM_0.391_200	OPTIMAL	5.715219114520162	5.715755701991133	57.807	-1	3	219
HRC_calib_step_sum_1000:MyLog	R(5,1000,4,0,0.5,2)	5	1000	4	0	INC_SM_ECC_SUM_0.719_200	OPTIMAL	9.920939679146766	9.920939679146768	52.562	-1	2	232
HRC_calib_step_sum_1000:MyLog	R(2,1000,4,0,0.5,2)	2	1000	4	0	INC_SM_ECC_SUM_0.2_100	OPTIMAL	2.8787760580391852	2.8790303874159227	5.238	-1	3	105
HRC_calib_step_sum_1000:MyLog	R(3,1000,4,0,0.5,2)	3	1000	4	0	INC_SM_ECC_SUM_0.391_100	OPTIMAL	5.715210395587455	5.715755701991133	49.509	-1	4	141
HRC_calib_step_sum_1000:MyLog	R(5,1000,4,0,0.5,2)	5	1000	4	0	INC_SM_ECC_SUM_0.719_100	OPTIMAL	9.920563417071014	9.920939679146768	10.772	-1	2	184
HRC_calib_step_sum_1000:MyLog	R(2,1000,4,0,0.5,2)	2	1000	4	0	INC_SM_ECC_SUM_0.2_50	OPTIMAL	2.878940819474652	2.8790303874159227	1.879	-1	2	100
HRC_calib_step_sum_1000:MyLog	R(3,1000,4,0,0.5,2)	3	1000	4	0	INC_SM_ECC_SUM_0.391_50	OPTIMAL	5.715247646312771	5.715755701991133	30.703	-1	5	143
HRC_calib_step_sum_1000:MyLog	R(5,1000,4,0,0.5,2)	5	1000	4	0	INC_SM_ECC_SUM_0.719_50	OPTIMAL	9.920049239283248	9.920939679146768	8.748	-1	3	150
HRC_calib_step_sum_1000:MyLog	R(2,1000,4,0,0.5,2)	2	1000	4	0	INC_SM_DIST_SUM_0.2_200	OPTIMAL	2.8789225848420625	2.8790303874159227	14.82	-1	2	201
HRC_calib_step_sum_1000:MyLog	R(3,1000,4,0,0.5,2)	3	1000	4	0	INC_SM_DIST_SUM_0.391_200	OPTIMAL	5.715755701991133	5.715755701991133	52.332	-1	3	217
HRC_calib_step_sum_1000:MyLog	R(5,1000,4,0,0.5,2)	5	1000	4	0	INC_SM_DIST_SUM_0.719_200	OPTIMAL	9.920372792355902	9.920939679146766	22.225	-1	1	200
HRC_calib_step_sum_1000:MyLog	R(2,1000,4,0,0.5,2)	2	1000	4	0	INC_SM_DIST_SUM_0.2_100	OPTIMAL	2.8787489915932234	2.8790303874159227	9.114	-1	4	113
HRC_calib_step_sum_1000:MyLog	R(3,1000,4,0,0.5,2)	3	1000	4	0	INC_SM_DIST_SUM_0.391_100	OPTIMAL	5.715755701991133	5.715755701991133	51.442	-1	5	145
HRC_calib_step_sum_1000:MyLog	R(5,1000,4,0,0.5,2)	5	1000	4	0	INC_SM_DIST_SUM_0.719_100	OPTIMAL	9.92093967914677	9.920939679146768	3.025	-1	1	100
HRC_calib_step_sum_1000:MyLog	R(2,1000,4,0,0.5,2)	2	1000	4	0	INC_SM_DIST_SUM_0.2_50	OPTIMAL	2.878779771122248	2.8790303874159227	7.109	-1	4	114
HRC_calib_step_sum_1000:MyLog	R(3,1000,4,0,0.5,2)	3	1000	4	0	INC_SM_DIST_SUM_0.391_50	OPTIMAL	5.715192812464633	5.715755701991133	26.257	-1	4	168
HRC_calib_step_sum_1000:MyLog	R(5,1000,4,0,0.5,2)	5	1000	4	0	INC_SM_DIST_SUM_0.719_50	OPTIMAL	9.920939679146766	9.920939679146768	1.571	-1	1	50
HRC_calib_step_sum_1000:MyLog	R(2,1000,4,0,0.5,3)	2	1000	4	0	INC_SM_ECC_SUM_0.2_200	OPTIMAL	2.7464998585221334	2.74676982684441	12.166	-1	1	200
HRC_calib_step_sum_1000:MyLog	R(3,1000,4,0,0.5,3)	3	1000	4	0	INC_SM_ECC_SUM_0.391_200	OPTIMAL	3.988857608223096	3.989224704302379	44.603	-1	2	205
HRC_calib_step_sum_1000:MyLog	R(5,1000,4,0,0.5,3)	5	1000	4	0	INC_SM_ECC_SUM_0.719_200	OPTIMAL	9.4696186316603	9.470072738469977	293.404	-1	4	237
HRC_calib_step_sum_1000:MyLog	R(2,1000,4,0,0.5,3)	2	1000	4	0	INC_SM_ECC_SUM_0.2_100	OPTIMAL	2.7465147433041555	2.74676982684441	4.005	-1	2	102
HRC_calib_step_sum_1000:MyLog	R(3,1000,4,0,0.5,3)	3	1000	4	0	INC_SM_ECC_SUM_0.391_100	OPTIMAL	3.9888472734978304	3.9892247043023787	18.21	-1	3	121
HRC_calib_step_sum_1000:MyLog	R(5,1000,4,0,0.5,3)	5	1000	4	0	INC_SM_ECC_SUM_0.719_100	OPTIMAL	9.469143059260578	9.470072738469977	140.65	-1	4	157
HRC_calib_step_sum_1000:MyLog	R(2,1000,4,0,0.5,3)	2	1000	4	0	INC_SM_ECC_SUM_0.2_50	OPTIMAL	2.7467698268444094	2.74676982684441	4.36	-1	3	102
HRC_calib_step_sum_1000:MyLog	R(3,1000,4,0,0.5,3)	3	1000	4	0	INC_SM_ECC_SUM_0.391_50	OPTIMAL	3.989224704302379	3.989224704302379	7.192	-1	2	97
HRC_calib_step_sum_1000:MyLog	R(5,1000,4,0,0.5,3)	5	1000	4	0	INC_SM_ECC_SUM_0.719_50	OPTIMAL	9.46932338046838	9.470072738469977	270.657	-1	7	136
HRC_calib_step_sum_1000:MyLog	R(2,1000,4,0,0.5,3)	2	1000	4	0	INC_SM_DIST_SUM_0.2_200	OPTIMAL	2.7465180727369485	2.74676982684441	4.439	-1	1	200
HRC_calib_step_sum_1000:MyLog	R(3,1000,4,0,0.5,3)	3	1000	4	0	INC_SM_DIST_SUM_0.391_200	OPTIMAL	3.9888567993269426	3.989224704302379	30.619	-1	2	209
HRC_calib_step_sum_1000:MyLog	R(5,1000,4,0,0.5,3)	5	1000	4	0	INC_SM_DIST_SUM_0.719_200	OPTIMAL	9.469129809183057	9.470072738469977	782.101	-1	7	238
HRC_calib_step_sum_1000:MyLog	R(2,1000,4,0,0.5,3)	2	1000	4	0	INC_SM_DIST_SUM_0.2_100	OPTIMAL	2.746518072736946	2.74676982684441	8.783	-1	4	111
HRC_calib_step_sum_1000:MyLog	R(3,1000,4,0,0.5,3)	3	1000	4	0	INC_SM_DIST_SUM_0.391_100	OPTIMAL	3.989130885403487	3.989224704302379	18.302	-1	3	121
HRC_calib_step_sum_1000:MyLog	R(5,1000,4,0,0.5,3)	5	1000	4	0	INC_SM_DIST_SUM_0.719_100	OPTIMAL	9.46912718866128	9.470072738469977	212.094	-1	7	170
HRC_calib_step_sum_1000:MyLog	R(2,1000,4,0,0.5,3)	2	1000	4	0	INC_SM_DIST_SUM_0.2_50	OPTIMAL	2.7465671272493415	2.74676982684441	7.584	-1	5	119
HRC_calib_step_sum_1000:MyLog	R(3,1000,4,0,0.5,3)	3	1000	4	0	INC_SM_DIST_SUM_0.391_50	OPTIMAL	3.9889796233280936	3.989224704302379	11.555	-1	4	99
HRC_calib_step_sum_1000:MyLog	R(5,1000,4,0,0.5,3)	5	1000	4	0	INC_SM_DIST_SUM_0.719_50	OPTIMAL	9.46913142338365	9.470072738469977	500.744	-1	8	177
HRC_calib_step_sum_1000:MyLog	R(2,1000,4,0,0.5,4)	2	1000	4	0	INC_SM_ECC_SUM_0.2_200	OPTIMAL	2.890204591877098	2.8904663342934587	6.293	-1	1	200
HRC_calib_step_sum_1000:MyLog	R(3,1000,4,0,0.5,4)	3	1000	4	0	INC_SM_ECC_SUM_0.391_200	OPTIMAL	5.208015978733501	5.208525872825286	95.164	-1	4	215
HRC_calib_step_sum_1000:MyLog	R(5,1000,4,0,0.5,4)	5	1000	4	0	INC_SM_ECC_SUM_0.719_200	OPTIMAL	9.434029720277973	9.434971429761505	85.901	-1	2	217
HRC_calib_step_sum_1000:MyLog	R(2,1000,4,0,0.5,4)	2	1000	4	0	INC_SM_ECC_SUM_0.2_100	OPTIMAL	2.8902186801207925	2.8904663342934587	5.202	-1	2	101
HRC_calib_step_sum_1000:MyLog	R(3,1000,4,0,0.5,4)	3	1000	4	0	INC_SM_ECC_SUM_0.391_100	OPTIMAL	5.208058010614903	5.208525872825286	24.131	-1	3	145
HRC_calib_step_sum_1000:MyLog	R(5,1000,4,0,0.5,4)	5	1000	4	0	INC_SM_ECC_SUM_0.719_100	OPTIMAL	9.434048086822791	9.434971429761505	146.988	-1	5	183
HRC_calib_step_sum_1000:MyLog	R(2,1000,4,0,0.5,4)	2	1000	4	0	INC_SM_ECC_SUM_0.2_50	OPTIMAL	2.8902473357867295	2.8904663342934587	5.809	-1	3	150
HRC_calib_step_sum_1000:MyLog	R(3,1000,4,0,0.5,4)	3	1000	4	0	INC_SM_ECC_SUM_0.391_50	OPTIMAL	5.208035571492187	5.208525872825286	31.39	-1	6	121
HRC_calib_step_sum_1000:MyLog	R(5,1000,4,0,0.5,4)	5	1000	4	0	INC_SM_ECC_SUM_0.719_50	OPTIMAL	9.43403035483913	9.434971429761505	186.197	-1	6	175
HRC_calib_step_sum_1000:MyLog	R(2,1000,4,0,0.5,4)	2	1000	4	0	INC_SM_DIST_SUM_0.2_200	OPTIMAL	2.890185719432236	2.8904663342934587	7.576	-1	1	200
HRC_calib_step_sum_1000:MyLog	R(3,1000,4,0,0.5,4)	3	1000	4	0	INC_SM_DIST_SUM_0.391_200	OPTIMAL	5.208014282747934	5.208525872825286	136.048	-1	6	214
HRC_calib_step_sum_1000:MyLog	R(5,1000,4,0,0.5,4)	5	1000	4	0	INC_SM_DIST_SUM_0.719_200	OPTIMAL	9.434028692705303	9.434971429761505	448.217	-1	5	218
HRC_calib_step_sum_1000:MyLog	R(2,1000,4,0,0.5,4)	2	1000	4	0	INC_SM_DIST_SUM_0.2_100	OPTIMAL	2.890225888377541	2.8904663342934587	3.217	-1	1	100
HRC_calib_step_sum_1000:MyLog	R(3,1000,4,0,0.5,4)	3	1000	4	0	INC_SM_DIST_SUM_0.391_100	OPTIMAL	5.208030534193636	5.208525872825286	80.128	-1	8	135
HRC_calib_step_sum_1000:MyLog	R(5,1000,4,0,0.5,4)	5	1000	4	0	INC_SM_DIST_SUM_0.719_100	OPTIMAL	9.434028637209043	9.434971429761505	512.29	-1	9	205
HRC_calib_step_sum_1000:MyLog	R(2,1000,4,0,0.5,4)	2	1000	4	0	INC_SM_DIST_SUM_0.2_50	OPTIMAL	2.890388688424466	2.8904663342934587	8.899	-1	4	158
HRC_calib_step_sum_1000:MyLog	R(3,1000,4,0,0.5,4)	3	1000	4	0	INC_SM_DIST_SUM_0.391_50	OPTIMAL	5.208013845112609	5.208525872825286	131.588	-1	10	202
HRC_calib_step_sum_1000:MyLog	R(5,1000,4,0,0.5,4)	5	1000	4	0	INC_SM_DIST_SUM_0.719_50	OPTIMAL	9.434035055068744	9.434971429761505	136.446	-1	5	201
HRC_calib_step_sum_1000:MyLog	R(2,1000,6,0,0.5,0)	2	1000	6	0	INC_SM_ECC_SUM_0.2_200	FEASIBLE	3.007665379421943	3.887007020230408	1810.619	-1	1	200
HRC_calib_step_sum_1000:MyLog	R(3,1000,6,0,0.5,0)	3	1000	6	0	INC_SM_ECC_SUM_0.391_200	FEASIBLE	6.462824071096017	6.50797986556443	1804.83	-1	2	211
HRC_calib_step_sum_1000:MyLog	R(5,1000,6,0,0.5,0)	5	1000	6	0	INC_SM_ECC_SUM_0.719_200	FEASIBLE	6.576738163218471	9.850742009046739	1805.323	-1	1	217
HRC_calib_step_sum_1000:MyLog	R(2,1000,6,0,0.5,0)	2	1000	6	0	INC_SM_ECC_SUM_0.2_100	FEASIBLE	3.8737015035132214	3.8860761958133123	1801.031	-1	3	202
HRC_calib_step_sum_1000:MyLog	R(3,1000,6,0,0.5,0)	3	1000	6	0	INC_SM_ECC_SUM_0.391_100	FEASIBLE	5.372988066784641	6.536487406553447	1819.331	-1	1	200
HRC_calib_step_sum_1000:MyLog	R(5,1000,6,0,0.5,0)	5	1000	6	0	INC_SM_ECC_SUM_0.719_100	FEASIBLE	8.11617715791964	9.854947091443142	1809.215	-1	1	150
HRC_calib_step_sum_1000:MyLog	R(2,1000,6,0,0.5,0)	2	1000	6	0	INC_SM_ECC_SUM_0.2_50	FEASIBLE	3.691650858688531	3.8769694271372757	1813.934	-1	3	150
HRC_calib_step_sum_1000:MyLog	R(3,1000,6,0,0.5,0)	3	1000	6	0	INC_SM_ECC_SUM_0.391_50	FEASIBLE	6.040617008746453	6.536487406553447	1804.077	-1	2	150
HRC_calib_step_sum_1000:MyLog	R(5,1000,6,0,0.5,0)	5	1000	6	0	INC_SM_ECC_SUM_0.719_50	FEASIBLE	9.350297760501668	9.850048828065132	1809.989	-1	2	126
HRC_calib_step_sum_1000:MyLog	R(2,1000,6,0,0.5,0)	2	1000	6	0	INC_SM_DIST_SUM_0.2_200	FEASIBLE	2.782564248864159	3.89223423730298	1810.783	-1	1	202
HRC_calib_step_sum_1000:MyLog	R(3,1000,6,0,0.5,0)	3	1000	6	0	INC_SM_DIST_SUM_0.391_200	FEASIBLE	4.447433776322904	6.526321171734583	1806.845	-1	1	209
HRC_calib_step_sum_1000:MyLog	R(5,1000,6,0,0.5,0)	5	1000	6	0	INC_SM_DIST_SUM_0.719_200	FEASIBLE	9.754446724307893	9.854947091443142	1800.839	-1	1	213
HRC_calib_step_sum_1000:MyLog	R(2,1000,6,0,0.5,0)	2	1000	6	0	INC_SM_DIST_SUM_0.2_100	FEASIBLE	3.794199020630259	3.8955344285329137	1801.051	-1	2	206
HRC_calib_step_sum_1000:MyLog	R(3,1000,6,0,0.5,0)	3	1000	6	0	INC_SM_DIST_SUM_0.391_100	FEASIBLE	5.284804131788023	6.534825761060887	1817.176	-1	1	183
HRC_calib_step_sum_1000:MyLog	R(5,1000,6,0,0.5,0)	5	1000	6	0	INC_SM_DIST_SUM_0.719_100	FEASIBLE	8.324717843237021	9.853775603945612	1807.288	-1	1	133
HRC_calib_step_sum_1000:MyLog	R(2,1000,6,0,0.5,0)	2	1000	6	0	INC_SM_DIST_SUM_0.2_50	OPTIMAL	3.876602003633672	3.8769694271372757	1026.68	-1	3	150
HRC_calib_step_sum_1000:MyLog	R(3,1000,6,0,0.5,0)	3	1000	6	0	INC_SM_DIST_SUM_0.391_50	FEASIBLE	6.449750293306526	6.50990349697364	1800.549	-1	6	263
HRC_calib_step_sum_1000:MyLog	R(5,1000,6,0,0.5,0)	5	1000	6	0	INC_SM_DIST_SUM_0.719_50	FEASIBLE	9.38260654633416	9.852406529769262	1800.56	-1	1	100
HRC_calib_step_sum_1000:MyLog	R(2,1000,6,0,0.5,1)	2	1000	6	0	INC_SM_ECC_SUM_0.2_200	FEASIBLE	3.0610115241238214	4.1607946669462965	1811.986	-1	1	200
HRC_calib_step_sum_1000:MyLog	R(3,1000,6,0,0.5,1)	3	1000	6	0	INC_SM_ECC_SUM_0.391_200	FEASIBLE	5.7822192214042225	5.820671601165694	1807.917	-1	2	209
HRC_calib_step_sum_1000:MyLog	R(5,1000,6,0,0.5,1)	5	1000	6	0	INC_SM_ECC_SUM_0.719_200	FEASIBLE	9.80758526987946	10.012752898399972	1800.823	-1	2	265
HRC_calib_step_sum_1000:MyLog	R(2,1000,6,0,0.5,1)	2	1000	6	0	INC_SM_ECC_SUM_0.2_100	FEASIBLE	4.160378594162273	4.1607946669462965	1800.549	-1	5	303
HRC_calib_step_sum_1000:MyLog	R(3,1000,6,0,0.5,1)	3	1000	6	0	INC_SM_ECC_SUM_0.391_100	FEASIBLE	4.581863467108173	5.83817278310182	1805.98	-1	1	127
HRC_calib_step_sum_1000:MyLog	R(5,1000,6,0,0.5,1)	5	1000	6	0	INC_SM_ECC_SUM_0.719_100	FEASIBLE	7.879610196356785	10.025942981394994	1807.115	-1	1	200
HRC_calib_step_sum_1000:MyLog	R(2,1000,6,0,0.5,1)	2	1000	6	0	INC_SM_ECC_SUM_0.2_50	FEASIBLE	3.68649366919992	4.379104406412402	1803.138	-1	2	150
HRC_calib_step_sum_1000:MyLog	R(3,1000,6,0,0.5,1)	3	1000	6	0	INC_SM_ECC_SUM_0.391_50	FEASIBLE	5.523003988588956	5.833959676917846	1807.655	-1	2	123
HRC_calib_step_sum_1000:MyLog	R(5,1000,6,0,0.5,1)	5	1000	6	0	INC_SM_ECC_SUM_0.719_50	FEASIBLE	9.260400454650345	10.027054076074416	1800.853	-1	2	150
HRC_calib_step_sum_1000:MyLog	R(2,1000,6,0,0.5,1)	2	1000	6	0	INC_SM_DIST_SUM_0.2_200	FEASIBLE	4.1600954296593216	4.161422432127934	1800.254	-1	4	402
HRC_calib_step_sum_1000:MyLog	R(3,1000,6,0,0.5,1)	3	1000	6	0	INC_SM_DIST_SUM_0.391_200	OPTIMAL	5.80690791670232	5.807488520048823	1120.544	-1	2	211
HRC_calib_step_sum_1000:MyLog	R(5,1000,6,0,0.5,1)	5	1000	6	0	INC_SM_DIST_SUM_0.719_200	FEASIBLE	9.857422462824932	10.020166957071329	1800.538	-1	2	272
HRC_calib_step_sum_1000:MyLog	R(2,1000,6,0,0.5,1)	2	1000	6	0	INC_SM_DIST_SUM_0.2_100	FEASIBLE	3.919520100995494	4.322154313388085	1800.105	-1	3	400
HRC_calib_step_sum_1000:MyLog	R(3,1000,6,0,0.5,1)	3	1000	6	0	INC_SM_DIST_SUM_0.391_100	FEASIBLE	5.039655975856039	5.830504174537997	1813.652	-1	1	129
HRC_calib_step_sum_1000:MyLog	R(5,1000,6,0,0.5,1)	5	1000	6	0	INC_SM_DIST_SUM_0.719_100	FEASIBLE	9.803163193618445	10.023641458913893	1806.576	-1	2	182
HRC_calib_step_sum_1000:MyLog	R(2,1000,6,0,0.5,1)	2	1000	6	0	INC_SM_DIST_SUM_0.2_50	FEASIBLE	3.7385056536553574	4.199699795547955	1801.01	-1	3	200
HRC_calib_step_sum_1000:MyLog	R(3,1000,6,0,0.5,1)	3	1000	6	0	INC_SM_DIST_SUM_0.391_50	FEASIBLE	5.55611042771763	5.832200854390071	1805.689	-1	2	141
HRC_calib_step_sum_1000:MyLog	R(5,1000,6,0,0.5,1)	5	1000	6	0	INC_SM_DIST_SUM_0.719_50	FEASIBLE	9.136419769781236	10.021980116715746	1800.278	-1	1	100
HRC_calib_step_sum_1000:MyLog	R(2,1000,6,0,0.5,2)	2	1000	6	0	INC_SM_ECC_SUM_0.2_200	FEASIBLE	3.119772560350283	3.8423675117860068	1812.848	-1	1	200
HRC_calib_step_sum_1000:MyLog	R(3,1000,6,0,0.5,2)	3	1000	6	0	INC_SM_ECC_SUM_0.391_200	FEASIBLE	6.014347660845997	6.049772429699466	1801.331	-1	2	210
HRC_calib_step_sum_1000:MyLog	R(5,1000,6,0,0.5,2)	5	1000	6	0	INC_SM_ECC_SUM_0.719_200	FEASIBLE	11.069100777598436	11.157675542317321	1803.454	-1	2	237
HRC_calib_step_sum_1000:MyLog	R(2,1000,6,0,0.5,2)	2	1000	6	0	INC_SM_ECC_SUM_0.2_100	OPTIMAL	3.841985553841679	3.8423675117860068	431.958	-1	4	210
HRC_calib_step_sum_1000:MyLog	R(3,1000,6,0,0.5,2)	3	1000	6	0	INC_SM_ECC_SUM_0.391_100	FEASIBLE	5.95317811212414	6.083313808570539	1800.727	-1	1	130
HRC_calib_step_sum_1000:MyLog	R(5,1000,6,0,0.5,2)	5	1000	6	0	INC_SM_ECC_SUM_0.719_100	FEASIBLE	11.092695015480436	11.158187099448412	1800.862	-1	3	208
HRC_calib_step_sum_1000:MyLog	R(2,1000,6,0,0.5,2)	2	1000	6	0	INC_SM_ECC_SUM_0.2_50	FEASIBLE	3.4256081024565903	3.851169408784985	1801.052	-1	4	203
HRC_calib_step_sum_1000:MyLog	R(3,1000,6,0,0.5,2)	3	1000	6	0	INC_SM_ECC_SUM_0.391_50	FEASIBLE	5.910311882732305	6.083313808570539	1801.136	-1	2	150
HRC_calib_step_sum_1000:MyLog	R(5,1000,6,0,0.5,2)	5	1000	6	0	INC_SM_ECC_SUM_0.719_50	FEASIBLE	11.090281718539755	11.145583812832122	1800.546	-1	4	168
HRC_calib_step_sum_1000:MyLog	R(2,1000,6,0,0.5,2)	2	1000	6	0	INC_SM_DIST_SUM_0.2_200	OPTIMAL	3.8422514251292905	3.8426248911300154	249.459	-1	3	203
HRC_calib_step_sum_1000:MyLog	R(3,1000,6,0,0.5,2)	3	1000	6	0	INC_SM_DIST_SUM_0.391_200	FEASIBLE	6.043641327658866	6.05431342130369	1800.421	-1	3	210
HRC_calib_step_sum_1000:MyLog	R(5,1000,6,0,0.5,2)	5	1000	6	0	INC_SM_DIST_SUM_0.719_200	FEASIBLE	7.299910617525414	11.158187099448412	1805.715	-1	1	214
HRC_calib_step_sum_1000:MyLog	R(2,1000,6,0,0.5,2)	2	1000	6	0	INC_SM_DIST_SUM_0.2_100	FEASIBLE	3.595363167256336	3.85165587236981	1817.104	-1	2	204
HRC_calib_step_sum_1000:MyLog	R(3,1000,6,0,0.5,2)	3	1000	6	0	INC_SM_DIST_SUM_0.391_100	FEASIBLE	5.9334913148859965	6.082375733479541	1800.479	-1	2	229
HRC_calib_step_sum_1000:MyLog	R(5,1000,6,0,0.5,2)	5	1000	6	0	INC_SM_DIST_SUM_0.719_100	FEASIBLE	11.034576086638607	11.157813758775575	1800.86	-1	3	237
HRC_calib_step_sum_1000:MyLog	R(2,1000,6,0,0.5,2)	2	1000	6	0	INC_SM_DIST_SUM_0.2_50	FEASIBLE	3.6617215057469243	3.857801630120281	1800.746	-1	3	200
HRC_calib_step_sum_1000:MyLog	R(3,1000,6,0,0.5,2)	3	1000	6	0	INC_SM_DIST_SUM_0.391_50	FEASIBLE	5.996817949547436	6.049772429699466	1807.41	-1	4	180
HRC_calib_step_sum_1000:MyLog	R(5,1000,6,0,0.5,2)	5	1000	6	0	INC_SM_DIST_SUM_0.719_50	FEASIBLE	9.060179494124872	11.155533047955698	1822.252	-1	1	100
HRC_calib_step_sum_1000:MyLog	R(2,1000,6,0,0.5,3)	2	1000	6	0	INC_SM_ECC_SUM_0.2_200	OPTIMAL	4.003547868683935	4.00392787895111	140.552	-1	1	200
HRC_calib_step_sum_1000:MyLog	R(3,1000,6,0,0.5,3)	3	1000	6	0	INC_SM_ECC_SUM_0.391_200	FEASIBLE	5.975973433143389	6.009289867295959	1807.029	-1	2	212
HRC_calib_step_sum_1000:MyLog	R(5,1000,6,0,0.5,3)	5	1000	6	0	INC_SM_ECC_SUM_0.719_200	FEASIBLE	7.33292829776757	9.734009904254325	1800.521	-1	1	236
HRC_calib_step_sum_1000:MyLog	R(2,1000,6,0,0.5,3)	2	1000	6	0	INC_SM_ECC_SUM_0.2_100	FEASIBLE	3.858096982046783	4.020077261382358	1819.852	-1	1	117
HRC_calib_step_sum_1000:MyLog	R(3,1000,6,0,0.5,3)	3	1000	6	0	INC_SM_ECC_SUM_0.391_100	FEASIBLE	5.204632868226033	6.030553966130857	1807.922	-1	1	128
HRC_calib_step_sum_1000:MyLog	R(5,1000,6,0,0.5,3)	5	1000	6	0	INC_SM_ECC_SUM_0.719_100	FEASIBLE	8.68462845918811	9.73915130803267	1800.381	-1	1	178
HRC_calib_step_sum_1000:MyLog	R(2,1000,6,0,0.5,3)	2	1000	6	0	INC_SM_ECC_SUM_0.2_50	FEASIBLE	4.001805685783841	4.00392787895111	1803.677	-1	5	203
HRC_calib_step_sum_1000:MyLog	R(3,1000,6,0,0.5,3)	3	1000	6	0	INC_SM_ECC_SUM_0.391_50	FEASIBLE	5.629474592772724	6.030553966130857	1800.668	-1	2	150
HRC_calib_step_sum_1000:MyLog	R(5,1000,6,0,0.5,3)	5	1000	6	0	INC_SM_ECC_SUM_0.719_50	FEASIBLE	8.88453158537889	9.751611344076169	1800.923	-1	2	150
HRC_calib_step_sum_1000:MyLog	R(2,1000,6,0,0.5,3)	2	1000	6	0	INC_SM_DIST_SUM_0.2_200	FEASIBLE	3.1429794118666927	4.00392787895111	1811.908	-1	1	200
HRC_calib_step_sum_1000:MyLog	R(3,1000,6,0,0.5,3)	3	1000	6	0	INC_SM_DIST_SUM_0.391_200	FEASIBLE	5.991260640728198	6.011167275677063	1803.703	-1	3	225
HRC_calib_step_sum_1000:MyLog	R(5,1000,6,0,0.5,3)	5	1000	6	0	INC_SM_DIST_SUM_0.719_200	FEASIBLE	9.672980627334764	9.73482468834752	1801.035	-1	3	253
HRC_calib_step_sum_1000:MyLog	R(2,1000,6,0,0.5,3)	2	1000	6	0	INC_SM_DIST_SUM_0.2_100	FEASIBLE	3.9730125411807666	4.006868451583054	1801.054	-1	4	232
HRC_calib_step_sum_1000:MyLog	R(3,1000,6,0,0.5,3)	3	1000	6	0	INC_SM_DIST_SUM_0.391_100	FEASIBLE	5.882824553321795	6.011006898608029	1818.895	-1	2	171
HRC_calib_step_sum_1000:MyLog	R(5,1000,6,0,0.5,3)	5	1000	6	0	INC_SM_DIST_SUM_0.719_100	FEASIBLE	8.13736251033237	9.729683284569177	1807.217	-1	1	161
HRC_calib_step_sum_1000:MyLog	R(2,1000,6,0,0.5,3)	2	1000	6	0	INC_SM_DIST_SUM_0.2_50	FEASIBLE	3.8312388072903616	4.02007726138236	1800.182	-1	4	250
HRC_calib_step_sum_1000:MyLog	R(3,1000,6,0,0.5,3)	3	1000	6	0	INC_SM_DIST_SUM_0.391_50	FEASIBLE	5.690536049090271	6.014517915869039	1806.25	-1	2	124
HRC_calib_step_sum_1000:MyLog	R(5,1000,6,0,0.5,3)	5	1000	6	0	INC_SM_DIST_SUM_0.719_50	FEASIBLE	9.336703647661922	9.728595179549945	1800.405	-1	1	100
HRC_calib_step_sum_1000:MyLog	R(2,1000,6,0,0.5,4)	2	1000	6	0	INC_SM_ECC_SUM_0.2_200	OPTIMAL	4.485554655414043	4.486002619807401	135.752	-1	1	200
HRC_calib_step_sum_1000:MyLog	R(3,1000,6,0,0.5,4)	3	1000	6	0	INC_SM_ECC_SUM_0.391_200	OPTIMAL	6.5048148863879	6.505464913161132	934.784	-1	2	209
HRC_calib_step_sum_1000:MyLog	R(5,1000,6,0,0.5,4)	5	1000	6	0	INC_SM_ECC_SUM_0.719_200	FEASIBLE	9.922332125936865	10.03969753423408	1801.868	-1	2	237
HRC_calib_step_sum_1000:MyLog	R(2,1000,6,0,0.5,4)	2	1000	6	0	INC_SM_ECC_SUM_0.2_100	FEASIBLE	4.422749762240341	4.48998139712422	1801.036	-1	2	117
HRC_calib_step_sum_1000:MyLog	R(3,1000,6,0,0.5,4)	3	1000	6	0	INC_SM_ECC_SUM_0.391_100	FEASIBLE	5.62521185821571	6.54315459472012	1818.734	-1	1	200
HRC_calib_step_sum_1000:MyLog	R(5,1000,6,0,0.5,4)	5	1000	6	0	INC_SM_ECC_SUM_0.719_100	FEASIBLE	8.479002325378229	10.055205648069293	1810.244	-1	1	195
HRC_calib_step_sum_1000:MyLog	R(2,1000,6,0,0.5,4)	2	1000	6	0	INC_SM_ECC_SUM_0.2_50	FEASIBLE	4.370834785805423	4.501180115310167	1800.127	-1	3	182
HRC_calib_step_sum_1000:MyLog	R(3,1000,6,0,0.5,4)	3	1000	6	0	INC_SM_ECC_SUM_0.391_50	FEASIBLE	5.694993673927058	6.54315459472012	1812.851	-1	2	150
HRC_calib_step_sum_1000:MyLog	R(5,1000,6,0,0.5,4)	5	1000	6	0	INC_SM_ECC_SUM_0.719_50	FEASIBLE	9.003874066905976	10.04202425503222	1800.953	-1	2	137
HRC_calib_step_sum_1000:MyLog	R(2,1000,6,0,0.5,4)	2	1000	6	0	INC_SM_DIST_SUM_0.2_200	FEASIBLE	4.0298243969618985	4.48998139712422	1808.65	-1	1	204
HRC_calib_step_sum_1000:MyLog	R(3,1000,6,0,0.5,4)	3	1000	6	0	INC_SM_DIST_SUM_0.391_200	FEASIBLE	4.462676100727706	6.530261100618906	1804.403	-1	1	223
HRC_calib_step_sum_1000:MyLog	R(5,1000,6,0,0.5,4)	5	1000	6	0	INC_SM_DIST_SUM_0.719_200	FEASIBLE	9.923297725550492	10.011447132897674	1801.086	-1	2	242
HRC_calib_step_sum_1000:MyLog	R(2,1000,6,0,0.5,4)	2	1000	6	0	INC_SM_DIST_SUM_0.2_100	FEASIBLE	4.36963381413959	4.507906831518942	1816.968	-1	2	203
HRC_calib_step_sum_1000:MyLog	R(3,1000,6,0,0.5,4)	3	1000	6	0	INC_SM_DIST_SUM_0.391_100	FEASIBLE	5.500407767413268	6.54315459472012	1811.753	-1	1	193
HRC_calib_step_sum_1000:MyLog	R(5,1000,6,0,0.5,4)	5	1000	6	0	INC_SM_DIST_SUM_0.719_100	FEASIBLE	8.324516059007804	10.032657564539948	1809.152	-1	1	159
HRC_calib_step_sum_1000:MyLog	R(2,1000,6,0,0.5,4)	2	1000	6	0	INC_SM_DIST_SUM_0.2_50	FEASIBLE	4.370834673977843	4.504817702403116	1800.234	-1	3	182
HRC_calib_step_sum_1000:MyLog	R(3,1000,6,0,0.5,4)	3	1000	6	0	INC_SM_DIST_SUM_0.391_50	FEASIBLE	6.309332084352721	6.533096291815999	1807.664	-1	3	158
HRC_calib_step_sum_1000:MyLog	R(5,1000,6,0,0.5,4)	5	1000	6	0	INC_SM_DIST_SUM_0.719_50	FEASIBLE	9.22580589716898	10.040953315212867	1801.5	-1	2	150
